--
-- PostgreSQL database dump
--

-- Dumped from database version 13.9
-- Dumped by pg_dump version 15.2 (Homebrew)

-- Started on 2023-04-19 08:57:28 CEST

SET statement_timeout = 0;
SET lock_timeout = 0;
SET idle_in_transaction_session_timeout = 0;
SET client_encoding = 'UTF8';
SET standard_conforming_strings = on;
SELECT pg_catalog.set_config('search_path', '', false);
SET check_function_bodies = false;
SET xmloption = content;
SET client_min_messages = warning;
SET row_security = off;

--
-- TOC entry 8 (class 2615 OID 24838)
-- Name: assessment; Type: SCHEMA; Schema: -; Owner: vfkladmin
--

CREATE SCHEMA assessment;


ALTER SCHEMA assessment OWNER TO vfkladmin;

--
-- TOC entry 7 (class 2615 OID 24837)
-- Name: invitations; Type: SCHEMA; Schema: -; Owner: vfkladmin
--

CREATE SCHEMA invitations;


ALTER SCHEMA invitations OWNER TO vfkladmin;

--
-- TOC entry 6 (class 2615 OID 2200)
-- Name: public; Type: SCHEMA; Schema: -; Owner: azure_pg_admin
--

-- *not* creating schema, since initdb creates it


ALTER SCHEMA public OWNER TO azure_pg_admin;

--
-- TOC entry 9 (class 2615 OID 24839)
-- Name: userprofile; Type: SCHEMA; Schema: -; Owner: vfkladmin
--

CREATE SCHEMA userprofile;


ALTER SCHEMA userprofile OWNER TO vfkladmin;

--
-- TOC entry 2 (class 3079 OID 25439)
-- Name: dblink; Type: EXTENSION; Schema: -; Owner: -
--

CREATE EXTENSION IF NOT EXISTS dblink WITH SCHEMA public;


--
-- TOC entry 3858 (class 0 OID 0)
-- Dependencies: 2
-- Name: EXTENSION dblink; Type: COMMENT; Schema: -; Owner: 
--

COMMENT ON EXTENSION dblink IS 'connect to other PostgreSQL databases from within a database';


--
-- TOC entry 239 (class 1255 OID 25246)
-- Name: insert_answers(integer, integer, integer, character varying); Type: PROCEDURE; Schema: assessment; Owner: vfkladmin
--

CREATE PROCEDURE assessment.insert_answers(assessmentid integer, questionid integer, answertypeid integer, reason character varying)
    LANGUAGE plpgsql
    AS $$
BEGIN
	IF NOT EXISTS(SELECT * FROM assessment.answers where assessment_id_fk =assessmentid and question_id_fk = questionid) THEN
		INSERT INTO assessment.answers (assessment_id_fk, question_id_fk,answertype_id_fk,reason) VALUES (assessmentid, questionid,answertypeid,reason);
	END IF;
END
$$;


ALTER PROCEDURE assessment.insert_answers(assessmentid integer, questionid integer, answertypeid integer, reason character varying) OWNER TO vfkladmin;

--
-- TOC entry 240 (class 1255 OID 25247)
-- Name: insert_assessment(integer, character varying, character varying, character varying, timestamp without time zone); Type: PROCEDURE; Schema: assessment; Owner: vfkladmin
--

CREATE PROCEDURE assessment.insert_assessment(userid integer, teachingaid character varying, instanceid character varying, groupassessmentid character varying, createddatetime timestamp without time zone)
    LANGUAGE plpgsql
    AS $$
BEGIN
	IF NOT EXISTS(SELECT * FROM assessment.assessment where instance_id = instanceid) THEN
		INSERT INTO assessment.assessment (user_id_fk, teachingaid,instance_id, groupassessment_id_fk, created_datetime) VALUES (userid, teachingaid,instanceid,groupassessmentid, createddatetime);
	END IF;
END
$$;


ALTER PROCEDURE assessment.insert_assessment(userid integer, teachingaid character varying, instanceid character varying, groupassessmentid character varying, createddatetime timestamp without time zone) OWNER TO vfkladmin;

--
-- TOC entry 243 (class 1255 OID 25429)
-- Name: insert_assessment(integer, character varying, character varying, character varying, timestamp without time zone, character varying, character varying); Type: PROCEDURE; Schema: assessment; Owner: vfkladmin
--

CREATE PROCEDURE assessment.insert_assessment(userid integer, teachingaid character varying, instanceid character varying, groupassessmentid character varying, createddatetime timestamp without time zone, usercomments character varying, teachingaidsupplier character varying)
    LANGUAGE plpgsql
    AS $$
BEGIN
IF NOT EXISTS(SELECT * FROM assessment.assessment where instance_id = instanceid) THEN
INSERT INTO assessment.assessment (user_id_fk, teachingaid,instance_id, groupassessment_id_fk, created_datetime, user_comments, teachingaid_supplier) VALUES (userid, teachingaid,instanceid,groupassessmentid, createddatetime, usercomments, teachingaidsupplier);
END IF;
END
$$;


ALTER PROCEDURE assessment.insert_assessment(userid integer, teachingaid character varying, instanceid character varying, groupassessmentid character varying, createddatetime timestamp without time zone, usercomments character varying, teachingaidsupplier character varying) OWNER TO vfkladmin;

--
-- TOC entry 242 (class 1255 OID 25356)
-- Name: insert_invitation(integer, character varying, character varying, character varying, character varying, character varying, character varying, integer, character varying, character varying); Type: PROCEDURE; Schema: invitations; Owner: vfkladmin
--

CREATE PROCEDURE invitations.insert_invitation(userid integer, gvid character varying, frist character varying, laeremiddel character varying, laereplan character varying, mottakereposter character varying, opprettetdato character varying, assessmenttypeid integer, laereplankode character varying, bortvalgtsporsmaal character varying)
    LANGUAGE plpgsql
    AS $$
BEGIN
	IF NOT EXISTS(SELECT * FROM invitations.invitations where gv_id = gvid) THEN
		INSERT INTO invitations.invitations (user_id_fk, gv_id, frist, laeremiddel, laereplan, mottaker_eposter, opprettet_dato,assessmenttype_id_fk,laereplankode,bortvalgtsporsmaal) 
		VALUES (userid, gvid, frist, laeremiddel, laereplan, mottakereposter,opprettetdato,assessmenttypeid,laereplankode,bortvalgtsporsmaal);
	END IF;
END
$$;


ALTER PROCEDURE invitations.insert_invitation(userid integer, gvid character varying, frist character varying, laeremiddel character varying, laereplan character varying, mottakereposter character varying, opprettetdato character varying, assessmenttypeid integer, laereplankode character varying, bortvalgtsporsmaal character varying) OWNER TO vfkladmin;

--
-- TOC entry 244 (class 1255 OID 25430)
-- Name: insert_invitation(integer, character varying, character varying, character varying, character varying, character varying, character varying, integer, character varying, character varying, character varying); Type: PROCEDURE; Schema: invitations; Owner: vfkladmin
--

CREATE PROCEDURE invitations.insert_invitation(userid integer, gvid character varying, frist character varying, laeremiddel character varying, laereplan character varying, mottakereposter character varying, opprettetdato character varying, assessmenttypeid integer, laereplankode character varying, bortvalgtsporsmaal character varying, laeremiddelleverandor character varying)
    LANGUAGE plpgsql
    AS $$
BEGIN
IF NOT EXISTS(SELECT * FROM invitations.invitations where gv_id = gvid) THEN
INSERT INTO invitations.invitations (user_id_fk, gv_id, frist, laeremiddel, laereplan, mottaker_eposter, opprettet_dato,assessmenttype_id_fk,laereplankode,bortvalgtsporsmaal, laeremiddel_leverandor)
VALUES (userid, gvid, frist, laeremiddel, laereplan, mottakereposter,opprettetdato,assessmenttypeid,laereplankode,bortvalgtsporsmaal, laeremiddelleverandor);
END IF;
END
$$;


ALTER PROCEDURE invitations.insert_invitation(userid integer, gvid character varying, frist character varying, laeremiddel character varying, laereplan character varying, mottakereposter character varying, opprettetdato character varying, assessmenttypeid integer, laereplankode character varying, bortvalgtsporsmaal character varying, laeremiddelleverandor character varying) OWNER TO vfkladmin;

--
-- TOC entry 241 (class 1255 OID 25249)
-- Name: insert_user(character varying, character varying); Type: PROCEDURE; Schema: userprofile; Owner: vfkladmin
--

CREATE PROCEDURE userprofile.insert_user(feideid character varying, username character varying)
    LANGUAGE plpgsql
    AS $$
BEGIN
	IF NOT EXISTS(SELECT * FROM userprofile.userprofile where feide_id =feideid) THEN
		INSERT INTO userprofile.userprofile (feide_id, name) VALUES (feideid,username);
	END IF;
END
$$;


ALTER PROCEDURE userprofile.insert_user(feideid character varying, username character varying) OWNER TO vfkladmin;

--
-- TOC entry 1915 (class 1417 OID 25487)
-- Name: dblink_stage; Type: SERVER; Schema: -; Owner: vfkladmin
--

CREATE SERVER dblink_stage FOREIGN DATA WRAPPER dblink_fdw OPTIONS (
    dbname 'vfkl',
    host 'vfklstaging.postgres.database.azure.com',
    port '5432'
);


ALTER SERVER dblink_stage OWNER TO vfkladmin;

--
-- TOC entry 3875 (class 0 OID 0)
-- Name: USER MAPPING vfkladmin SERVER dblink_stage; Type: USER MAPPING; Schema: -; Owner: vfkladmin
--

CREATE USER MAPPING FOR vfkladmin SERVER dblink_stage OPTIONS (
    password 'jPfPm7yN9uD8wk3SJXFT',
    "user" 'vfkladmin'
);


SET default_tablespace = '';

SET default_table_access_method = heap;

--
-- TOC entry 214 (class 1259 OID 25222)
-- Name: answers; Type: TABLE; Schema: assessment; Owner: vfkladmin
--

CREATE TABLE assessment.answers (
    id integer NOT NULL,
    assessment_id_fk integer NOT NULL,
    question_id_fk integer NOT NULL,
    answertype_id_fk integer NOT NULL,
    reason character varying
);


ALTER TABLE assessment.answers OWNER TO vfkladmin;

--
-- TOC entry 213 (class 1259 OID 25220)
-- Name: answers_id_seq; Type: SEQUENCE; Schema: assessment; Owner: vfkladmin
--

CREATE SEQUENCE assessment.answers_id_seq
    AS integer
    START WITH 1
    INCREMENT BY 1
    NO MINVALUE
    NO MAXVALUE
    CACHE 1;


ALTER TABLE assessment.answers_id_seq OWNER TO vfkladmin;

--
-- TOC entry 3876 (class 0 OID 0)
-- Dependencies: 213
-- Name: answers_id_seq; Type: SEQUENCE OWNED BY; Schema: assessment; Owner: vfkladmin
--

ALTER SEQUENCE assessment.answers_id_seq OWNED BY assessment.answers.id;


--
-- TOC entry 207 (class 1259 OID 25155)
-- Name: answertype; Type: TABLE; Schema: assessment; Owner: vfkladmin
--

CREATE TABLE assessment.answertype (
    answertype_id integer NOT NULL,
    name character varying NOT NULL,
    description character varying NOT NULL
);


ALTER TABLE assessment.answertype OWNER TO vfkladmin;

--
-- TOC entry 206 (class 1259 OID 25153)
-- Name: answertype_answertype_id_seq; Type: SEQUENCE; Schema: assessment; Owner: vfkladmin
--

CREATE SEQUENCE assessment.answertype_answertype_id_seq
    AS integer
    START WITH 1
    INCREMENT BY 1
    NO MINVALUE
    NO MAXVALUE
    CACHE 1;


ALTER TABLE assessment.answertype_answertype_id_seq OWNER TO vfkladmin;

--
-- TOC entry 3877 (class 0 OID 0)
-- Dependencies: 206
-- Name: answertype_answertype_id_seq; Type: SEQUENCE OWNED BY; Schema: assessment; Owner: vfkladmin
--

ALTER SEQUENCE assessment.answertype_answertype_id_seq OWNED BY assessment.answertype.answertype_id;


--
-- TOC entry 219 (class 1259 OID 25289)
-- Name: answertypetextresources; Type: TABLE; Schema: assessment; Owner: vfkladmin
--

CREATE TABLE assessment.answertypetextresources (
    id integer NOT NULL,
    answertype_id_fk integer NOT NULL,
    name character varying NOT NULL,
    description character varying,
    language_id_fk integer NOT NULL
);


ALTER TABLE assessment.answertypetextresources OWNER TO vfkladmin;

--
-- TOC entry 218 (class 1259 OID 25287)
-- Name: answertypetextresources_id_seq; Type: SEQUENCE; Schema: assessment; Owner: vfkladmin
--

CREATE SEQUENCE assessment.answertypetextresources_id_seq
    AS integer
    START WITH 1
    INCREMENT BY 1
    NO MINVALUE
    NO MAXVALUE
    CACHE 1;


ALTER TABLE assessment.answertypetextresources_id_seq OWNER TO vfkladmin;

--
-- TOC entry 3878 (class 0 OID 0)
-- Dependencies: 218
-- Name: answertypetextresources_id_seq; Type: SEQUENCE OWNED BY; Schema: assessment; Owner: vfkladmin
--

ALTER SEQUENCE assessment.answertypetextresources_id_seq OWNED BY assessment.answertypetextresources.id;


--
-- TOC entry 212 (class 1259 OID 25201)
-- Name: assessment; Type: TABLE; Schema: assessment; Owner: vfkladmin
--

CREATE TABLE assessment.assessment (
    assessment_id integer NOT NULL,
    user_id_fk integer NOT NULL,
    teachingaid character varying(1000) NOT NULL,
    instance_id character varying NOT NULL,
    groupassessment_id_fk character varying,
    created_datetime timestamp without time zone,
    user_comments character varying,
    teachingaid_supplier character varying
);


ALTER TABLE assessment.assessment OWNER TO vfkladmin;

--
-- TOC entry 211 (class 1259 OID 25199)
-- Name: assessment_assessment_id_seq; Type: SEQUENCE; Schema: assessment; Owner: vfkladmin
--

CREATE SEQUENCE assessment.assessment_assessment_id_seq
    AS integer
    START WITH 1
    INCREMENT BY 1
    NO MINVALUE
    NO MAXVALUE
    CACHE 1;


ALTER TABLE assessment.assessment_assessment_id_seq OWNER TO vfkladmin;

--
-- TOC entry 3879 (class 0 OID 0)
-- Dependencies: 211
-- Name: assessment_assessment_id_seq; Type: SEQUENCE OWNED BY; Schema: assessment; Owner: vfkladmin
--

ALTER SEQUENCE assessment.assessment_assessment_id_seq OWNED BY assessment.assessment.assessment_id;


--
-- TOC entry 205 (class 1259 OID 25144)
-- Name: category; Type: TABLE; Schema: assessment; Owner: vfkladmin
--

CREATE TABLE assessment.category (
    category_id integer NOT NULL,
    name character varying NOT NULL,
    description character varying NOT NULL
);


ALTER TABLE assessment.category OWNER TO vfkladmin;

--
-- TOC entry 204 (class 1259 OID 25142)
-- Name: category_category_id_seq; Type: SEQUENCE; Schema: assessment; Owner: vfkladmin
--

CREATE SEQUENCE assessment.category_category_id_seq
    AS integer
    START WITH 1
    INCREMENT BY 1
    NO MINVALUE
    NO MAXVALUE
    CACHE 1;


ALTER TABLE assessment.category_category_id_seq OWNER TO vfkladmin;

--
-- TOC entry 3880 (class 0 OID 0)
-- Dependencies: 204
-- Name: category_category_id_seq; Type: SEQUENCE OWNED BY; Schema: assessment; Owner: vfkladmin
--

ALTER SEQUENCE assessment.category_category_id_seq OWNED BY assessment.category.category_id;


--
-- TOC entry 217 (class 1259 OID 25268)
-- Name: categorytextresources; Type: TABLE; Schema: assessment; Owner: vfkladmin
--

CREATE TABLE assessment.categorytextresources (
    id integer NOT NULL,
    category_id_fk integer NOT NULL,
    name character varying NOT NULL,
    description character varying,
    language_id_fk integer NOT NULL
);


ALTER TABLE assessment.categorytextresources OWNER TO vfkladmin;

--
-- TOC entry 216 (class 1259 OID 25266)
-- Name: categorytextresources_id_seq; Type: SEQUENCE; Schema: assessment; Owner: vfkladmin
--

CREATE SEQUENCE assessment.categorytextresources_id_seq
    AS integer
    START WITH 1
    INCREMENT BY 1
    NO MINVALUE
    NO MAXVALUE
    CACHE 1;


ALTER TABLE assessment.categorytextresources_id_seq OWNER TO vfkladmin;

--
-- TOC entry 3881 (class 0 OID 0)
-- Dependencies: 216
-- Name: categorytextresources_id_seq; Type: SEQUENCE OWNED BY; Schema: assessment; Owner: vfkladmin
--

ALTER SEQUENCE assessment.categorytextresources_id_seq OWNED BY assessment.categorytextresources.id;


--
-- TOC entry 224 (class 1259 OID 25368)
-- Name: question; Type: TABLE; Schema: assessment; Owner: vfkladmin
--

CREATE TABLE assessment.question (
    question_id integer NOT NULL,
    question character varying NOT NULL,
    question_id_inform character varying(4) NOT NULL,
    category_id_fk integer NOT NULL,
    assessmenttype_id_fk integer NOT NULL
);


ALTER TABLE assessment.question OWNER TO vfkladmin;

--
-- TOC entry 221 (class 1259 OID 25310)
-- Name: questiontextresources; Type: TABLE; Schema: assessment; Owner: vfkladmin
--

CREATE TABLE assessment.questiontextresources (
    text_id integer NOT NULL,
    question_id_fk integer NOT NULL,
    question character varying NOT NULL,
    language_id_fk integer NOT NULL
);


ALTER TABLE assessment.questiontextresources OWNER TO vfkladmin;

--
-- TOC entry 220 (class 1259 OID 25308)
-- Name: questiontextresources_text_id_seq; Type: SEQUENCE; Schema: assessment; Owner: vfkladmin
--

CREATE SEQUENCE assessment.questiontextresources_text_id_seq
    AS integer
    START WITH 1
    INCREMENT BY 1
    NO MINVALUE
    NO MAXVALUE
    CACHE 1;


ALTER TABLE assessment.questiontextresources_text_id_seq OWNER TO vfkladmin;

--
-- TOC entry 3882 (class 0 OID 0)
-- Dependencies: 220
-- Name: questiontextresources_text_id_seq; Type: SEQUENCE OWNED BY; Schema: assessment; Owner: vfkladmin
--

ALTER SEQUENCE assessment.questiontextresources_text_id_seq OWNED BY assessment.questiontextresources.text_id;


--
-- TOC entry 226 (class 1259 OID 25489)
-- Name: stage_answers; Type: TABLE; Schema: assessment; Owner: vfkladmin
--

CREATE TABLE assessment.stage_answers (
    id integer,
    assessment_id_fk integer,
    question_id_fk integer,
    answertype_id_fk integer,
    reason character varying
);


ALTER TABLE assessment.stage_answers OWNER TO vfkladmin;

--
-- TOC entry 227 (class 1259 OID 25495)
-- Name: stage_answertype; Type: TABLE; Schema: assessment; Owner: vfkladmin
--

CREATE TABLE assessment.stage_answertype (
    answertype_id integer,
    name character varying,
    description character varying
);


ALTER TABLE assessment.stage_answertype OWNER TO vfkladmin;

--
-- TOC entry 228 (class 1259 OID 25501)
-- Name: stage_answertypetextresources; Type: TABLE; Schema: assessment; Owner: vfkladmin
--

CREATE TABLE assessment.stage_answertypetextresources (
    id integer,
    answertype_id_fk integer,
    name character varying,
    description character varying,
    language_id_fk integer
);


ALTER TABLE assessment.stage_answertypetextresources OWNER TO vfkladmin;

--
-- TOC entry 229 (class 1259 OID 25507)
-- Name: stage_assessment; Type: TABLE; Schema: assessment; Owner: vfkladmin
--

CREATE TABLE assessment.stage_assessment (
    assessment_id integer,
    user_id_fk integer,
    teachingaid character varying,
    instance_id character varying,
    groupassessment_id_fk character varying,
    created_datetime date
);


ALTER TABLE assessment.stage_assessment OWNER TO vfkladmin;

--
-- TOC entry 230 (class 1259 OID 25513)
-- Name: stage_category; Type: TABLE; Schema: assessment; Owner: vfkladmin
--

CREATE TABLE assessment.stage_category (
    category_id integer,
    name character varying,
    description character varying
);


ALTER TABLE assessment.stage_category OWNER TO vfkladmin;

--
-- TOC entry 231 (class 1259 OID 25519)
-- Name: stage_categorytextresources; Type: TABLE; Schema: assessment; Owner: vfkladmin
--

CREATE TABLE assessment.stage_categorytextresources (
    id integer,
    category_id_fk integer,
    name character varying,
    description character varying,
    language_id_fk integer
);


ALTER TABLE assessment.stage_categorytextresources OWNER TO vfkladmin;

--
-- TOC entry 232 (class 1259 OID 25525)
-- Name: stage_question; Type: TABLE; Schema: assessment; Owner: vfkladmin
--

CREATE TABLE assessment.stage_question (
    question_id integer,
    question character varying,
    question_id_inform character varying,
    category_id_fk integer,
    assessmenttype_id_fk integer
);


ALTER TABLE assessment.stage_question OWNER TO vfkladmin;

--
-- TOC entry 233 (class 1259 OID 25531)
-- Name: stage_questiontextresources; Type: TABLE; Schema: assessment; Owner: vfkladmin
--

CREATE TABLE assessment.stage_questiontextresources (
    text_id integer,
    question_id_fk integer,
    question character varying,
    language_id_fk integer
);


ALTER TABLE assessment.stage_questiontextresources OWNER TO vfkladmin;

--
-- TOC entry 210 (class 1259 OID 25191)
-- Name: invitations; Type: TABLE; Schema: invitations; Owner: vfkladmin
--

CREATE TABLE invitations.invitations (
    user_id_fk integer NOT NULL,
    gv_id character varying NOT NULL,
    frist character varying,
    laeremiddel character varying,
    laereplan character varying,
    mottaker_eposter character varying,
    opprettet_dato character varying,
    assessmenttype_id_fk integer,
    laereplankode character varying,
    bortvalgtsporsmaal character varying,
    laeremiddel_leverandor character varying
);


ALTER TABLE invitations.invitations OWNER TO vfkladmin;

--
-- TOC entry 234 (class 1259 OID 25537)
-- Name: stage_invitations; Type: TABLE; Schema: invitations; Owner: vfkladmin
--

CREATE TABLE invitations.stage_invitations (
    user_id_fk integer,
    gv_id character varying,
    frist character varying,
    laeremiddel character varying,
    laereplan character varying,
    mottaker_eposter character varying,
    opprettet_dato character varying
);


ALTER TABLE invitations.stage_invitations OWNER TO vfkladmin;

--
-- TOC entry 223 (class 1259 OID 25335)
-- Name: assessmenttype; Type: TABLE; Schema: public; Owner: vfkladmin
--

CREATE TABLE public.assessmenttype (
    assessmenttype_id integer NOT NULL,
    name character varying,
    description character varying
);


ALTER TABLE public.assessmenttype OWNER TO vfkladmin;

--
-- TOC entry 222 (class 1259 OID 25333)
-- Name: assessmenttype_assessmenttype_id_seq; Type: SEQUENCE; Schema: public; Owner: vfkladmin
--

CREATE SEQUENCE public.assessmenttype_assessmenttype_id_seq
    AS integer
    START WITH 1
    INCREMENT BY 1
    NO MINVALUE
    NO MAXVALUE
    CACHE 1;


ALTER TABLE public.assessmenttype_assessmenttype_id_seq OWNER TO vfkladmin;

--
-- TOC entry 3942 (class 0 OID 0)
-- Dependencies: 222
-- Name: assessmenttype_assessmenttype_id_seq; Type: SEQUENCE OWNED BY; Schema: public; Owner: vfkladmin
--

ALTER SEQUENCE public.assessmenttype_assessmenttype_id_seq OWNED BY public.assessmenttype.assessmenttype_id;


--
-- TOC entry 215 (class 1259 OID 25258)
-- Name: languagetype; Type: TABLE; Schema: public; Owner: vfkladmin
--

CREATE TABLE public.languagetype (
    language_id integer NOT NULL,
    language_code character varying NOT NULL,
    language_title character varying NOT NULL
);


ALTER TABLE public.languagetype OWNER TO vfkladmin;

--
-- TOC entry 235 (class 1259 OID 25543)
-- Name: stage_assessmenttype; Type: TABLE; Schema: public; Owner: vfkladmin
--

CREATE TABLE public.stage_assessmenttype (
    assessmenttype_id integer,
    name character varying,
    description character varying
);


ALTER TABLE public.stage_assessmenttype OWNER TO vfkladmin;

--
-- TOC entry 236 (class 1259 OID 25549)
-- Name: stage_languagetype; Type: TABLE; Schema: public; Owner: vfkladmin
--

CREATE TABLE public.stage_languagetype (
    language_id integer,
    language_code character varying,
    language_title character varying
);


ALTER TABLE public.stage_languagetype OWNER TO vfkladmin;

--
-- TOC entry 237 (class 1259 OID 25555)
-- Name: stage_userprofile; Type: TABLE; Schema: userprofile; Owner: vfkladmin
--

CREATE TABLE userprofile.stage_userprofile (
    user_id integer,
    feide_id character varying,
    personnummer character varying,
    name character varying
);


ALTER TABLE userprofile.stage_userprofile OWNER TO vfkladmin;

--
-- TOC entry 209 (class 1259 OID 25182)
-- Name: userprofile; Type: TABLE; Schema: userprofile; Owner: vfkladmin
--

CREATE TABLE userprofile.userprofile (
    user_id integer NOT NULL,
    feide_id character varying,
    personnummer integer,
    name character varying
);


ALTER TABLE userprofile.userprofile OWNER TO vfkladmin;

--
-- TOC entry 208 (class 1259 OID 25180)
-- Name: userprofile_user_id_seq; Type: SEQUENCE; Schema: userprofile; Owner: vfkladmin
--

CREATE SEQUENCE userprofile.userprofile_user_id_seq
    AS integer
    START WITH 1
    INCREMENT BY 1
    NO MINVALUE
    NO MAXVALUE
    CACHE 1;


ALTER TABLE userprofile.userprofile_user_id_seq OWNER TO vfkladmin;

--
-- TOC entry 3943 (class 0 OID 0)
-- Dependencies: 208
-- Name: userprofile_user_id_seq; Type: SEQUENCE OWNED BY; Schema: userprofile; Owner: vfkladmin
--

ALTER SEQUENCE userprofile.userprofile_user_id_seq OWNED BY userprofile.userprofile.user_id;


--
-- TOC entry 3647 (class 2604 OID 25225)
-- Name: answers id; Type: DEFAULT; Schema: assessment; Owner: vfkladmin
--

ALTER TABLE ONLY assessment.answers ALTER COLUMN id SET DEFAULT nextval('assessment.answers_id_seq'::regclass);


--
-- TOC entry 3644 (class 2604 OID 25158)
-- Name: answertype answertype_id; Type: DEFAULT; Schema: assessment; Owner: vfkladmin
--

ALTER TABLE ONLY assessment.answertype ALTER COLUMN answertype_id SET DEFAULT nextval('assessment.answertype_answertype_id_seq'::regclass);


--
-- TOC entry 3649 (class 2604 OID 25292)
-- Name: answertypetextresources id; Type: DEFAULT; Schema: assessment; Owner: vfkladmin
--

ALTER TABLE ONLY assessment.answertypetextresources ALTER COLUMN id SET DEFAULT nextval('assessment.answertypetextresources_id_seq'::regclass);


--
-- TOC entry 3646 (class 2604 OID 25204)
-- Name: assessment assessment_id; Type: DEFAULT; Schema: assessment; Owner: vfkladmin
--

ALTER TABLE ONLY assessment.assessment ALTER COLUMN assessment_id SET DEFAULT nextval('assessment.assessment_assessment_id_seq'::regclass);


--
-- TOC entry 3643 (class 2604 OID 25147)
-- Name: category category_id; Type: DEFAULT; Schema: assessment; Owner: vfkladmin
--

ALTER TABLE ONLY assessment.category ALTER COLUMN category_id SET DEFAULT nextval('assessment.category_category_id_seq'::regclass);


--
-- TOC entry 3648 (class 2604 OID 25271)
-- Name: categorytextresources id; Type: DEFAULT; Schema: assessment; Owner: vfkladmin
--

ALTER TABLE ONLY assessment.categorytextresources ALTER COLUMN id SET DEFAULT nextval('assessment.categorytextresources_id_seq'::regclass);


--
-- TOC entry 3650 (class 2604 OID 25313)
-- Name: questiontextresources text_id; Type: DEFAULT; Schema: assessment; Owner: vfkladmin
--

ALTER TABLE ONLY assessment.questiontextresources ALTER COLUMN text_id SET DEFAULT nextval('assessment.questiontextresources_text_id_seq'::regclass);


--
-- TOC entry 3651 (class 2604 OID 25338)
-- Name: assessmenttype assessmenttype_id; Type: DEFAULT; Schema: public; Owner: vfkladmin
--

ALTER TABLE ONLY public.assessmenttype ALTER COLUMN assessmenttype_id SET DEFAULT nextval('public.assessmenttype_assessmenttype_id_seq'::regclass);


--
-- TOC entry 3645 (class 2604 OID 25185)
-- Name: userprofile user_id; Type: DEFAULT; Schema: userprofile; Owner: vfkladmin
--

ALTER TABLE ONLY userprofile.userprofile ALTER COLUMN user_id SET DEFAULT nextval('userprofile.userprofile_user_id_seq'::regclass);


--
-- TOC entry 3829 (class 0 OID 25222)
-- Dependencies: 214
-- Data for Name: answers; Type: TABLE DATA; Schema: assessment; Owner: vfkladmin
--

COPY assessment.answers (id, assessment_id_fk, question_id_fk, answertype_id_fk, reason) FROM stdin;
1	1	4	5	This is to test comment box
2	1	5	1	\N
3	1	6	2	\N
4	1	7	4	\N
5	1	8	2	\N
6	1	9	3	\N
7	1	10	4	\N
8	1	11	1	\N
9	1	12	5	This is a comment in 2nd category for 5th question
10	1	13	1	\N
11	1	14	5	\N
12	1	15	1	\N
13	1	16	2	\N
14	1	17	3	\N
15	1	18	4	\N
16	1	19	5	This is a comment in 3rd category for qn 6
17	1	20	4	\N
18	1	21	2	\N
19	2	52	1	Tester
20	2	53	2	Tester
21	2	54	3	Tester
22	2	55	4	Tester
23	2	56	5	Tester
24	2	57	2	Tester
25	2	59	2	\N
26	2	60	4	\N
27	2	61	1	\N
28	2	62	5	\N
29	2	63	3	\N
30	2	64	1	\N
31	2	65	1	\N
32	2	66	2	\N
33	2	67	1	\N
34	2	68	1	\N
35	2	69	2	\N
36	3	76	1	Fantastisk bok!
37	3	90	2	Kunne hatt innholdsfortegnelse.
38	3	91	3	Litt stygg forside.
39	4	22	1	Testkommentar i del 1
40	4	23	2	\N
41	4	24	3	\N
42	4	25	4	\N
43	4	26	5	\N
44	4	27	2	\N
45	4	34	2	Testkommentar i del 2
46	4	35	3	\N
47	4	36	4	\N
48	4	37	1	\N
49	4	38	1	\N
50	4	39	2	\N
51	4	40	1	\N
52	4	41	3	\N
53	4	48	1	Testkommentar i del 3
54	4	49	2	\N
55	4	51	3	\N
56	5	77	1	Testkommentar i del 1
57	5	78	2	\N
58	5	79	3	\N
59	5	80	4	\N
60	5	81	5	\N
61	5	82	1	\N
62	5	90	1	Testkommentar i del 2
63	5	91	2	\N
64	5	92	3	\N
65	5	93	4	\N
66	5	94	4	Testkommentar i del 3
67	5	95	2	\N
68	5	96	3	\N
69	5	97	3	\N
70	5	98	3	\N
71	6	4	2	\N
72	6	5	1	\N
73	6	6	3	Litt vanskelig språk.
74	6	7	2	Fungerer fint.
75	6	8	5	\N
76	6	9	2	Fungerer fint.
77	6	10	1	\N
78	6	11	5	\N
79	6	12	2	\N
80	6	13	1	\N
81	6	14	2	Fungerer fint.
82	6	15	5	\N
83	6	16	1	\N
84	6	17	3	Kunne vært bedre.
85	6	18	5	\N
86	6	19	2	\N
87	6	20	1	\N
88	6	21	2	\N
89	7	22	2	\N
90	7	23	1	\N
91	7	24	3	\N
92	7	25	3	\N
93	7	26	1	\N
94	7	27	4	\N
95	7	28	2	\N
96	7	29	1	\N
97	7	30	2	\N
98	7	31	5	\N
99	7	32	2	Løser dette fint.
100	7	33	3	\N
101	7	34	2	\N
102	7	35	3	\N
103	7	36	1	\N
104	7	37	5	\N
105	7	38	3	\N
106	7	39	1	\N
107	7	40	3	\N
108	7	41	5	\N
109	7	42	1	\N
110	7	43	1	\N
111	7	44	3	\N
112	7	45	2	\N
113	7	46	3	\N
114	7	47	1	\N
115	7	48	1	\N
116	7	49	3	\N
117	7	50	2	\N
118	7	51	1	\N
119	8	52	2	\N
120	8	53	1	\N
121	8	54	2	\N
122	8	55	2	\N
123	8	56	4	\N
124	8	57	3	\N
125	8	58	1	\N
126	8	59	5	\N
127	8	60	3	\N
128	8	61	2	\N
129	8	62	1	\N
130	8	63	2	\N
131	8	64	4	\N
132	8	65	2	\N
133	8	66	1	\N
134	8	67	3	\N
135	8	68	2	\N
136	8	69	1	\N
137	8	70	2	\N
138	8	71	5	\N
139	8	72	5	\N
140	8	73	3	\N
141	8	74	1	\N
142	8	75	5	\N
143	9	76	2	\N
144	9	77	1	\N
145	9	78	3	\N
146	9	79	3	\N
147	9	80	4	\N
148	9	81	5	\N
149	9	82	2	\N
150	9	83	3	\N
151	9	84	2	\N
152	9	85	4	\N
153	9	86	3	\N
154	9	87	2	\N
155	9	88	3	\N
156	9	89	2	\N
157	9	90	2	\N
158	9	91	3	\N
159	9	92	4	\N
160	9	93	3	\N
161	9	94	5	\N
162	9	95	3	\N
163	9	96	1	\N
164	9	97	4	\N
165	9	98	3	\N
166	10	7	2	Fungerer greit.
167	10	11	1	\N
168	10	12	2	\N
169	10	16	5	\N
170	10	17	1	\N
171	10	19	2	\N
172	10	20	3	\N
173	10	21	1	\N
174	11	7	1	\N
175	11	8	2	\N
176	11	9	2	\N
177	11	11	1	\N
178	11	12	4	\N
179	11	13	5	\N
180	11	16	1	\N
181	11	18	2	\N
182	11	19	2	\N
183	11	20	5	\N
184	11	21	5	\N
185	12	4	1	Mange gode aktiviteter for elevene.
186	12	5	1	God innholdsfortegnelse, indeks og strukturert innhold.
187	12	6	2	Unødvendig komplisert språk enkelte steder.
188	12	7	3	Kunne med fordel hatt flere digitale ressurser.
189	12	8	3	Kun en vanskelighetsgrad på oppgavene.
190	12	9	3	Forventer lenker til film, ikke bare bilder.
191	12	10	4	Det er ikke lagt opp til at elevene skal undersøke ting på egenhånd.
192	12	11	4	Tvert i mot. Det legges ikke opp til at elevene skal tenke selv i det hele tatt.
193	12	12	4	Se 2.4.
194	12	13	4	Kun individuell oppgaveløsing.
195	12	14	1	\N
196	12	15	1	\N
197	12	16	1	\N
198	12	17	1	\N
199	12	18	1	\N
200	12	19	1	\N
201	12	20	1	\N
202	12	21	1	\N
203	13	4	1	\N
204	13	5	5	\N
205	13	6	2	\N
206	13	7	3	\N
207	13	8	1	\N
208	13	9	2	\N
209	13	10	3	\N
210	13	11	4	\N
211	13	12	2	\N
212	13	13	4	\N
213	13	14	4	\N
214	13	15	2	\N
215	13	16	4	\N
216	13	17	2	\N
217	13	18	3	\N
218	13	19	1	\N
219	13	20	4	\N
220	13	21	2	\N
221	14	4	3	\N
222	14	5	1	\N
223	14	6	4	\N
224	14	7	1	\N
225	14	8	4	\N
226	14	9	2	\N
227	14	10	4	\N
228	14	11	5	\N
229	14	12	1	\N
230	14	13	5	\N
231	14	14	2	\N
232	14	15	4	\N
233	14	16	2	\N
234	14	17	4	\N
235	14	18	2	\N
236	14	19	4	\N
237	14	20	1	\N
238	14	21	3	\N
239	15	4	3	\N
240	15	5	1	\N
241	15	6	4	\N
242	15	7	2	\N
243	15	8	4	\N
244	15	9	2	\N
245	15	10	3	\N
246	15	11	5	\N
247	15	12	1	\N
248	15	13	4	\N
249	15	14	1	\N
250	15	15	3	\N
251	15	16	1	\N
252	15	17	4	\N
253	15	18	2	\N
254	15	19	4	\N
255	15	20	1	\N
256	15	21	3	\N
257	16	4	1	Aktiviserer elevende gjennom gode samtaler og legger opp tematikker på en slik måte at de fleste blir med!
258	16	5	2	Etter innkjøringen så blir læremiddelet godt tatt i mot.
259	16	6	2	\N
260	16	7	1	\N
261	16	8	3	Det kreves litt ekstra tilpassning til vår lokal bruk, men det gir gode resultater.
262	16	9	1	\N
263	16	10	2	\N
264	16	11	2	\N
265	16	12	1	\N
266	16	13	5	\N
267	16	14	4	\N
268	16	15	1	\N
269	16	16	2	\N
270	16	17	2	\N
271	16	18	1	\N
272	16	19	4	\N
273	16	20	1	\N
274	16	21	1	\N
275	17	4	1	Læremiddelet gir godt engasjement!
276	17	5	2	Læremiddelet intiutivt å bruke fra første stund
277	17	6	2	Læremiddelet bruker et språk som er tilpasset fagets temrinologi
278	17	7	1	\N
279	17	8	3	Læremiddelet læremiddelet passer godt men etter tilpassning.
280	17	9	1	\N
281	17	10	1	\N
282	17	11	3	\N
283	17	12	1	\N
284	17	13	1	\N
285	17	14	2	\N
286	17	15	5	\N
287	17	16	1	\N
288	17	17	5	\N
289	17	18	2	\N
290	17	19	3	\N
291	17	20	4	\N
292	17	21	1	\N
293	18	4	1	Læremiddelet i naturfag skaper engasjement
294	18	5	1	Læremiddelet i naturfag gir god oversikt
295	18	6	4	Læremiddelet sliter med fagbruk, 
296	18	7	1	\N
297	18	8	1	\N
298	18	9	1	\N
299	18	10	2	\N
300	18	11	2	\N
301	18	12	3	\N
302	18	13	4	\N
303	18	14	3	\N
304	18	15	1	\N
305	18	16	2	\N
306	18	17	1	\N
307	18	18	2	\N
308	18	19	1	\N
309	18	20	1	\N
310	18	21	2	\N
311	19	4	1	\N
312	19	5	2	\N
313	19	6	2	\N
314	19	7	2	\N
315	19	8	2	\N
316	19	9	2	\N
317	19	10	2	\N
318	19	11	3	\N
319	19	12	2	\N
320	19	13	2	\N
321	19	14	1	\N
322	19	15	3	Lite spor av det samiske
323	19	16	2	\N
324	19	17	2	\N
325	19	18	2	\N
326	19	19	1	\N
327	19	20	1	\N
328	19	21	1	\N
329	20	1	5	\N
330	20	8	1	Bra tilpasset opplæring
331	20	9	1	Mye variasjoner i innholdet
332	20	11	3	Kunne hatt mer på kritisk tenking og etisk bevissthet
333	20	12	1	Elevene møter mye variasjoner små gir lyst til utforskning
334	20	13	4	Dette er ikke tilstede
335	20	16	1	\N
336	20	18	2	Litt svak på sammenhenger
337	20	19	1	De grunnleggende ferdighetene belyses godt
338	20	20	1	God progresjon i alle kompetansemålene
339	20	21	5	\N
340	21	4	4	Test
341	21	5	2	\N
342	21	6	1	\N
343	21	7	2	\N
344	21	2	5	\N
345	21	14	2	\N
346	21	15	4	\N
347	21	16	3	\N
348	21	17	2	\N
349	21	18	3	\N
350	21	19	1	\N
351	21	20	2	\N
352	21	21	2	\N
353	22	4	1	usikker
354	22	5	3	ihijh
355	22	6	2	\N
356	22	7	2	\N
357	22	8	4	uklart
358	22	9	3	\N
359	22	10	4	\N
360	22	11	3	\N
361	22	12	5	\N
362	22	13	4	\N
363	22	3	5	\N
364	23	76	2	\N
365	23	77	5	Bruker det ikkje til vanlig. Har ikkje fått sett på så mange tekster, difor vanskelig å vurdere dette. 
366	23	78	5	Har ikkje brukt dette læremiddelet nok til å vurdere dette. 
367	23	79	5	Har ikkje brukt dette læremiddelet nok til å vurdere dette. 
368	23	80	5	Har ikkje brukt dette læremiddelet nok til å vurdere dette. 
369	23	81	2	Mange korte tekstar. Me er usikker på heile verk. 
370	23	82	5	Har ikkje brukt dette læremiddelet nok til å vurdere dette. 
371	23	83	5	Har ikkje brukt dette læremiddelet nok til å vurdere dette. 
372	23	84	1	\N
373	23	85	5	Har ikkje brukt dette læremiddelet nok til å vurdere dette. 
374	23	86	5	Har ikkje brukt dette læremiddelet nok til å vurdere dette. 
375	23	87	2	\N
376	23	88	2	\N
377	23	89	2	\N
378	23	90	2	Finn tilpassa lesetekstar under "Øv på lesing". Ikkje under hovudkategoriar. 
379	23	91	1	Kjekt med filmar og høglesningsbøker om temaet. 
380	23	92	2	\N
381	23	93	5	\N
382	23	94	5	Har ingen erfaring å bygge svaret vårt på. 
383	23	95	2	\N
384	23	96	2	Me opplever læringsmiddelet som noko rotete. 
385	23	97	3	\N
386	23	98	1	\N
387	24	76	1	\N
388	24	77	1	\N
389	24	78	1	\N
390	24	79	1	\N
391	24	80	1	\N
392	24	81	1	\N
393	24	82	1	\N
394	24	83	1	\N
395	24	84	1	\N
396	24	85	5	\N
397	24	86	1	\N
398	24	87	5	\N
399	24	88	1	\N
400	24	89	2	\N
401	24	90	1	\N
402	24	91	1	\N
403	24	92	1	\N
404	24	93	1	\N
405	24	94	1	\N
406	24	95	1	\N
407	24	96	1	\N
408	24	97	1	\N
409	24	98	1	\N
410	25	76	1	bra bibliotek 
411	25	77	1	musikk - samiskmusikk, eventyrmusikk, musikkblbliotek \nkrle-- kva tru du på  og bøker til kvar religion
412	25	78	2	\N
413	25	79	2	- å reflektere over noko må jobbast me uansett kva ein driv på med\n- 
414	25	80	3	\N
415	25	81	1	\N
416	25	82	2	\N
417	25	83	1	\N
418	25	84	1	\N
419	25	85	1	\N
420	25	86	2	\N
421	25	87	2	nivådelte bøker
422	25	88	1	\N
423	25	89	1	under samfunnsfag --> nettvett og kildekritikk \nkrl --> "å tenkje", filosofere og etikk 
424	25	90	2	bøkene er differesiert, ikkje tekstane(etter det me har funne ut)
425	25	91	1	\N
426	25	92	3	\N
427	25	93	5	veit ikkje, har ikkje undersøkt dette
428	25	94	2	veit for lite om dette pr no
429	25	95	1	\N
430	25	96	1	\N
431	25	97	1	\N
432	25	98	1	\N
433	26	76	5	På 1. trinn blir ikkje dette relevant. 
434	26	77	1	Gode tema innanfor dei ulike faga. 
435	26	78	2	Varierte arbeidsmetodar. Eks. sansane i naturfag; både praktisk, lesing, skriving, snakking.
436	26	79	3	\N
437	26	80	2	God progresjon i til dømes "Kva er ei forteljing?"
438	26	81	1	Godt utval av varierte tekstar, sjølv på 1. trinn. Stor fordel. 
439	26	82	2	\N
440	26	83	1	\N
441	26	84	2	\N
442	26	85	2	Til ein viss grad. Rim og regler. 
443	26	86	5	Fann ikkje eksempel på dette på 1. trinn. 
444	26	87	1	\N
445	26	88	2	Digitale dugleiker finn me ikkje eksempel på at blir teke i vare. 
446	26	89	4	\N
447	26	90	1	Mangen av oppgåvene differensierer seg "av seg sjølv".
448	26	91	1	\N
449	26	92	1	\N
450	26	93	1	\N
451	26	94	2	\N
452	26	95	5	\N
453	26	96	2	\N
454	26	97	1	\N
455	26	98	1	\N
456	27	76	5	Det er vanskeleg å svara på med tanke på kor lite me har brukt læremiddelet. Inntrykket er at det ser bra ut. 
457	27	77	2	Det ser bra ut, men me føler at me har brukt Skolen for lite til å svara "Helt enig". 
458	27	78	5	Dette går ikkje an å svara på utan å gjort seg erfaring med ressursen over ein litt lengre periode. 
459	27	79	3	\N
460	27	80	1	\N
461	27	81	1	\N
462	27	82	5	\N
463	27	83	2	\N
464	27	84	2	\N
465	27	85	5	\N
466	27	86	1	\N
467	27	87	5	Me har berre sett på 6. trinn. 
468	27	88	1	\N
469	27	89	3	\N
470	27	90	3	Positivt med lyfiler, men me ser berre at det er ein læringssti per tema. 
471	27	91	2	Fine introduksjonar, men ikkje heilt tydeleg kva det sentrale stoffet er. 
472	27	92	2	\N
473	27	93	2	Her var det to spørsmål i eitt, der samanehengen mellom dei er litt uklår. 
474	27	94	5	Dette kan ikkje me svara på. 
475	27	95	5	Me veit ikkje kva kravet i opplæringslova er, heller ikkje kor stor andel teksar læremiddelet på kvar målform.   
476	27	96	1	\N
477	27	97	1	\N
478	27	98	1	\N
479	28	76	2	\N
480	28	77	1	\N
481	28	78	2	\N
482	28	79	2	\N
483	28	80	2	\N
484	28	81	2	\N
485	28	82	2	\N
486	28	83	1	\N
487	28	84	2	\N
488	28	85	5	\N
489	28	86	5	\N
490	28	87	5	Veit ikkje, har ikkje småtrinnet.
491	28	88	1	\N
492	28	89	4	\N
493	28	90	4	\N
494	28	91	2	\N
495	28	92	3	\N
496	28	93	5	\N
497	28	94	5	\N
498	28	95	2	\N
499	28	96	1	\N
500	28	97	1	\N
501	28	98	2	\N
502	29	76	3	\N
503	29	77	3	\N
504	29	78	3	\N
505	29	79	3	\N
506	29	80	2	\N
507	29	81	2	\N
508	29	82	3	\N
509	29	83	2	\N
510	29	84	3	\N
511	29	85	2	\N
512	29	86	2	\N
513	29	87	2	\N
514	29	88	2	\N
515	29	89	3	\N
516	29	90	4	\N
517	29	91	3	\N
518	29	92	3	\N
519	29	93	2	\N
520	29	94	2	\N
521	29	95	3	\N
522	29	96	2	\N
523	29	97	2	\N
524	29	98	2	\N
525	30	4	2	God sammenheng mellom bilete og tekst.
526	30	5	3	Litt rotete i oppbygginga.
527	30	6	2	\N
528	30	7	1	\N
529	30	8	1	God sammenhengmellom digital hjelpemiddel og læreboka.
530	30	9	2	Gode digital støtte, men litt lite i boka.
531	30	10	3	\N
532	30	11	3	\N
533	30	12	2	Gode oppgåver.
534	30	13	4	\N
535	30	14	2	\N
536	30	15	5	\N
537	30	16	1	Ser godt igjen både kjerneelementa og kompetansemåla i faget.
538	30	17	1	Sjå merknad over.
539	30	18	3	Ikkje godt nok når det gjeld dette.
540	30	19	4	\N
541	30	20	1	Ja, det gjer det.
542	30	21	2	\N
543	31	52	1	Bra
544	31	53	2	\N
545	31	54	3	\N
546	31	55	4	\N
547	31	56	1	\N
548	31	57	5	\N
549	31	58	2	\N
550	31	59	1	\N
551	31	60	2	\N
552	31	61	1	\N
553	31	62	2	\N
554	31	63	3	\N
555	31	64	1	\N
556	31	65	1	\N
557	31	66	3	\N
558	31	67	1	\N
559	31	68	4	\N
560	31	69	2	\N
561	31	70	1	\N
562	31	71	4	\N
563	31	72	2	\N
564	31	73	2	\N
565	31	74	2	\N
566	31	75	4	\N
567	32	52	1	\N
568	32	53	5	\N
569	32	54	3	\N
570	32	55	4	\N
571	32	56	2	\N
572	32	57	1	\N
573	32	58	2	\N
574	32	59	4	\N
575	32	60	1	\N
576	32	61	3	\N
577	32	62	2	\N
578	32	63	4	\N
579	32	64	2	\N
580	32	65	5	\N
581	32	66	3	\N
582	32	67	4	\N
583	32	68	3	\N
584	32	69	2	\N
585	32	70	4	\N
586	32	71	3	\N
587	32	72	2	\N
588	32	73	3	\N
589	32	74	4	\N
590	32	75	3	\N
591	33	76	1	\N
592	33	77	2	\N
593	33	78	1	\N
594	33	79	2	Jeg savner en side på slutten av hvert delkapittel i arbeidsboka med en oppsummering hvor elevene reflekterer over målene/ får en form for "delprøve". 
595	33	80	1	\N
596	33	81	1	\N
597	33	82	1	\N
598	33	83	1	\N
599	33	84	1	\N
600	33	85	1	\N
601	33	86	5	\N
602	33	87	5	\N
603	33	88	1	\N
604	33	89	1	\N
605	33	90	5	\N
606	33	91	5	\N
607	33	92	5	\N
608	33	93	5	\N
609	33	94	5	\N
610	33	95	5	\N
611	33	96	1	\N
612	33	97	5	\N
613	33	98	5	\N
614	34	4	2	Noen av lesetekstene er lange, spesielt for 3. trinn. 
615	34	5	1	\N
616	34	6	1	\N
617	34	7	1	\N
618	34	8	1	\N
619	34	9	1	\N
620	34	10	1	\N
621	34	11	2	\N
622	34	12	2	\N
623	34	13	1	\N
624	34	14	1	\N
625	34	15	5	Har ikke sett noe om samer i engelsk verket for 3.trinn. 
626	34	16	1	\N
627	34	17	1	\N
628	34	18	1	\N
629	34	19	1	\N
630	34	20	1	\N
631	34	21	2	\N
632	35	4	1	Flere temaer som er svært dagsaktuelle for elevene
633	35	5	2	Nettressursen er ikke særlig oversiktlig eller intuitivt 
634	35	6	1	\N
635	35	7	3	\N
636	35	8	2	Mye bra forslag i lærerveiledningen
637	35	9	2	\N
638	35	10	2	\N
639	35	11	2	\N
640	35	12	1	Mye bra forslag til oppgaver hvor elevene kan utforske videre innenfor temaet
641	35	13	1	\N
642	35	14	1	\N
643	35	15	4	\N
644	35	16	1	\N
645	35	17	1	\N
646	35	18	2	\N
647	35	19	1	\N
648	35	20	2	\N
649	35	21	1	Fine "busstop" og ulike oppgaver som kan brukes som underveisvurdering
650	36	4	1	Spill og lær er alltid gøy for elevene. Flott design.
651	36	5	3	Til tider kronglete, og av og til kjempevanskelig å forstå oppgaven
652	36	6	2	\N
653	36	7	1	Dette er de gode på !
654	36	8	3	Det er lett i starten som er fint, men så blir det fort for vanskelig for mange. Spes på 4. trinn og det går ikke å tilpasse noe særlig.
655	36	9	3	Er generell tallforståelse som går igjen, som er gøy, men litt ensformig.
656	36	10	2	Det bygger videre på hva de lærer underveis, det er fint.
657	36	11	4	Dette samsvarer ikke, men det er vel heller ikke meningen med lærerverktøyet.
658	36	12	2	\N
659	36	13	3	Man kan hjelpe hverandre men det er ikke så mye grubleoppg som krever dypt samarbeid. 
660	36	14	3	\N
661	36	15	4	\N
662	36	16	2	\N
663	36	17	3	\N
664	36	18	3	\N
665	36	19	2	\N
666	36	20	3	\N
667	36	21	3	\N
668	37	4	2	\N
669	37	5	1	Gode og ryddige sider. God innholdsfortegnelse
670	37	6	5	Vi har jobbet med noen av sidene og så langt vil jeg si meg enig. Men har ikke vurdert nok sider av boken til å gi en god begrunnelse
671	37	7	1	\N
672	37	8	1	Ulike alternativer og vanskelighetsgrader i oppgavene
673	37	9	2	Variasjon i oppgaver og tekster
674	37	10	5	\N
675	37	11	5	\N
676	37	12	1	Mange utforskende tekster og oppgaver
677	37	13	1	Oppgaver legger til rette for å utforske videre
678	37	14	1	Ulike karakter i tekstene og innhold som presenterer mangfold
679	37	15	5	\N
680	37	16	1	\N
681	37	17	1	\N
682	37	18	5	\N
683	37	19	1	\N
684	37	20	5	\N
685	37	21	2	\N
686	38	4	2	\N
687	38	5	3	Litt tungvint å måtta bla fram og tilbake i bøkene
688	38	6	1	\N
689	38	7	1	\N
690	38	8	2	Mange oppgåver med ulik vanskegrad er tilgjengeleg
691	38	9	2	\N
692	38	10	3	\N
693	38	11	2	\N
694	38	12	3	\N
695	38	13	1	\N
696	38	14	1	\N
697	38	15	5	\N
698	38	16	2	\N
699	38	17	1	\N
700	38	18	2	\N
701	38	19	1	\N
702	38	20	2	\N
703	38	21	3	For lite tilrettelagt for dette
704	39	4	1	Moderne og fenger.
705	39	5	1	God oversikt i bøkene både for lærer og elev. Digital ressursbank litt vanskeligere å navigere i.
706	39	6	1	\N
707	39	7	1	\N
708	39	8	1	Oppgavene kan tilpasses og tekstene går fint å tilpasse.
709	39	9	1	Godt og variert.
710	39	10	1	Gode mål, forklaringer og begrunnelser.
711	39	11	1	\N
712	39	12	1	Gode oppgaver som åpner opp for dette.
713	39	13	1	\N
714	39	14	1	Med varisjon og bredt perspektiv, gjør de dette på en god måte.
715	39	15	1	Hele kapitler som legger til rette for det.
716	39	16	1	Godt fokus på fagets relevans og sentrale verdier.
717	39	17	1	Gode og varierte muligheter til å arbeide med kjerneelementene.
718	39	18	1	Kapitlene viser sammenhenger og skaper mulighet for læreren til å dra de lange trådene.
719	39	19	1	De grunnleggende ferdighetene er godt representert i alle kapitler.
720	39	20	1	Klar linje fra 5-7.
721	39	21	1	Egne oppgaver tilrettelagt for underveisvurdering.
722	40	4	2	\N
723	40	5	2	\N
724	40	6	2	\N
725	40	7	2	\N
726	40	8	3	\N
727	40	9	3	\N
728	40	10	3	\N
729	40	11	2	\N
730	40	12	3	\N
731	40	13	3	\N
732	40	14	2	\N
733	40	15	5	\N
734	40	16	2	\N
735	40	17	2	\N
736	40	18	2	\N
737	40	19	3	\N
738	40	20	3	\N
739	40	21	3	\N
740	41	4	2	\N
741	41	5	2	\N
742	41	6	2	\N
743	41	7	2	\N
744	41	8	2	\N
745	41	9	2	\N
746	41	10	2	\N
747	41	11	2	\N
748	41	12	3	\N
749	41	13	2	\N
750	41	14	3	\N
751	41	15	4	\N
752	41	16	2	\N
753	41	17	2	\N
754	41	18	2	\N
755	41	19	2	\N
756	41	20	2	\N
757	41	21	2	\N
758	42	4	2	\N
759	42	5	2	God sammenheng med bilete og tekst. God progresjon.
760	42	6	1	\N
761	42	7	1	Gode nettress som støtter opp om det som står i boka.
762	42	8	3	Noko tung tekst.
763	42	9	2	\N
764	42	10	5	\N
765	42	11	3	\N
766	42	12	2	Gode oppgåver.
767	42	13	1	Gjennom bruk av nettress.
768	42	14	3	\N
769	42	15	2	\N
770	42	16	1	ja.
771	42	17	1	God sammenheng mellom kjernemål og tekst og oppgåver i bok og nettress.
772	42	18	1	\N
773	42	19	3	\N
774	42	20	1	\N
775	42	21	5	\N
776	43	4	1	Bøkene er oversiktlige, fine farger og bilder. Engasjerende tekster.
777	43	5	1	\N
778	43	6	1	\N
779	43	7	1	\N
780	43	8	1	\N
781	43	9	1	\N
782	43	10	1	\N
783	43	11	2	\N
784	43	12	2	\N
785	43	13	1	\N
786	43	14	1	\N
787	43	15	5	\N
788	43	16	1	\N
789	43	17	2	\N
790	43	18	1	\N
791	43	19	1	\N
792	43	20	1	\N
793	43	21	1	\N
794	44	1	5	\N
795	44	2	5	\N
796	44	14	1	\N
797	44	15	4	\N
798	44	16	3	\N
799	44	17	2	\N
800	44	18	1	\N
801	44	19	4	\N
802	44	20	3	\N
803	44	21	2	\N
804	45	4	1	\N
805	45	5	1	\N
806	45	6	1	\N
807	45	7	2	\N
808	45	8	2	\N
809	45	9	1	\N
810	45	10	2	\N
811	45	11	5	\N
812	45	12	5	\N
813	45	13	5	\N
814	45	14	5	\N
815	45	15	5	\N
816	45	16	5	\N
817	45	17	5	\N
818	45	18	2	\N
819	45	19	2	\N
820	45	20	2	\N
821	45	21	3	\N
822	46	4	1	Fint design, fine bilder og lett å finne frem.
823	46	5	1	\N
824	46	6	2	\N
825	46	7	1	\N
826	46	8	2	\N
827	46	9	2	\N
828	46	10	2	\N
829	46	11	2	\N
830	46	12	2	\N
831	46	13	2	\N
832	46	14	2	\N
833	46	15	1	\N
834	46	16	1	\N
835	46	17	1	\N
836	46	18	1	\N
837	46	19	1	\N
838	46	20	2	\N
839	46	21	2	\N
840	47	4	1	\N
841	47	5	2	\N
842	47	6	2	\N
843	47	7	1	\N
844	47	8	2	\N
845	47	9	1	\N
846	47	10	2	\N
847	47	11	2	\N
848	47	12	1	\N
849	47	13	1	\N
850	47	14	2	\N
851	47	15	2	\N
852	47	16	2	\N
853	47	17	2	\N
854	47	18	2	\N
855	47	19	2	\N
856	47	20	3	\N
857	47	21	2	\N
858	48	22	2	\N
859	48	23	2	\N
860	48	24	2	\N
861	48	25	2	\N
862	48	26	1	\N
863	48	27	2	\N
864	48	28	2	\N
865	48	29	3	\N
866	48	30	2	\N
867	48	31	2	\N
868	48	32	2	\N
869	48	33	2	\N
870	48	34	2	\N
871	48	35	2	\N
872	48	36	1	\N
873	48	37	2	\N
874	48	38	3	\N
875	48	39	2	\N
876	48	40	2	\N
877	48	41	2	\N
878	48	42	2	\N
879	48	43	2	\N
880	48	44	2	\N
881	48	45	2	\N
882	48	46	2	\N
883	48	47	2	\N
884	48	48	2	\N
885	48	49	1	\N
886	48	50	2	\N
887	48	51	2	\N
888	49	22	2	\N
889	49	23	3	\N
890	49	24	2	\N
891	49	25	3	\N
892	49	26	2	\N
893	49	27	3	\N
894	49	28	2	\N
895	49	29	3	\N
896	49	30	2	\N
897	49	31	3	\N
898	49	32	3	\N
899	49	33	3	\N
900	49	34	3	\N
901	49	35	3	\N
902	49	36	2	\N
903	49	37	2	\N
904	49	38	2	\N
905	49	39	3	\N
906	49	40	2	\N
907	49	41	2	\N
908	49	42	2	\N
909	49	43	2	\N
910	49	44	2	\N
911	49	45	2	\N
912	49	46	2	\N
913	49	47	2	\N
914	49	48	2	\N
915	49	49	2	\N
916	49	50	3	\N
917	49	51	3	\N
918	50	22	2	\N
919	50	23	2	\N
920	50	24	2	\N
921	50	25	2	\N
922	50	26	2	\N
923	50	27	2	\N
924	50	28	2	\N
925	50	29	2	\N
926	50	30	2	\N
927	50	31	5	\N
928	50	32	1	\N
929	50	33	2	\N
930	50	34	2	\N
931	50	35	5	\N
932	50	36	5	\N
933	50	37	2	\N
934	50	38	2	\N
935	50	39	5	\N
936	50	40	2	\N
937	50	41	2	\N
938	50	42	2	\N
939	50	43	2	\N
940	50	44	2	\N
941	50	45	2	\N
942	50	46	5	\N
943	50	47	2	\N
944	50	48	3	\N
945	50	49	1	\N
946	50	50	2	\N
947	50	51	5	\N
948	51	22	2	mangler tema om teknologi, mobiler, gaming (3 trinn)
949	51	23	1	\N
950	51	24	1	\N
951	51	25	2	mangler representasjoner av muslimer for eksempel (hijab)
952	51	26	1	\N
953	51	27	2	\N
954	51	28	5	\N
955	51	29	1	\N
956	51	30	4	\N
957	51	31	5	\N
958	51	32	5	\N
959	51	33	5	\N
960	51	34	5	\N
961	51	35	4	\N
962	51	36	5	\N
963	51	37	1	\N
964	51	38	1	\N
965	51	39	1	\N
966	51	40	1	\N
967	51	41	1	\N
968	51	42	1	\N
969	51	43	5	\N
970	51	44	1	\N
971	51	45	1	\N
972	51	46	1	\N
973	51	47	5	\N
974	51	48	1	\N
975	51	49	1	\N
976	51	50	1	\N
977	51	51	5	\N
978	52	22	1	\N
979	52	23	1	\N
980	52	24	2	mangler represantasjoner av muslimer
981	52	25	2	mangler represantasjoner av muslimer
982	52	26	1	\N
983	52	27	1	\N
984	52	28	5	\N
985	52	29	2	\N
986	52	30	4	\N
987	52	31	5	\N
988	52	32	5	\N
989	52	33	5	\N
990	52	34	1	\N
991	52	35	5	\N
992	52	36	5	\N
993	52	37	1	\N
994	52	38	5	\N
995	52	39	5	\N
996	52	40	5	\N
997	52	41	1	\N
998	52	42	1	\N
999	52	43	5	\N
1000	52	44	3	\N
1001	52	45	2	\N
1002	52	46	2	\N
1003	52	47	2	\N
1004	52	48	1	\N
1005	52	49	3	\N
1006	52	50	5	\N
1007	52	51	2	\N
1008	53	4	1	\N
1009	53	5	1	\N
1010	53	6	2	\N
1011	53	7	1	\N
1012	53	8	2	\N
1013	53	9	1	\N
1014	53	10	2	\N
1015	53	11	2	\N
1016	53	12	2	\N
1017	53	13	2	\N
1018	53	14	2	\N
1019	53	15	2	\N
1020	53	16	1	\N
1021	53	17	1	\N
1022	53	18	1	\N
1023	53	19	1	\N
1024	53	20	1	\N
1025	53	21	2	\N
1026	54	4	1	\N
1027	54	5	1	\N
1028	54	6	1	\N
1029	54	7	1	\N
1030	54	8	2	\N
1031	54	9	1	\N
1032	54	10	1	\N
1033	54	11	1	\N
1034	54	12	2	\N
1035	54	13	2	\N
1036	54	14	1	\N
1037	54	15	2	\N
1038	54	16	1	\N
1039	54	17	1	\N
1040	54	18	2	\N
1041	54	19	1	\N
1042	54	20	1	\N
1043	54	21	2	\N
1044	55	22	1	\N
1045	55	23	2	\N
1046	55	24	1	\N
1047	55	25	1	\N
1048	55	26	2	\N
1049	55	27	2	\N
1050	55	28	2	\N
1051	55	29	2	\N
1052	55	30	1	\N
1053	55	31	5	\N
1054	55	32	5	\N
1055	55	33	2	\N
1056	55	34	1	\N
1057	55	35	2	\N
1058	55	36	2	\N
1059	55	37	2	\N
1060	55	38	5	\N
1061	55	39	2	\N
1062	55	40	2	\N
1063	55	41	5	\N
1064	55	42	2	\N
1065	55	43	2	\N
1066	55	44	2	\N
1067	55	45	2	\N
1068	55	46	2	\N
1069	55	47	2	\N
1070	55	48	3	\N
1071	55	49	1	\N
1072	55	50	2	\N
1073	55	51	5	\N
1074	56	4	1	Fine bilder, filmer og aktiviteter. Moderne og fargerikt.
1075	56	5	1	Har ikke prøvd å bruke den sammen med elever, men som lærer er det lett og oversiktlig. 
1076	56	6	1	Lettfattelig språk for å forklare naturfaglige begreper.
1077	56	7	1	\N
1078	56	8	2	savner forenklede tekster.
1079	56	9	1	\N
1080	56	10	2	Ulike typer arbeidsmåter: forsøk m/rapport, quiz, skriv om osv.
1081	56	11	3	En del tenke selv oppgaver, men det jeg har sett på mangler å vurdere og tenke kritisk til fakta de blir fremlagt/finner.
1082	56	12	1	Mange gode oppgaver og forslag til forsøk.
1083	56	13	3	Det meste finnes i læremiddelet. Men her er mange ressurser. 
1084	56	14	1	\N
1085	56	15	4	Ikke i naturfag for mellomtrinnet.
1086	56	16	2	Her blir det nok lærerens rolle å samtale med elevene om hvorfor de skal lære om de ulike temaene, for verket presenterer temaene på en god måte, men sier lite om hvorfor elevene skal lære. 
1087	56	17	1	\N
1088	56	18	1	både bærekraft og livsmestring er godt representert
1089	56	19	1	\N
1090	56	20	1	\N
1091	56	21	1	Har ikke testet med elever, men ser ut som vi får grei tilbakemelding på elevenes arbeid.
1092	57	4	2	Gode illustrasjoner og gode tekster.
1093	57	5	2	God kapittelinndeling. Lett å forstå hva kapittelet handler om
1094	57	6	2	Kan oppfattes som noe avansert språk i noen sammenhenger
1095	57	7	2	\N
1096	57	8	2	\N
1097	57	9	2	\N
1098	57	10	2	\N
1099	57	11	2	\N
1100	57	12	2	\N
1101	57	13	2	\N
1102	57	14	2	\N
1103	57	15	2	\N
1104	57	16	2	\N
1105	57	17	2	\N
1106	57	18	2	\N
1107	57	19	2	\N
1108	57	20	1	\N
1109	57	21	2	\N
1110	58	4	2	\N
1111	58	5	2	\N
1112	58	6	2	\N
1113	58	7	2	\N
1114	58	8	2	\N
1115	58	9	2	\N
1116	58	10	2	\N
1117	58	11	2	\N
1118	58	12	2	\N
1119	58	13	1	\N
1120	58	14	1	\N
1121	58	15	5	\N
1122	58	16	2	\N
1123	58	17	1	\N
1124	58	18	2	\N
1125	58	19	2	\N
1126	58	20	2	\N
1127	58	21	2	\N
1128	59	4	1	Fine bilder og design.
1129	59	5	1	\N
1130	59	6	1	\N
1131	59	7	1	\N
1132	59	8	2	Kunne vært tydeligere nivådeling.
1133	59	9	1	\N
1134	59	10	1	Gode praktiske oppgaver!
1135	59	11	1	\N
1136	59	12	2	\N
1137	59	13	2	\N
1138	59	14	1	Alt fra klassiske bøker til moderne tegneserier.
1139	59	15	5	\N
1140	59	16	1	\N
1141	59	17	1	Konsise, relevante, konkrete oppgaver.
1142	59	18	5	\N
1143	59	19	1	\N
1144	59	20	1	\N
1145	59	21	1	Legges til rette for både muntlige tilbakemeldinger og å forbedre tekstarbeid.
1146	60	4	1	Læremidlet legger opp til variert undervisning, og har mange gode ressurser for enkel og god gjennomføring. 
1147	60	5	2	Det er enkelt å finne frem til fag/temaer. Ryddig.  Elevene har ikke fått prøvd læreverket individuelt, så vet ikke om dette er enkelt og intuitivt for dem. 
1148	60	6	2	Enkelt språk, og gode illustrasjoner som passer og er tilpasset aldersgruppene.
1149	60	7	1	Bruker både film, musikk, historier, fakta 
1150	60	8	2	Forslag til mange forskjellige måter å jobbe med temaene på. 
1151	60	9	1	Der det er blitt lagt til innhold er dette rikt og variert, men ser at det på noen av temaene ikke er ferdigstilt hele kapitler. 
1152	60	10	2	Har oppgave eller tekster man kan fundere videre på. Skaper nysgjerrighet
1153	60	11	1	\N
1154	60	12	2	Legger opp til aktiviteter, og stille spørsmål til videre nysgjerrighet.
1155	60	13	2	\N
1156	60	14	2	\N
1157	60	15	1	\N
1158	60	16	2	Kunne vært flere "oppdrag" eller eksempler på forsøk som kan gjennomføres på de yngste trinn.
1159	60	17	1	\N
1160	60	18	1	\N
1161	60	19	1	\N
1162	60	20	1	Ser at periodene kommer igjen gjennom skolegangen, og det bygges godt på tidligere temaer. 
1163	60	21	1	\N
1164	61	4	2	Litt blasse farger, men mer engasjerende ved nærmere øyekast enn man skulle tro.
1165	61	5	2	Fint satt opp med oppgaver og grammatikk.
1166	61	6	1	\N
1167	61	7	1	\N
1168	61	8	2	\N
1169	61	9	3	\N
1170	61	10	2	\N
1171	61	11	1	\N
1172	61	12	1	\N
1173	61	13	1	\N
1174	61	14	5	Har ikke fått sett på dette.
1175	61	15	5	Har ikke boka foran meg nå. Kan ikke svare på det. Vet at hun jeg samarbeider med ikke fant noe om det.
1176	61	16	1	\N
1177	61	17	1	\N
1178	61	18	1	\N
1179	61	19	1	\N
1180	61	20	5	Har ikke hatt tid til å se på dette punktet.
1181	61	21	5	Kan ikke svare på det.
1182	62	4	1	\N
1183	62	5	1	\N
1184	62	6	1	\N
1185	62	7	1	\N
1186	62	8	1	\N
1187	62	9	1	\N
1188	62	10	5	\N
1189	62	11	5	\N
1190	62	12	5	\N
1191	62	13	1	\N
1192	62	14	2	\N
1193	62	15	5	\N
1194	62	16	1	\N
1195	62	17	1	\N
1196	62	18	5	\N
1197	62	19	5	\N
1198	62	20	1	\N
1199	62	21	5	\N
1200	63	52	1	Tiltalande design for 1. - 4. klasse. Det vart meir leik/ spel prega. Me opplevde ikkje at elevane tenkte over at dei rekna.
1201	63	53	5	Dette har ikkje me fått vurdert sidan me måtte nytte det som tavle undervisning, sidan elevane ikkje hadde tilgang.\nMe fekk ikkje til å koble elevane opp til lærarbrukar.\n
1202	63	54	3	Litt vanskeleg å navigere seg på nettstaden ved første augneblink. Men tydlegare etter kvart som ein satt seg inn i det. Opplevde likevel at me måtte trykke mykje for å komme fram.
1203	63	55	1	\N
1204	63	56	5	\N
1205	63	57	1	For dei minste så vert oppgåvene forklart munnleg/lest opp.\n
1206	63	58	2	Læremiddelet er enklare å handtere på ipad for elevane. Men litt vanskeleg å navigere for lærar på data.
1207	63	59	1	Dei anvender kunnskapen når dei nyttar formingsaktivitetar for å forstå. Nyttar song. Dei må forstå innhaldet i oppgåvene for å kunne gjennomføre dei.
1208	63	60	3	Dersom dei kognitive krava hadde vert for høge, så tenkjer me at elevane ikkje hadde vert så motiverte for å jobba.
1248	65	52	1	\N
1249	65	53	2	\N
1209	63	61	2	2. klasse gjennomførte kap. Talla til 20. Der blei det vist fram for både einarstav, tiarstavar, myntar og tallinjer.
1210	63	62	2	Dette tenkjer me at er avhengig av korleis du sjølv legg det fram, og korleis ein jobbar med emnet. Men det er også litt uavhengig av kva emne ein vel.
1211	63	63	2	Dei drar inn song, film, myldrebilete, kvardags -matematikk, mysterier og ulike aktivitetar. 
1212	63	64	2	Oppgåvene på nettbrettet legg opp til ulike måtar å løyse utfordringane/oppgåvene på. Til dømes, ved hjelp av tiarstavar, tal eller reknestykker.
1213	63	65	2	Elevane vart motiverte når dei fekk bruke appane.\nElevane hadde appane, men me fekk ikkje koble oss opp til kvar einskild elev. For å sjå resultat. \nVed felles gjennomgang på tavla, så viste elevane skapar glede og utforsking.
1214	63	66	3	Me opplevde ikkje at oppgåvene la opp til så mykje kritisk tenkning.
1215	63	67	1	\N
1216	63	68	2	Me opplever at læremiddelet viser nokre ulike problemløysningstrategiar.
1217	63	69	2	\N
1218	63	70	2	Dei nyttar ein del ulike praktiske eksempel som teljing på fingrane, tallinjer, klokka, pengar m.m
1219	63	71	2	Dei tar med ein del problemstillingar frå verkelegheita.
1220	63	72	3	\N
1221	63	73	2	Læremiddelet har mysterier kor elevane må tenkje sjølv.
1222	63	74	2	\N
1223	63	75	3	Emna me har nytta har ikkje lagt spesielt til rette for dette. 
1224	64	52	1	\N
1225	64	53	3	Synest at det var litt rotete at det var så mange ulike "pakker" (Ressurser, innholdspakker osv). Det blir mykje att og fram.
1226	64	54	3	Hadde likt betre om ein hadde starta med klasse og funne emna under dei.
1227	64	55	2	Dersom ein deler med elevane går dei direkte til oppgåve, bra. 
1228	64	56	3	Fekk ikkje opp oppgåvene dei hadde gjort, rapporter.
1229	64	57	2	\N
1230	64	58	2	\N
1231	64	59	2	\N
1232	64	60	2	\N
1233	64	61	2	\N
1234	64	62	1	\N
1235	64	63	2	\N
1236	64	64	1	\N
1237	64	65	2	\N
1238	64	66	2	\N
1239	64	67	2	\N
1240	64	68	2	Gode oppgåver med omgruppering.
1241	64	69	2	\N
1242	64	70	2	\N
1243	64	71	2	\N
1244	64	72	1	\N
1245	64	73	2	\N
1246	64	74	2	\N
1247	64	75	2	\N
1250	65	54	2	\N
1251	65	55	3	\N
1252	65	56	2	\N
1253	65	57	1	\N
1254	65	58	2	\N
1255	65	59	2	\N
1256	65	60	3	\N
1257	65	61	2	\N
1258	65	62	2	\N
1259	65	63	2	\N
1260	65	64	2	\N
1261	65	65	2	\N
1262	65	66	2	\N
1263	65	67	2	\N
1264	65	68	2	\N
1265	65	69	2	\N
1266	65	70	2	\N
1267	65	71	2	\N
1268	65	72	2	\N
1269	65	73	3	\N
1270	65	74	2	\N
1271	65	75	2	\N
1272	66	52	2	Kunne vore betre. "Fargelaus"
1273	66	53	3	Verkar rotete og uoversiktleg, Mykje frem og tilbake.
1274	66	54	3	Kunne vore betre.
1275	66	55	3	Ein må også rekna med elevpålogging på skulen sitt nett.
1276	66	56	2	\N
1277	66	57	3	\N
1278	66	58	4	For tidkrevjande.
1279	66	59	2	Kan til tider ha for store krav.
1280	66	60	2	Kan til tider ha for store krav.
1281	66	61	3	Uklart og forvirrande.
1282	66	62	2	\N
1283	66	63	2	\N
1284	66	64	2	\N
1285	66	65	2	\N
1286	66	66	3	\N
1287	66	67	2	\N
1288	66	68	3	\N
1289	66	69	2	\N
1290	66	70	2	\N
1291	66	71	2	\N
1292	66	72	4	\N
1293	66	73	3	\N
1294	66	74	2	\N
1295	66	75	2	\N
1296	67	22	2	\N
1297	67	23	2	\N
1298	67	24	3	\N
1299	67	25	3	\N
1300	67	26	2	\N
1301	67	27	3	Mange kapitler på kort tid. Ser ikke en rød tråd fra tema til tema. I en av bøkene er påske et eget kapittel, hvorfor ikke en engelskspråklig høytid?
1302	67	28	2	\N
1303	67	29	3	\N
1304	67	30	2	\N
1305	67	31	5	Vet ikke. 
1306	67	32	2	\N
1307	67	33	3	\N
1308	67	34	3	\N
1309	67	35	3	\N
1310	67	36	2	\N
1311	67	37	2	\N
1312	67	38	4	\N
1313	67	39	2	\N
1314	67	40	2	\N
1315	67	41	4	\N
1316	67	42	3	\N
1317	67	43	4	\N
1318	67	44	4	\N
1319	67	45	3	\N
1320	67	46	4	\N
1321	67	47	5	\N
1322	67	48	1	\N
1323	67	49	1	\N
1324	67	50	1	\N
1325	67	51	2	\N
1326	68	4	1	\N
1327	68	5	2	\N
1328	68	6	3	\N
1329	68	7	4	\N
1330	68	8	2	\N
1331	68	9	3	\N
1332	68	10	1	\N
1333	68	11	2	\N
1334	68	12	1	\N
1335	68	13	2	\N
1336	68	3	5	\N
1337	69	76	1	\N
1338	69	77	1	\N
1339	69	78	1	\N
1340	69	79	1	\N
1341	69	80	1	\N
1342	69	81	1	\N
1343	69	82	1	\N
1344	69	83	1	\N
1345	69	84	2	\N
1346	69	85	1	\N
1347	69	86	2	\N
1348	69	87	1	\N
1349	69	88	1	\N
1350	69	89	1	\N
1351	69	90	1	\N
1352	69	91	1	\N
1353	69	92	1	\N
1354	69	93	1	\N
1355	69	94	1	\N
1356	69	95	1	\N
1357	69	96	1	\N
1358	69	97	1	\N
1359	69	98	1	\N
1360	70	76	1	\N
1361	70	77	1	\N
1362	70	78	1	\N
1363	70	79	1	\N
1364	70	80	1	\N
1365	70	81	1	\N
1366	70	82	1	\N
1367	70	83	1	\N
1368	70	84	1	\N
1369	70	85	1	\N
1370	70	86	1	\N
1371	70	87	1	\N
1372	70	88	1	\N
1373	70	89	1	\N
1374	70	90	1	\N
1375	70	91	1	\N
1376	70	92	1	\N
1377	70	93	1	\N
1378	70	94	1	\N
1379	70	95	1	Nynorsken har blitt betre og betre, og er no jamt over god. Fleire har gitt ein del innspel undervegs, noko forlaget stiller seg positiv til. 
1380	70	96	1	\N
1381	70	97	1	\N
1382	70	98	1	\N
1383	71	52	1	\N
1384	71	53	1	\N
1385	71	54	3	\N
1386	71	55	2	\N
1387	71	56	2	\N
1388	71	57	2	\N
1389	71	58	3	\N
1390	71	59	1	\N
1391	71	60	2	\N
1392	71	61	1	\N
1393	71	62	1	\N
1394	71	63	2	\N
1395	71	64	1	\N
1396	71	65	5	\N
1397	71	66	2	\N
1398	71	67	2	\N
1399	71	68	1	\N
1400	71	69	2	\N
1401	71	70	1	\N
1402	71	71	2	\N
1403	71	72	3	\N
1404	71	73	1	\N
1405	71	74	5	\N
1406	71	75	5	\N
1407	72	4	1	\N
1408	72	5	2	\N
1409	72	6	3	\N
1410	72	7	4	\N
1411	72	2	5	\N
1412	72	14	5	\N
1413	72	15	4	\N
1414	72	16	3	\N
1415	72	17	2	\N
1416	72	18	1	\N
1417	72	19	2	\N
1418	72	20	3	\N
1419	72	21	4	test
1420	73	4	1	\N
1421	73	5	3	Synes sideoppsettet er litt rotete. vanskelig å skille hovedtekst fra oppgaver, og av og til vanskelig å finne glosene, som kun er markert med en tynn strek eller står i en farget rute. Det er også litt "lett blanding" mellom spansk tekst, norsk tekst, grammatikk og språklige tips. 
1422	73	6	1	\N
1423	73	7	1	\N
1424	73	8	1	\N
1425	73	9	1	\N
1426	73	10	1	\N
1427	73	11	5	\N
1428	73	12	2	\N
1429	73	13	1	\N
1430	73	14	2	\N
1431	73	15	5	\N
1432	73	16	1	\N
1433	73	17	1	\N
1434	73	18	1	\N
1435	73	19	1	\N
1436	73	20	3	Litt mye tekst litt for tidlig i 8. trinnsboken. Det er også mye grammatikk som kunne vært delt opp og porsjonert ut i mindre deler. Nå kommer alt på en gang ila de første par månedene. 
1437	73	21	1	\N
1438	74	4	2	\N
1439	74	5	1	\N
1440	74	6	2	\N
1441	74	7	3	Litt lite illustrasjoner, mye tekst.
1442	74	8	2	\N
1443	74	9	1	\N
1444	74	10	2	\N
1445	74	11	1	\N
1446	74	12	2	\N
1447	74	13	1	\N
1448	74	14	1	\N
1449	74	15	1	\N
1450	74	16	1	\N
1451	74	17	1	\N
1452	74	18	1	\N
1453	74	19	1	\N
1454	74	20	1	\N
1455	74	21	1	\N
1456	75	4	2	Tar utgangspunkt i ungdomslivet, samt har temaer som virker aktuelle mtp. digital kommunikasjon, men også personenes hverdag og bakgrunn. Oppgavene byr opp til utforsking. Aktivitet utenfor klasserommet er ikke så fremtredende, men er der til tider. 
1457	75	5	2	Sidene er fylt med relativt mye innhold og kan til tider være litt for mye. Innholdet følger en råd tråd gjennom kapitelene. Tekstlengde er variert og har begrepsforklaringer.  Kapitelene er færre og har mer innhold i seg enn "jetzt"
1458	75	6	2	Mye bra bildeforklaring og lette setningsstrukturer som gjør at elevene kan forstå eller gjette seg fram til betydning. Ordforklaring på enkelte ord følger med. 
1459	75	7	2	Har noen videoer, har en del lyttetekster. Legger opp til noen oppgaver som kan utføres multimodal, som f.eks: "Ich-boka"
1460	75	8	2	Har en del visuell og audativ støtte. Begreper blir greit forklart i løpet av tekster, men også ordliste tilgjengelig bakerst i boka. Varierte oppgaver, og mulighet til å bruke norsk eller sitt morsmål. Kan variere nivå på enkelte oppgaver.
1461	75	9	1	God variasjon av innhold. Innholdet er forholdsvis moderne, men fare for at stoffet rundt digital kommunikasjon kan føles utdatert om 5-7+ år. Opplegg for kreative oppgaver og oppgaver der man må røre litt på seg. 
1462	75	10	2	Utforskende læring går gjennom. Noe variert arbeidsmetoder. mangler refleksjon over egen læringsprosess
1463	75	11	2	Noe egen tenking og reflektering over sin egen livssituasjon. Mangler om det vitenskapelige metode. Legger opp til kunnskapssøken. 
1464	75	12	3	Enkelte oppgaver byr opp til deduksjon, men utenom det er det mye standardoppgaver av tekstforståelse og finne fakta. 
1465	75	13	1	Legger opp til gruppearbeid og prosjekter der en må skape noe sammen. 
1466	75	14	1	Personer i de ulike tekstene er ofte multikulturelle og elevenes mulige flerspråklighet kommer også opp som ressurs. 
1467	75	15	5	\N
1468	75	16	5	\N
1469	75	17	1	Alle kjerneelementene fra FSP01‑02 blir berørt i lærermiddelet. 
1470	75	18	3	Noe tverfaglig kan sees, men mye spesifikk til begynnerspråkopplæring. 
1607	82	66	2	\N
1471	75	19	1	Lesing, skriving, lytting, muntlig produksjon og digitale ferdigheter går gjennom lærermiddelet. 
1472	75	20	2	Progresjonen kan kanskje til tider være bratt, altså er det en bok med ambisjoner. Men bygger stein på stein. 
1473	75	21	3	Boka legger fram hva som skal læres, men mangler på egenvurdering. 
1474	76	4	1	Læreverket er godt oppbygd med kortere tekster, mye bilder og relevante oppgaver både i boka og på aunivers. Dette er engasjerende og motiverende for elevene. 
1475	76	5	1	Læreverket er godt oppbygd. Første «paso» (steg) går på ordinnlæring, andre «paso» går på grammatikk og tredje «paso» går på tekster som aktualiserer både ordene og grammatikken. Dette gjør kapitlene oversiktlig. 
1476	76	6	1	Tekstene oppleves som mer autentiske og relevante enn tildigere, og kortere og flere tekster er godt tilpasset elevene. 
1477	76	7	1	God blanding av video på aunivers, rene lytteoppgaver og tekster i boka. 
1478	76	8	1	Kortere og flere tekster gjør det enkelt å tilpasse undervisningen. Det samme med oppgaver på aunivers og i boka der man har mange oppgaver å velge mellom.  Blanding mellom skriftlige oppgaver, muntlige oppgaver og moverse oppgaver (aktiviteter) gjør at oppgavene er tilpasset ulike elevgrupper.
1479	76	9	1	Det er videoer til hvert kapittel på anuivers, det samme med lytteoppgaver og skriftlige oppgaver. Kapitlene har et relevant innhold for elevene. Blandingen av ulike typer oppgaver gjør undervisningen variert for elevene. 
1480	76	10	1	Det er oppsummeringsoppgaver på slutten av hvert kapittel for enkelt å evaluere seg selv. Det er også lagt vekt på å bygge videre på tidligere erfaringer med språket.  
1481	76	11	2	Det er lagt vekt på kildekritikk og kritisk tenkning i tekstene. Aunivers videreutvikler kildekritikk og digitale ferdigheter. 
1482	76	12	1	Engasjerende tema fra ulike sider ved målspråklandene som motiverer elevene. Ulike typer oppgaver både i boka og på aunivers gjør at elevene har mange kilder til å gå i dybden på temaer. 
1483	76	13	2	Det er lagt til rette for samarbeid i mange av oppgavene i boka, særlig moverse og muntlige aktiviteter. 
1484	76	14	2	Framstiller befolkningen i målspråkland som flerkulturell og ikke som en enheltlig gruppe, gjennom bilder og eksempler. Fremmer forståelse for andre kulturer og språk. 
1485	76	15	5	\N
1486	76	16	1	Det er lagt stor vekt på kommunikative ferdigheter og muntlighet, gjennom en stor del muntlige oppgaver og moverse aktiviteter. I tillegg til skriflige tekster og oppgaver i boka.  
1487	76	17	1	Det legges stor vekt på kommunikasjon gjennom ulike oppgaver i boka. Elevene blir utfordret til å bedre kunne sette seg inn i andre perspektiver. Læreboka ivaretar språklæring og flerspråklighet på en god måte. Aunivers utfordrerer elevene til kritisk bruk av internett og gir et bredere inntrykk av målspråklandet enn boka.  
1488	76	18	1	Det er oppsummeringsoppgaver på slutten av hvert kapittel for enkelt å evaluere seg selv og se sammenhenger mellom de ulike temaene.
1489	76	19	1	Det er lagt stor vekt på kommunikative ferdigheter og muntlighet, gjennom en stor del muntlige oppgaver og moverse aktiviteter. I tillegg til skriflige tekster og oppgaver. Digitale ferdigheter videreutvikles på nettstedet til boka (aunivers). 
1490	76	20	2	God progresjon. Det er positivt at det er en bok for både VG1 og VG2, slik at det er enkelt å tilpasse undervisningen til hver enkelt klasse. Elevene gis gradvis større utfordringer utover i læreverket. 
1491	76	21	1	Moverse oppgaver og oppsummeringsoppgaver etter hvert kapittel gjør det enkelt å drive underveisvurdering både for elever og lærere. 
1492	77	52	2	\N
1493	77	53	1	\N
1494	77	54	2	\N
1495	77	55	1	\N
1496	77	56	1	\N
1497	77	57	1	\N
1498	77	58	2	\N
1499	77	59	2	\N
1500	77	60	2	\N
1501	77	61	2	\N
1502	77	62	3	\N
1503	77	63	3	\N
1504	77	64	2	\N
1505	77	65	2	\N
1506	77	66	3	\N
1507	77	67	2	\N
1508	77	68	3	\N
1509	77	69	2	\N
1510	77	70	2	\N
1511	77	71	3	\N
1512	77	72	2	\N
1513	77	73	2	\N
1514	77	74	2	\N
1515	77	75	2	\N
1516	78	4	1	Oversiktlig, men spennende layout. God pedagogisk bruk av farger som strukturerer, i tillegg til mye bilder og luftig tekst - ikke overfylte sider som kan virke avskrekkende. Stort utvalg spill og aktiviteter gjør også faget mer levende, engasjerende og tilgjengelig for elevene.
1517	78	5	1	Logisk oppbygning med konsekvent struktur i hvert kapittel, i tillegg til øvingssider etter hvert tredje kapittel. Tekster og oppgaver som hører sammen er plassert på samme dobbeltside, slik at elevene slipper å bla fram og tilbake mens de jobber. God innledning for hvert kapittel og for hvert dobbeltsideoppslag, oppsummeringssider som gir gode muligheter både for elevenes egenevaluering og fordypningsarbeid. \nMinigrammatikken bakerst i boka benytter har er godt strukturert, og bruker visuelle hjelpemidler som fargekoder og bilder for å forklare forskjellige grammatiske fenomener for elevene.\n
1518	78	6	1	Både i lese- og lyttetekster er det god balanse mellom autentisk språk og språk tilpasset elevenes språklige nivå. Det er også stort sett brukt språk som representerer samme aldersgruppe som elevene. \nFagterminologi blir forklart og øvet i oppgavene, og det henvises konsekvent til mer utførlig forklaring av grammatiske fenomen i minigrammatikken.\n
1519	78	7	1	Boka har mange bilder, og integrerer disse i arbeidet til elevene mer enn de fungerer som pynt. I tillegg til at samtlige lesetekster også finnes som audiofil har denne boka, i motsetning til konkurrentene, også en lyttetekst i starten av hvert kapittel som ikke finnes transkribert i boka. Dette gir elevene muligheten til å kun øve på auditiv forståelse hvor tekstene også er tilpasset dette formålet i språklig nivå og hurtighet, som gir elevene øving i å forstå mer autentisk muntlig (sam-)tale. I tillegg oppfordrer boka til å benytte film/serier, musikk og onlineressurser for å kunne samle mer informasjon og språk rundt det tema elevene arbeider med.
1608	82	67	2	Det kommer jo an på undervisningen hvordan lærer lærer elevene å bruke bøkene. 
1609	82	68	1	Vises med både konkreter og ulike algoritmer 
1610	82	69	1	\N
1611	82	70	1	\N
1612	82	71	1	\N
1613	82	72	1	\N
1614	82	73	1	\N
1615	82	74	1	\N
1520	78	8	1	Boka er utviklet som en fullstendig enhet med mål om at man skal kunne holde en tilpasset, variert og engasjerende undervisning med god progresjon uten å ha behov for å utvikle/finne eksterne kilder til undervisningsmateriell. Alt av oppgaver man behøver finnes i boka, og ekstramateriell utviklet for lærere finnes i nettressursen. Her finnes forslag til årsplan, kapittelprøver og heldagsprøver, i tillegg til ekstra øvingsoppgaver for elevene og et bredt utvalg aktiviteter med alt nødvendig materiale som læreren kan ta med inn i klasserommet for å gjøre læringen mer levende og relevant.  Det er også forslag til tilpassing av disse aktivitetene ved forskjellige behov i hver enkelt klasse/til enkeltelever.
1521	78	9	1	Det er lagt større fokus på det samtidige samfunnet i målspråklandet, og mindre på det historiske bakteppet. Gjennom 20 kapitler dekkes samtlige tverrfaglige tema (også de som ikke skal ha spesielt fokus i faget) og kjerneelementer, i tillegg til samtlige kompetansemål. \nTematikken beveger seg fra å være mer hverdagslige tema og kommunikasjonssituasjoner man kan havne i når som helst, til å kunne reflektere rundt eget liv og egen framtid, og til å utfordre elevene til å kunne snakke om mer tungtveiende og komplekse tema som religion og hvordan Tysklands historie preger dagens samfunn. Også Østerrike og Sveits integreres her også som en del av målspråklandet, mer enn jeg har sett i andre læreverk, både i mindre skala (hvor personene i boka kommer fra/reiser til) og i større skala (tekster som behandler landene på en måte som går utover kun det geografiske og demografiske).\n
1522	78	10	1	Hvert kapittel har innledningssider hvor ett av elementene er et læringstips. Dette tipset blir så tatt opp igjen seinere i kapitlet, med et eksempel på praktisk bruk relatert til innholdet på disse sidene. Disse tipsene omfatter alt fra ordinnlæring, leseforståelse, konstruktiv bruk av digitale hjelpemidler som oversettelsesprogram m.m. \nI tillegg blir elevene oppfordret til å videreutvikle og forbedre arbeider fra tidligere kapitler ved å bruke den grammatikken de har jobbet med senere. Dette synliggjør også egen progresjon for elevene. \n
1523	78	11	1	Gjennomgående blir elevene oppfordret til å reflektere og trekke sammenhenger til eget samfunn og egne liv, og reflektere kritisk rundt andre kulturer enn ens egen, som en del av utviklingen av interkulturell kompetanse. Kritisk bruk av kilder blir behandlet spesielt i kapittelet om internett, hvor elevene bl.a. skal jobbe med å skille ekte nyheter fra fake news. \nEtisk bevissthet blir behandlet eksplisitt i kapitlene om et mangfoldig samfunn og om bærekraftig utvikling. Også i kapittelet om religion må elevene reflektere rundt etiske spørsmål. 
1524	78	12	1	Elevene blir oppfordret til å være utforskende både i språk og kultur, ved å oppdage språklige systemer på egen hånd (induktiv introduksjon til grammatiske tema) og i tilnærmingen til kulturelle aspekter. \nPå oppsummeringssidene etter hvert kapittel er det forslag til prosjektarbeid hvor elevene kan fordype seg mer i et tema og utforske mer fritt etter egen interesse.  \n
1525	78	13	1	Som nevnt er det i læremiddelet et bredt utvalg av aktiviteter som gir elevene bedre muligheter for praktisk bruk av språket. Elevene oppfordres også jevnlig til å oppsøke informasjon på internett som skal supplere det som allerede står i boka, gjerne for å få det til enhver tid aktuelle bildet av tema som kan endre seg raskt. 
1526	78	14	1	Både gjennom tekster, bilder og oppgaver gir boka inntrykk av målspråkområdet som et multikulturelt samfunn. Det er også lagt vekt på at oppgavene vinkles slik at det ikke er bestemte sosiale grupper som definerer målgruppen, men at man med hvilket som helst utgangspunkt skal kunne se tekster og oppgaver som relevante for seg og sitt liv, der det er snakk om at elevene skal bruke dette som utgangspunkt. 
1527	78	15	5	Lite relevant for faget. Heller ikke til stede i konkurrerende læreverk. 
1528	78	16	1	Gir et godt bilde av hele målspråkområdet med det kulturelle, sosiale og språklige mangfold det preges av. Størst fokus er det på Tyskland, men Østerrike og Sveits integrert mer nyansert som en selvfølgelig del av faget. \nGir et oppdatert bilde av målspråkområdet. Det som behandles av historiske tema legger grunnlag for å trekke paralleller og se sammenhenger med hvordan samfunnet og kulturen er i dag. \nDet er stor variasjon i tekstformer og -innhold. Disse brukes som grunnlag også for språksystematisk jobbing: Det er samsvar mellom hvilket grammatiske tema som behandles i oppgavene, og grammatikken brukt i tekstene. Dette gir et inntrykk av grammatikken som en del av språket, ikke en separat del man må kunne i tillegg, slik man kan få oppfatning av i de to konkurrerende læreverkene. \n
1529	78	17	1	Kommunikasjon: Læreverket legger opp til en høy grad av både skriftlig og muntlig kommunikasjon, og hjelper læreren i arbeidet med å simulere situasjoner i klasserommet hvor elevene kan oppleve å prøve ut språket i praksis, så nært autentisk språk man kan komme i et klasserom. \nInterkulturell kompetanse: Interkulturell kompetanse blir utfordret og øvet gjennom oppfordringer til å sette seg inn i perspektivet til noen med annen bakgrunn, gjennom å forstå bakenforliggende årsaker til enkelte kulturelle aspekter, og ikke minst gjennom kritisk refleksjon rundt egen kultur og hvilke tilpasninger man kan/må foreta seg i ulike kommunikasjonssituasjoner. \nSpråklæring og flerspråklighet: Elevene får hjelp til å utvikle gode språklæringsstrategier, og får et bevisst forhold til egen progresjon. De får innsikt i sammenheng mellom språk og kultur, og hvordan språklæring kan være inngang til viktige aspekter ved kulturen som kan gi en fordel i møte med noen fra målspråkområdet, også om man ikke nødvendigvis praktiserer språket. Elevene vil tidvis bli oppfordret til å reflektere kontrastivt rundt nytt stoff på målspråket opp mot norsk, engelsk og ev. andre språk de behersker fra før. \nSpråk og teknologi: Elevene blir oppfordret og veiledet i kritisk bruk av digitale hjelpemidler i språkopplæringen, f.eks. digitale ordbøker og oversettelsesprogrammer. De blir også utfordret på kritisk kildebruk, og veiledet til pålitelige kilder fra målspråklandet. I tillegg har læremiddelet en velutviklet digital plattform, hvor elevene får utvidet veiledning i bruk av internett i språklæringsprosessen. \n
1530	78	18	1	Allerede nevnt er elevenes oppfordring om å se egen progresjon gjennom å bruke nytt stoff til å forbedre egne tekster fra tidligere. Også nevnt er sammenhengen mellom tekstene og det språklige som behandles, at grammatikken er en del av språket, og ikke et eget system som må pugges/læres ved siden av. Situasjoner hvor språket kan komme elevene til nytte i eget liv framstilles også, for å gjøre faget relevant i deres liv. 
1531	78	19	1	Samtlige tema arbeides med både skriftlig og muntlig (både produktivt og reseptivt), i tillegg til at det digitale er integrert mer og mindre direkte. Det som skiller dette læreverket fra andre, er spesielt fokuset på et aktivt klasserom og at det legger til rette for økt muntlig kommunikasjon og utprøving i samspill med skriftlig arbeid. Et tema jobbes ikke med enten skriftlig eller muntlig, men både og.  
1616	82	75	1	\N
1617	83	76	1	\N
1618	83	77	1	\N
1619	83	78	1	\N
1620	83	79	1	\N
1532	78	20	1	Læreboka har en gjennomtenkt og logisk språklig progresjon, og tematikken er tilpasset de språklige fenomen som til enhver tid behandles. De språklige aspektene tas også opp igjen ut igjennom boka, slik at man ikke får inntrykk av å ha «gjort seg ferdig» med det når kapittelet er over. \nDe språklige kravene til temaene som behandles har en logisk progresjon, hvor det beveger seg fra dagligdagse kommunikasjonssituasjoner til større samfunnsmessige tema som politikk, religion og historie. Samtidig er det kapitler innimellom som lar elevene trekke paralleller til seg selv, men med tema som krever et høyere språklig nivå. \n
1533	78	21	1	Hvert kapittel avsluttes med en dobbeltside med oppsummeringsoppgaver som behandler ordforråd, innhold og kommunikasjon gjennomgått i kapittelet. Bl.a. er det her listet opp spørsmål som man skal kunne svare på når man har gjennomgått kapittelet. Disse kan enten brukes av elevene selv, eller de kan brukes i en muntlig eller skriftlig vurderingssituasjon med lærer, og dermed gi grunnlag for tilbakemelding og underveisvurdering. Også de skriftlige oppgavene på disse sidene kan brukes både som utgangspunkt for underveisvurdering for lærer, og som synliggjøring av egen progresjon ved forbedring av tekstene etter hvert som elevene lærer mer.  
1534	79	76	1	\N
1535	79	77	2	Er litt lite av litteratur fra andre land. 
1536	79	78	1	Gode fine oppgaver der man kan gå i dybden. 
1537	79	79	1	Det er lesestopp i hver lang tekst og da kan man reflektere over innholdet etter hvert stopp. 
1538	79	80	1	Bruk av skriverammer, setningsstarter og eksempel tekster 
1539	79	81	1	God variasjon mellom ulike sjangertyper.
1540	79	82	1	Oppgaver og tekster som er relevante temaer for ungdom og de må reflektere. Skrive egen omtale, vurdere seg eller medelever. 
1541	79	83	1	\N
1542	79	84	1	\N
1543	79	85	1	\N
1544	79	86	1	\N
1545	79	87	1	Ryddig bok med forklaringer til ord på hver side der det er en lang tekst. 
1546	79	88	1	\N
1547	79	89	1	\N
1548	79	90	1	\N
1549	79	91	2	Har fargekoder, men savner mer interessant innledning som fenger med bilder og innhold. 
1550	79	92	1	\N
1551	79	93	1	\N
1552	79	94	5	\N
1553	79	95	1	\N
1554	79	96	2	Savner mer fengende bilder. 
1555	79	97	1	\N
1556	79	98	1	\N
1557	80	4	5	\N
1558	80	5	1	Litt kjedelig. Tekst og bilder på hver side. Gir et "reint" inntrykk. Sammendrag etter hvert kapittel.
1559	80	6	1	Språket er enkelt og lett forståelig. Strør ikke rundt seg med fremmedord og uforståelige setninger.
1560	80	7	5	Læreverkets egenreklame:\nStore spørsmål 8-10 revideres til fagfornyelsen 2020. De tre bøkene samles til ett læremiddel som gir elevene et grunnlag for å forstå seg selv, andre og verden rundt seg. Store spørsmål 8-10 beholder grepet med fortellinger som didaktisk verktøy. Sammen med fagstoffet gir fortellingene elevene kunnskap og forståelse om ulike religioner og livssyn. Filmer, bildehistorier, fortellinger, podcast og oppgaver gir spennende fagformidling og motiverende læring.
1561	80	8	5	Vet ikke. Har ikke tilgang til lærerveiledning eller nettsidene. Men kan jo velge ut tekster og både enkle og vanskelige oppgaver. \n
1562	80	9	2	Ser ikke så stor forskjell på tidligere bøker når det gjelder innhold.
1563	80	10	3	Tror ikke det gjør det.
1564	80	11	3	Ser ikke en tydelig tråd her
1565	80	12	4	\N
1566	80	13	5	\N
1567	80	14	1	\N
1568	80	15	2	Får innblikk i noe av det gjennom kapittel urfolks religioner
1569	80	16	5	Regner med det. Men mangler så langt jeg har sett ingen religionskritikk.
1570	80	17	5	\N
1571	80	18	1	\N
1572	80	19	2	\N
1573	80	20	1	\N
1574	80	21	3	Har jeg ikke sett noe til det  i læreboka.
1575	81	4	2	Boken har mye tekst, som kan oppleves som noe "kjedelig" for målgruppen. De bildene som er med beskriver godt og er med på å trekke opp opplevelsen. At det også benyttes tidslinjer i de fleste kapittel gjør at det blir lettere for elevene å finne knagger å henge informasjon på. Stikkordsregister på siste side er et pluss og en veldig fin oversiktlig innholdsfortegnelse foran trekker opp. Savner bokser med begrepsforklaring.
1576	81	5	2	Siden dette er en bok for 8 til 10 trinn savner jeg en form for fordeling av hva som er relevant for hvilke trinn. Med en god innholdsfortegnelse og stikkordsregister gjør at det blir oversiktlig og intuitiv å bruke. 
1577	81	6	2	Språket er enkelt og greit, men savner begrepsfokus med ekstra begrepsbokser.
1578	81	7	5	\N
1579	81	8	4	Ingen nivådifferensiering i boken, dette blir overlatt til læreren i faget. Har i andre læreverk sett at det finnes ulike nivåer 
1580	81	9	1	Tar for seg et bredt spekter av informasjon.
1581	81	10	2	Har mange ulike metoder for læring. Sammendrag, oppgaver på tekster, mål før kapittel ol.
1582	81	11	2	Mange gode reflekterende oppgaver til hvert kapittel
1583	81	12	2	Oppgavene i hvert kapittel inviterer elevene til dette.
1584	81	13	5	\N
1585	81	14	3	Syns det tar opp religionskritikk litt lite
1586	81	15	1	Eget kapittel i boken
1587	81	16	1	\N
1588	81	17	2	\N
1589	81	18	1	\N
1590	81	19	2	\N
1591	81	20	2	\N
1592	81	21	5	Har ikke sett på lærerveiledning
1593	82	52	1	Oversiktlig, gode bilder, enkelt å finne fram. Gode figurer. 
1594	82	53	1	\N
1595	82	54	1	\N
1596	82	55	1	Uaktuelt i bok, men Feidinnlogging på nett. 
1597	82	56	5	Uaktuelt i bok. 
1598	82	57	1	God bøker for både lærer og elever. 
1599	82	58	5	Ikke aktuelt i bok. 
1600	82	59	1	Ulike typer oppgaver som er godt merket med hvilken type oppgave det er. Undringsoppgaver, spill, tekst osv
1601	82	60	2	Det er både oppgaver som krever mye og oppgaver som krever mindre. 
1602	82	61	1	Viser ulike måter å løse stykker på. 
1603	82	62	1	\N
1604	82	63	1	\N
1605	82	64	1	\N
1606	82	65	2	\N
1621	83	80	1	\N
1622	83	81	1	\N
1623	83	82	1	\N
1624	83	83	1	\N
1625	83	84	1	\N
1626	83	85	1	\N
1627	83	86	1	\N
1628	83	87	1	\N
1629	83	88	1	\N
1630	83	89	1	\N
1631	83	90	5	\N
1632	83	91	1	\N
1633	83	92	1	\N
1634	83	93	1	\N
1635	83	94	1	\N
1636	83	95	1	\N
1637	83	96	1	\N
1638	83	97	1	\N
1639	83	98	1	\N
1640	84	22	1	\N
1641	84	23	1	\N
1642	84	24	1	\N
1643	84	25	1	\N
1644	84	26	1	\N
1645	84	27	1	\N
1646	84	28	1	\N
1647	84	29	1	\N
1648	84	30	1	\N
1649	84	31	1	\N
1650	84	32	1	\N
1651	84	33	1	\N
1652	84	34	1	\N
1653	84	35	1	\N
1654	84	36	1	\N
1655	84	37	1	\N
1656	84	38	1	\N
1657	84	39	1	\N
1658	84	40	1	\N
1659	84	41	1	\N
1660	84	42	1	\N
1661	84	43	1	\N
1662	84	44	1	\N
1663	84	45	1	\N
1664	84	46	1	\N
1665	84	47	1	\N
1666	84	48	1	\N
1667	84	49	1	\N
1668	84	50	1	\N
1669	84	51	1	\N
1670	85	76	1	\N
1671	85	77	1	\N
1672	85	78	1	\N
1673	85	79	1	\N
1674	85	80	1	\N
1675	85	81	1	\N
1676	85	82	1	\N
1677	85	83	1	\N
1678	85	84	1	\N
1679	85	85	1	\N
1680	85	86	1	\N
1681	85	87	5	Me vel å ha Salto frå og med 2. trinn.
1682	85	88	1	\N
1683	85	89	1	\N
1684	85	90	1	\N
1685	85	91	1	\N
1686	85	92	1	\N
1687	85	93	1	\N
1688	85	94	1	\N
1689	85	95	1	\N
1690	85	96	1	\N
1691	85	97	1	\N
1692	85	98	1	\N
1693	86	4	2	Det brukes en del historier i boka. De virker nokså konstruerte og skoletilpassede, og har et litt kjedelig plot. Historiene hentet fra virkeligheten er ok, historier brukt for å reise dilemmaer og spørsmål er kunstige. 
1694	86	5	2	Boka har, slik jeg ser det, lett kjennelig utforming, altså at formen er ganske tradisjonell. \nDet er langt inn en del henvisninger og bindinger mellom ulike emner gjennom hele. \nBoka har oversiktlig kapittelinndeling, men viser for eksempel ikke hvilken side man kan finne sammendrag på. \nSidetallene er litt små. \nNoen begrepsforklaringer. Litt få? \nStikkordsliste med sidetallshenvisning bakerst. \nHver emne/ kapittel har sammendrag. \nDet kommer spørsmålsbokser underveis i emnene, og til slutt. \nVeldig små tidslinjer. \n
1695	86	6	2	Litt få begrepsforklaringer? \nEllers er språket som man kan forvente i en lærebok. Det er en del fortellinger fra gamle religiøse tekster, og de er "tilpasset". \nFlerspråklige elever med litt lite norskkunnskaper vil streve noe med forståelse av en del uttrykk som brukes.  
1696	86	7	2	Har ikke sett på digital støtte til boka. \nBrukes en del bilder. Noen kan virke litt tilfeldige/ fyllmasse. \nJeg opplever et par av bildene som litt stigmatiserende, men det er mulig man bruker dem for å skape debatt? \nLite bruk av tallmateriale, tidslinjer mm: tallinjene er veldig små. \nNoen kart er tatt inn. 
1697	86	8	3	Jeg har ikke sett på de digitale tilbudene. \nSammendrag, litt korte. \nHar oppgaver "i teksten" og ut av teksten. \nFå begrepsforklaringer i boka. \nMengden "bok" kan kanskje bli litt overveldende for elevene før de blir litt mer kjent med den? 
1698	86	9	3	-ikke mange fysiske oppgaver i oppgavedelene. \n- mange "finn ut av"-oppgaver. \n- temaer kan bearbeides tverrfaglig, men det gir ikke quick-fix  boka. \n- god bredde i innhold\n\nHar ikke sett på digitale løsninger \n
1699	86	10	3	Mange åpne oppgaver/ arbeidsmåter\nDet legges ikke opp til spes. arbeidsmetoder, her må læreren selv styre løpet. (Ut i fra det jeg ser). 
1700	86	11	1	Det reises mange spørsmål og problemstillinger som elevene kan bryne seg på - slik jeg har oppfattet det. (Har ikke lest hele boka)
1701	86	12	3	\N
1702	86	13	1	Det reises mange spørsmål  som kan lede til diskusjon, samarbeid og samsnakk.  
1703	86	14	2	Boka tar for seg mange reliogioner. livssyn, etikk. \nBrukes tilsammen 16 sider på humanisme og seksualitet i reliogioner. En side på samisk religion. \n\n\n\n\n
1704	86	15	2	Brukes noe plass på urfolk
1705	86	16	2	Stort sett
1706	86	17	2	Mye her avhenger av at faglærer arbeider bevisst med å bruke ulike arbeidsmetoder og -former. Boka styrer ikke, men det bør jo læreren gjøre.  
1707	86	18	2	Tverrfaglighet: kan få til det. \nBærekraft: finner ikke noe om det i boka (men jeg har ikke nærlest). \nFolkehelse og livsmestring mm: finnes noe. Det ligger i mange av emnene. Lite om å være ungdom og om seksualitet. \n
1708	86	19	2	Legges mye om til muntlige ferdigheter, å kunne lese og kunne skrive. regning; usikker. Digitalt: ja og nei. 
1709	86	20	2	Etter 10. trinn,. \nLitt ensartede aktiviteter i boka? 
1710	86	21	3	Tilrettelagt for egen-vurdering: ikke slik jeg ser det/ det jeg finner. Bør sjekkes nærmere 
1711	87	4	3	Visuelt oppleves kapittelformen som litt rotete. Mange tekster og bilder i margen. \nMye tekst, men ganske ryddig oppsett. \nIkke spesielt spenstig layout mht bilder. \nDagsaktuelle emner? Ja, forsåvidt \nJeg har ikke sett på andre ting enn selve boka. Skal gjøre det seinere. 
1712	87	5	3	Ryddig innholdsfortegnelse\nBra størrelse på sidetall \nFå begrepsforklaringer som er lette å finne\nMange fakta i egne faktabokser\nVeldig korte sammendrag. Ikke så lette å finne siden de mangler i innholdsfortegnelsen. \nTredelt oppgavenivå: i teksten - til ettertanke - videre arbeid. \nMå lete ganske mye etter ordforklaringer. \nStikkordsliste bakerst i boka, men ikke begrepsforklaringer. \nVeldig mye innhold på mange av sidene. \nIngen tidslinjer
1776	90	53	1	Verket følger læreplanen godt. Eleven finner lett frem
1777	90	54	1	Ja, det er lett å finne frem for både elever og lærere. 
1713	87	6	3	Siden dette er en 8-10 bok,  tror jeg en del av tekstene om religionene kan bli krevende for en del svake lesere, spesielt på 8. trinn. Her må man gjøre gode utvalg. Oppfatter sammendragene som lite støttende. 
1714	87	7	2	Har ikke sett på de digitale løsningene (ennå)\nNoen steder er bilder oa nyttig, andre steder fyllmasse\nReagerer på at mangfold  bildebruk kun ser ut til å være viktig i selve emnet mangfold.  
1715	87	8	3	Har ikke sett på digitale øsninger. \nTror elever som strever med å orientere seg, kan streve litt med denne boka på grunn av layout/ oppbygging og tekstmengde. Det er mulig at digitale løsninger kan være til hjelp. \nSpørsmålene er flerdelte, og det er gitt mange filosofiske spørsmål underveis som alle nok kan si noe om. 
1716	87	9	2	Læremiddelet\nhar bredde og ulike vinklinger i innholdet - tar for seg emner med mange vinklinger - slik jeg ser det. \nhar mulighet for at elevene kan bruke flere sanser - ikke spesielt\nhar fysiske og praktiske aktiviteter - ikke spesielt lagt opp til det i boka - slik jeg ser det. \nhar bruk av praktisk-estetiske arbeidsmåter - noe er med her, 
1717	87	10	2	Eksempel på kjennetegn:\nLæremiddelet gir elevene mulighet til\nå prøve ut og bruke ulike arbeidsmåter - ikke spesielt bredt her\nå prøve ut og bruke ulike læringsstrategier og metoder - ja og nei. Her må læreren være påpasselig. \nå reflektere over egen læreprosess - delvis. \nå erfare hva som fungerer best i egen læring - dette må nok læreren være påpasselig med. \nå benytte de grunnleggende ferdighetene i læringsarbeidet - \n- lese og skrive: godt i varetatt. Mange ulike tekster og teksttyper. \n- bærekraft: finner ikke det spesielt nevnt. Mulig at det ligger i ulike emner. \n- livs... Mange temaer tar opp til diskusjon - om man ønsker. \n- muntlig: se over. 
1718	87	11	2	Opplever ikke boka som spesielt kreativ i formen, men den tar jo opp mange tanker og ideer, for eksempel spørsmål du kan stille deg selv rundt ulike ting i møtet med religioner du selv ikke tilhører. \n
1719	87	12	2	Eksempel på kjennetegn:\nLæremiddelet ber elevene om\nå observere - i noen grad \nå stille spørsmål - i noen grad\nå eksperimentere med forskjellige metoder, framgangsmåter og løsninger - nei\nå gjøre fysiske og praktiske aktiviteter - i liten grad (ut i fra boka)\nå bruke kjente situasjoner og konkreter fra hverdagen på skolen, i hjemmet og i fritiden - mange spørsmål og situasjoner skisseres, så eleven får møte dette. 
1720	87	13	2	Mange ulike spørsmål stilles. Oppfordres til samtale og diskusjon. \nOppfordres til å oppsøke ulike trosretninger og undersøke ting. \nLæreren kan få til mye samhandling her
1721	87	14	3	Urfolk er lite omtalt. ¨\nI form og utvalg er, etter min mening, ikke boka i seg selv veldig inkluderende. Den viser kanskje mangfold i befolkningen når emnet er mangfold. Ellers ikke. 
1722	87	15	4	Lite
1723	87	16	3	Hvert emne innledes med et "her skal du lære..." Ut over det er jeg usikker. Har ikke lest boka godt nok til å si mye om det.  Hvordan man arbeider med emnet vil selvsagt påvirke veldig hvor relevant eleven opplever faget. \n
1724	87	17	3	Arbeidsmåter og -former kan faglærer styre. \nKan bli mye les og svar på oppgaver hvis man som faglærer ikke er trygg i faget. \nBrukes mye fagterminologi, men jeg savner mer utdyping av en del ting generelt. Det er mulig at støtte i digitale midler kan hjelpe her.  \n
1725	87	18	2	Folkehelse/ livsmestring: Etiske spørsmål stilles. \nDemokrati/ medborgerskap: kan gi en del kunnskap om emnene som trengs for å skape større forståelse om verden og samfunnet. \nBærekraft: noe er med, men jeg synes dette mangler i helheten
1726	87	19	2	Muntlig: ja\nSkriftlig: ja, stort sett\nLesing: ja, men man må arbeide en del med -metoder og -forståelse \nDigitalt: krever bruk av digitale midler ved siden av\nRegning: noe\n\n
1727	87	20	3	Kompetansemålene i faget: Legger man en del jobb i dette punktet i kollegiet,  kan man få det til (min subjektive mening). Krever langsiktig og god planlegging. 
1728	87	21	2	Det gis korte punktlister med info om hva eleven kan forvente seg å lære i de ulike kapitlene og emnene. \nElevene gis god anledning til å stille spørsmål, og svare på spørsmål, reflektere underveis. \nSer ikke noe her som legger til rette for at elevene selv skal få vurdert sin egen kompetanse.
1729	88	76	1	\N
1730	88	77	1	\N
1731	88	78	1	\N
1732	88	79	1	\N
1733	88	80	1	\N
1734	88	81	1	\N
1735	88	82	1	\N
1736	88	83	1	\N
1737	88	84	1	\N
1738	88	85	1	\N
1739	88	86	1	\N
1740	88	87	1	\N
1741	88	88	1	\N
1742	88	89	1	\N
1743	88	90	1	\N
1744	88	91	1	\N
1745	88	92	1	\N
1746	88	93	1	\N
1747	88	94	1	\N
1748	88	95	1	\N
1749	88	96	1	\N
1750	88	97	1	\N
1751	88	98	1	\N
1752	89	76	1	I Fabel 5A er det fleire døme på nynorske tekstar, i ulike sjangrar. Vi finner tekster som er både fra for- og nåtid. Det er også norsk,  nordisk og internasjonal litteratur. 
1753	89	77	1	Mirakel, samiske dikt, å studere navn, Astrid Lindgren (kulturarven), fakta og aktualitet, fortellinger fra virkeligheten. 
1754	89	78	1	Bruk av oppgaver som oppfordrer til dybdelæring ved bruk av andre metoder/læringsverktøy/nettsider. \nIkke dybdelæring på grammatikk.\nOppgaver med individuelt arbeid og samarbeidsoppgaver som oppfordrer til å tenke. 
1755	89	79	1	Start: generelt mål for hele kapittelet. Egne "fordyp deg" seksjoner i noen oppgaver, som angår "min læring" og "vi lærer sammen".  Det er egenvurdering. 
1756	89	80	1	Ja.
1757	89	81	1	Ja.Velg flere ting og sammenlign for eksmepel. 
1758	89	82	1	Ang. Samtalestrategier: det er mer samarbeidsoppgaver i 5. trinn enn i 4. trinn. 
1759	89	83	1	Jepp.
1760	89	84	1	Helt klart.
1761	89	85	1	\N
1762	89	86	1	\N
1763	89	87	5	\N
1764	89	88	1	\N
1765	89	89	5	\N
1766	89	90	4	Det fikser vi selv. 
1767	89	91	1	\N
1768	89	92	2	\N
1769	89	93	5	\N
1770	89	94	5	\N
1771	89	95	1	\N
1772	89	96	1	I høy grad. God layout, engasjerende og attraktiv.
1773	89	97	1	\N
1774	89	98	1	\N
1775	90	52	1	Ryddig og oversiktlig design. Ser ut til å være enklere å skrive i rutebok ved å bruke denne, enn f.eks Multi og Matematikk
1778	90	55	1	Dette forutsetter at vi har aunivers.no
1779	90	56	5	Dette gjelder vurdering av fysisk bok. 
1780	90	57	5	\N
1781	90	58	5	\N
1782	90	59	1	Ja, det er god variasjon og dekker alle kognitive prosesser.
1783	90	60	1	\N
1784	90	61	1	Ja, de bruker ulike representasjone. 
1785	90	62	1	Ja, bl.a snakke matte oppgaver, samarbeidsoppgaver og problemløsningsoppgaver. 
1786	90	63	1	Se forrige punkt. 
1787	90	64	1	Ja, de presenterer HAUK - Hva er spørsmålet, Arbeidstegning, Utregning og Kan det stemme. 
1788	90	65	1	Det har en god lærerveiledning hvor det også finnes alternative oppgaver, 
1789	90	66	1	Bl.a ved å bruke HAUK
1790	90	67	1	Det er egne oppgaver som handler om læringsstrategier. De presenteres for ulike. 
1791	90	68	1	Ja, bl.a eget kapittel om problemløsning i 3.
1792	90	69	1	\N
1793	90	70	1	\N
1794	90	71	1	Ja, bl.a Blokkmetoden
1795	90	72	1	Ja, jevnt og trutt hele tiden
1796	90	73	1	Snakke matte og problemløsningoppgaver, 
1797	90	74	1	\N
1798	90	75	1	Dette læreverket er oppdatert og gjør alle disse tingene
1799	91	4	2	\N
1800	91	5	3	Oppgavestrukturen
1801	91	6	2	\N
1802	91	7	2	\N
1803	91	8	3	\N
1804	91	9	2	\N
1805	91	10	2	\N
1806	91	11	2	\N
1807	91	12	3	\N
1808	91	13	2	\N
1809	91	14	3	\N
1810	91	15	5	\N
1811	91	16	5	\N
1812	91	17	2	\N
1813	91	18	3	\N
1814	91	19	2	\N
1815	91	20	5	\N
1816	91	21	3	\N
1817	92	76	2	\N
1818	92	77	2	\N
1819	92	78	2	\N
1820	92	79	2	\N
1821	92	80	2	\N
1822	92	81	2	\N
1823	92	82	2	\N
1824	92	83	2	\N
1825	92	84	2	\N
1826	92	85	2	\N
1827	92	86	2	\N
1828	92	87	2	\N
1829	92	88	2	\N
1830	92	89	2	\N
1831	92	90	2	Ikke bare dette læremiddelet, men kombinert med AppWriter og nettressursen kan man tilpasse.
1832	92	91	2	\N
1833	92	92	2	Her er en styrke at det kan kombineres med nettressursen.
1834	92	93	1	\N
1835	92	94	2	Vanskelig å kunne si så mye om det med persomnvern.
1836	92	95	2	\N
1837	92	96	2	\N
1838	92	97	2	\N
1839	92	98	2	\N
1840	93	22	2	Tekstene er tilpasset to nivåer, og tekstene samsvarer med temaene, men flere av temaene i boka er tradisjonelle og lite nytenkende. 
1841	93	23	2	Boken treffer elevenes liv, erfaringer og interesser, men kunne hatt større innslag av andre temaer som elevene ikke har lært om tidligere.
1842	93	24	2	Bildene og illustrasjonene i boka er innbydende og fargerike, samtidig som det legges opp til flere fine, varierte aktiviteter underveis. Kunne vært innslag fra flere engelsktalende land som ikke er USA eller England.
1843	93	25	2	Læreboken tar utgangspunkt i mangeulike kulturer rundt om i verden, men det virker som dette er bedre på høyere trinn.
1844	93	26	3	For ofte svar på spørsmål til tekst
1845	93	27	2	Flere innfallsvinkler til de ulike tema, men boka fokuserer mer på leseforståelse enn diskusjon og refleksjon.
1846	93	28	4	I liten grad. Boka virker å ha fokus på leseforståelse, spesielt på lavere trinn. Innbyr derfor ikke i særlig stor grad til å skape ny kunnskap.
1847	93	29	2	Boka starte hvert kapittel syn, erfaring og meninger, samt at siste oppgave tilhørende en tekst tar utgangspunkt i dette.
1848	93	30	4	Kun mål i starten av kapittel, utenom dette er dette fraværende.
1849	93	31	5	\N
1850	93	32	1	Mulighet for tverrfaglighet
1851	93	33	5	Støtter ikke opp om kritisk tenking. Skjønner ikke resten av spørsmålet.
1852	93	34	2	Åpner opp for å dele erfaringer
1853	93	35	2	Flere engelske kulturer involveres
1854	93	36	3	Normalisering, men ikke en ressurs.
1855	93	37	1	Talk and tell. Rollespill. Find out. 
1856	93	38	3	Dialog. Spørsmål. Diskuter
1857	93	39	2	\N
1858	93	40	3	\N
1859	93	41	3	\N
1860	93	42	2	\N
1861	93	43	3	\N
1862	93	44	3	\N
1863	93	45	2	\N
1864	93	46	4	\N
1865	93	47	2	\N
1866	93	48	2	\N
1867	93	49	2	\N
1868	93	50	3	\N
1869	93	51	2	\N
1870	94	4	1	Gode, rene bilder som skaper nyskjerrighet, sammenheng og forståelse.
1871	94	5	1	Ryddig og oversiktlig.
1872	94	6	1	Språket er tilpasset terminologi og målgruppe.
1873	94	7	5	Siden skolen har tilgang på skolen.min.cdu kan vi bekrefte dette, men det gjelder hovedsakelig de digitale tilleggsmidlene.
1874	94	8	1	Læremiddelet støtter lærerens arbeid med tilpasset opplæring.
1875	94	9	1	\N
1876	94	10	1	Gjennom undring og praktiske forsøk får elevene ulike tilnærmelser til stoffet de skal lære. De lærer forskjellige arbeidsmetoder og får erfaring i hvilke metoder som passer best for dem.
1877	94	11	1	Læremiddelet støtter og utfordrer elevene til å utvikle både kritisk tenkning og etisk bevissthet.
1878	94	12	1	Gjennom forsøk og undring inviteres elevene til utforskning.
1879	94	13	1	Læremiddelet legger til rette for samhandling i eller utenfor læremiddelet ved digiale ressurser, forsøk og oppgaver med konkreter.
1880	94	14	1	\N
1881	94	15	5	Uten versjon av læreverket med alle kapitler tilgjengelig kan vi ikke svare på det.
1882	94	16	1	\N
1883	94	17	1	\N
1884	94	18	1	\N
1885	94	19	1	\N
1886	94	20	1	\N
1887	94	21	1	\N
1888	95	4	5	\N
1889	95	5	2	\N
1890	95	6	2	Kanskje litt vanskelig språk?
1891	95	7	5	\N
1892	95	8	5	\N
1893	95	9	2	Veldig mye religion i boka for 8.trinn.
1894	95	10	5	Kanskje -
1895	95	11	2	Etisk bevissthet ok, men mer skeptisk til kritisk tenkning
1896	95	12	2	\N
1897	95	13	5	\N
1898	95	14	1	\N
1899	95	15	5	Ikke i denne boka
1900	95	16	5	Vanskelig å si, men regner med det
1901	95	17	5	Vet ikke
1902	95	18	2	En del tema du kan jobbe tverrfaglig med.
1903	95	19	5	Vet ikke
1904	95	20	5	Regner med det
1905	95	21	5	Vet ikke
1906	96	4	1	Mye fine bilder,\nLiker at det presiserer at enkelte ord man "kan snakke om" dette er ord som det er viktig at elevene skjønner\nDet er noen oppgaver som elevene kan besvare\nDet er også noen fordypningsoppgaver og forslag til noen forsøk\n
1907	96	5	1	Oversiktlige kapiteler og det er beskrviende overskrifter
1908	96	6	1	Det er et lettforståelig språk. \nDet kunne kanskje med fordel også være noe tekster som var litt mer fordypende.\nDet er veldig kort og konsist forklart
1909	96	7	5	Du har en bok og du har en digitalside\nFor bøkene og nettsidene på 5.trinn så samsvarer boken godt med det digitialt verktøyet. Du kan lett bytte mellom de to, så liker du å lese i boken kan du det, liker du å jobbe på CB kan du det.\nDet kan se ut
1910	96	8	5	\N
1911	96	9	2	\N
1912	96	10	5	\N
1913	96	11	1	Det var en fin del med hvordan man skal jobbe som forsker, det er også noen spørsmål undervis i de ulike kapitlene som er åpne og skal skape undring og at men skal begrunne sine synspunkt
1914	96	12	1	Det er en del aktiviteter som skal gi utforskning
1915	96	13	1	Det er flere samarbeidsoppgaver
1916	96	14	5	Har jeg egentlig tenkt over det??
1917	96	15	2	Det finnes info om denne delen, har ikke studert den så nøye, men det finne i alle fall litt om det
1918	96	16	1	Den læere eleven opp til å være undrende, forskende og argumenterende
1919	96	17	1	\N
1920	96	18	5	\N
1921	96	19	1	Det er variert innhold, de kan lese, skrive, se litt på staestikk og litt annet som har med matematikk å gjøre og i tillegg så finnes det litt som skal styrke de digitale ferdighetene
1922	96	20	1	Tror det, men krever ganske mye gransking av læreverket for å kunne si dette helt sikkert....
1923	96	21	5	?
1924	97	22	2	Gode, varierte tekster, også i vanskelighetsgrad. Godt innhold i tekstene. \nMestringsnivå: Savner forenklet versjon. \nUtvalg begrenses av at mye i bok og digital plattform er svært likt. 
1925	97	23	1	Gode tekster. 
1926	97	24	2	"Skolsk" tilnærming, har jobbet med alternativt læreverk som er bedre på dette punktet. Ønsker et opplegg som oppfordrer til mer diskusjon (fremfor "les + gjør oppgaver"). 
1927	97	25	2	Til en viss grad. 
1928	97	26	3	En styrke ved verket er de varierte tekstene; men oppgavene er for like. Oppgaver a la "Digital dive"/ "Explore more" er noe som kan utbedres. 
1929	97	27	1	Kapitlene belyser tema fra ulike sider, progresjon i tekstene. Bra!
1930	97	28	3	Boka legger opp til oppgaver hvor elever skal gå i dybden, men ikke tilstrekkelig. Det er vi som lærere som må knytte temaer til andre fag og samtidig vise hvordan kunnskapen kan overføres til nye situasjoner. Her har læreverket mer å gå på!
1931	97	29	2	"Starting points" og "Viewpoints" er gode oppgaver for dette. Denne typen oppgaver engasjerer! \n
1932	97	30	4	Stort rom for forbedring. Tidligere utgavers egenvurderingsoppgaver er tatt ut av læreverket. Det er synd. 
1933	97	31	5	\N
1934	97	32	3	Læremiddelet er svært likt utgaven fra LK06 og har i liten grad mulighet til differensiering. 
1935	97	33	4	Fraværende i dette læreverket. 
1936	97	34	1	Bra!
1937	97	35	1	Ja. Spesielt positivt at digital ressurs inneholder dialekter. 
1938	97	36	4	Pr. nå har vi ikke oppdaget dette i noen som helst sammenheng. 
1939	97	37	2	"Viewpoints" er en fin oppgave som oppfordrer til kommunikasjon mellom elever. Øvrige oppgaver litt "skolske". 
1940	97	38	5	Uklar spørsmålsformulering, her må dere jobbe med kommunikasjonsstrategien deres. 
1941	97	39	2	Ja, men vi savner oppslagsdelen bakerst. Det er fint at det kommer underveis, men skulle gjerne hatt begge deler. 
1942	97	40	3	\N
1943	97	41	4	Overhodet ikke. 
1944	97	42	2	Ja, men dette er meget læreravhengig. Utvalget av gloser i margen er ofte også litt merkelig. 
1945	97	43	4	Savner også denne formen for egenrefleksjon. 
1946	97	44	2	Metatekst - Ja.\nTekst i prosess - Mer å gå på. \n
1947	97	45	2	\N
1948	97	46	4	Overhodet ikke / i svært liten grad. 
1949	97	47	3	Mye tekstbearbeiding, lite annet. 
1950	97	48	4	Meget utdatert. 
1951	97	49	1	God struktur på boka!
1952	97	50	4	Vi ønsker flere spenstige undervisningsopplegg i "til læreren"-delen. Til støtte for foresatte finnes det egentlig ingenting. 
1953	97	51	4	Sammenhengen mellom læreverk og den digitale plattformen gjør variasjon omtrent umulig (fordi det er likt). 
1954	98	76	2	Læreverket har enkeltutdrag av tekster på bokmål og nynorsk, men det store utvalget av tekster har ikke dette læreverket.
1955	98	77	2	Til en viss grad. I tillegg underbygger illustrasjonene som følger tekstene dette. 
1956	98	78	1	Ja, det har tatt for seg noen få temaer som en skal bruke tid på. Innholdsmessig oppleves de som litt tynn.
1957	98	79	2	I forbindelse med teamene er det oppgaver både i form av refleksjonsoppgaver og oppgaver som skal fremme forståelsen hos elevene. Det blir opp til pedagogen i faget å følge opp selve refleksjonen over læreprosessen hos den enkelte og hvilke metoder for egenvurdering som benyttes. 
2188	106	91	1	\N
1958	98	80	1	Ja, jeg synes at det er en fin veksling mellom form, funksjon og innhold i de ulike teksttypene og oppgaver som støtter/fremmer elevenes meningsskapende tekstarbeid. 
1959	98	81	1	Læreverket legger et godt grunnlag som lærer kan spille videre på. 
1960	98	82	1	Jeg liker oppbyggingen med mål, fagord, tekstutvalg og oppgaver som støtter elevene i læringsprosessen de er inne i. 
1961	98	83	1	Ja, det er et pedagogisk  spillerom for å gjøre mer av opplæringen muntlig. I tillegg er det et fyldig kapittel om muntlig aktivitet som diskusjon, debatt, retorikk m.m.
1962	98	84	1	Fint opplagt med oppgaver til elevene som både skal løses individuelt og i par/grupper. Pedagogen står fritt til å bygge videre på, eller velge noe annet enn det boka legger opp til.
1963	98	85	2	\N
1964	98	86	2	Her blir det i tillegg viktig å se til lokal læreplan for hvordan en vil at arbeidet med dialekter og identitet kan inngå sammen med det fagstoffet som boka gir innblikk i. 
1965	98	87	5	\N
1966	98	88	2	Jeg kunne godt tenke meg at det ble lagt opp til enda mer dypdykk i de teamene/områdene som er viktigst for elevene den videre utviklingen av de grunnleggende ferdighetene. Repetisjon av f.eks. lesestrategier som blir tatt i 5. klasseboken, burde egentlig vært tatt med på alle årstrinnene  på mellomtrinnet. 
1967	98	89	2	Her tenker jeg at forlaget har et potensiale for å utvikle den digitale plattformen sin. Her er det en unik mulighet til å bygge videre på dagsferske digitale tekster og bruke de som utgangspunkt for kritisk tenkning.  
1968	98	90	2	Jeg tenker at læreverket er lagt på et nivå som ønsker å nå alle grupper elever. For de svakeste og de sterkeste elevene må det fortsatt tilpasses og spisses. 
1969	98	91	1	Det er tydelig at de ønsker å fenge leseren med interessante bilder som gjør leseren nysgjerrig. 
1970	98	92	1	Se tidligere kommentar
1971	98	93	2	Innholdet på de digitale plattformene oppleves som et lite supplement, men er ikke helhetlig før både bok og digitalt tas i bruk samtidig.
1972	98	94	1	Lette og forstå og lette å orientere seg i. 
1973	98	95	2	Det er ingen ting i veien for at det kan vektes enda litt mer på nynorsk
1974	98	96	1	\N
1975	98	97	1	\N
1976	98	98	1	\N
1977	99	22	3	Verket er rik på tekster som omhandler forskjellige tema, men vil ikke si at verket bruker mange forskjellige typer tekster. Tekstene vil jeg si er tilpasset trinnet, men mange av tekstene er historier. 
1978	99	23	1	Verket omhandler forskjellige temaer som vi vekke interesse for de fleste.  
1979	99	24	1	Tekstene tar for seg dilemmaer og temaer av interkulturell natur. Ikke bare utenlandske, men også religiøs og andre temaer. 
1980	99	25	3	Verket tar for seg flerkulturelle dilemmaer, men ikke mye følerspråklige.
1981	99	26	2	Verket har spørsmål etter tekster som stiller mye spørsmål til elevene. De har en tenke selv oppgaver. Det er ikke mange oppgaver som spør eleven om å gå vekk ifra verket og lete etter spesifikt informasjon selv.  
1982	99	27	1	Verket har flere oppgaver som vil at elvene setter seg i grupper og diskuterer spørsmål rettet mot spesifikke temaer.   
1983	99	28	2	Har blant annet oppgaver som spør dem om å skrive om brev med egne ord og lage podkast utifra teksten de har lest. 
1984	99	29	1	Mange oppgaver som spør om elevens mening. 
1985	99	30	4	Mange oppgaver om elevens mening, men ikke funnet oppgaver som stiller spørsmål til elevens egen måloppnåelse. 
1986	99	31	5	\N
1987	99	32	2	\N
1988	99	33	5	\N
1989	99	34	2	Verket tar for seg tekster som går inn på andre kulturer og historier, men usikker på hvor stor grad. 
1990	99	35	4	\N
1991	99	36	4	\N
1992	99	37	1	Mye jobb i par/ grupper oppgaver. 
1993	99	38	3	\N
1994	99	39	2	\N
1995	99	40	2	\N
1996	99	41	2	\N
1997	99	42	1	Har gloser til hver tekst og arbeid med ord etterpå. 
1998	99	43	3	\N
1999	99	44	2	\N
2000	99	45	2	\N
2001	99	46	2	\N
2002	99	47	2	\N
2003	99	48	1	Verket har egen illustrerte bilder og motiver.  
2004	99	49	1	Verket tar i bruk fargekoder når det er tekster med dialog. 
2005	99	50	2	\N
2006	99	51	5	\N
2007	100	22	2	\N
2008	100	23	1	Tekster, dialoger, tegneserier er blant det som er inkludert. 
2009	100	24	2	\N
2010	100	25	4	Finner ikke noe tekster i verket som tilsier at den er tilpasset det flerspråklige klasserommet. 
2011	100	26	2	\N
2012	100	27	2	\N
2013	100	28	1	Boken inkluderer koke oppskrifter blant annet. 
2014	100	29	1	Etter hver tekst har verket oppgaver lar elevene snakke, skrive, utforske og prøve aktiviteter knyttet til temaet teksten handlet om. 
2015	100	30	4	\N
2016	100	31	5	\N
2017	100	32	2	\N
2018	100	33	3	\N
2019	100	34	2	\N
2020	100	35	4	\N
2021	100	36	4	\N
2022	100	37	1	\N
2023	100	38	3	\N
2024	100	39	2	\N
2025	100	40	2	Har flere grammatikk sider underveis i teksten og oppgaver.  
2026	100	41	2	Tar for seg temaer som er å ofte finne i det daglige. 
2027	100	42	2	\N
2028	100	43	3	\N
2029	100	44	4	\N
2030	100	45	5	\N
2031	100	46	1	\N
2032	100	47	2	\N
2033	100	48	1	Flere bilder og illustrasjoner som er fargerike og underholdende for målgruppen.  
2034	100	49	2	Den har strukturert rekkefølge på ting, men den inkluderer også elementer som tekstbokser og bilder som kan være tilfeldig plassert. Dette kan føre til forvirring over hvor eleven skal se og lese. 
2035	100	50	2	Har gloseliste til hver tekst og "Did you know?" fakta relatert til temaet. 
2036	100	51	5	\N
2037	101	22	1	\N
2038	101	23	1	\N
2039	101	24	2	\N
2040	101	25	3	\N
2041	101	26	2	\N
2189	106	92	2	\N
2042	101	27	2	Har tenke spørsmål etter tekster.
2043	101	28	2	Sang, mat, tekst og mer. 
2044	101	29	1	\N
2045	101	30	4	\N
2046	101	31	4	\N
2047	101	32	2	\N
2048	101	33	5	\N
2049	101	34	3	\N
2050	101	35	2	Verket berører blant annet forskjellen mellom amerikansk og britisk engelsk.  
2051	101	36	4	\N
2052	101	37	1	Mye diskusjons og samarbeids oppgaver. 
2053	101	38	3	\N
2054	101	39	3	\N
2055	101	40	3	\N
2056	101	41	2	\N
2057	101	42	1	\N
2058	101	43	3	\N
2059	101	44	4	\N
2060	101	45	4	\N
2061	101	46	1	\N
2062	101	47	1	\N
2063	101	48	1	\N
2064	101	49	2	Følger en struktur. Har fargekode tekstbokser med tilleggsinformasjon relatert til tema. Teksten kan være veldig tette som kan by utfordringer for de med lesevansker.  
2065	101	50	2	\N
2066	101	51	5	\N
2067	102	76	2	\N
2068	102	77	1	\N
2069	102	78	1	Verket inkluderer oppgaver hvor eleven leter fram informasjon selv med bruke av Internett blant annet.   
2070	102	79	2	Spør eleven om eget arbeid og mening. 
2071	102	80	2	Tar for seg før, under og etter lesing oppgaver. Har også grammatikk forklaring og oppgaver underveis. 
2072	102	81	2	Mye kortere tekster og utdrag fra større verk, men ikke mye hele verk.  
2073	102	82	2	Tenke oppgaver. 
2074	102	83	1	\N
2075	102	84	2	\N
2076	102	85	5	\N
2077	102	86	3	\N
2078	102	87	1	\N
2079	102	88	2	\N
2080	102	89	2	\N
2081	102	90	3	\N
2082	102	91	1	\N
2083	102	92	2	\N
2084	102	93	5	\N
2085	102	94	2	\N
2086	102	95	2	\N
2087	102	96	1	\N
2088	102	97	1	\N
2089	102	98	1	\N
2090	103	22	2	\N
2091	103	23	3	\N
2092	103	24	2	\N
2093	103	25	3	\N
2094	103	26	2	\N
2095	103	27	2	\N
2096	103	28	2	\N
2097	103	29	1	\N
2098	103	30	1	\N
2099	103	31	1	\N
2100	103	32	2	\N
2101	103	33	2	\N
2102	103	34	1	\N
2103	103	35	1	\N
2104	103	36	1	\N
2105	103	37	1	\N
2106	103	38	1	\N
2107	103	39	1	\N
2108	103	40	1	\N
2109	103	41	1	\N
2110	103	42	1	\N
2111	103	43	1	\N
2112	103	44	1	\N
2113	103	45	1	\N
2114	103	46	1	\N
2115	103	47	1	\N
2116	103	48	1	\N
2117	103	49	1	\N
2118	103	50	1	\N
2119	103	51	1	\N
2120	104	22	1	\N
2121	104	23	2	\N
2122	104	24	1	\N
2123	104	25	1	\N
2124	104	26	2	\N
2125	104	27	2	\N
2126	104	28	1	\N
2127	104	29	1	\N
2128	104	30	3	\N
2129	104	31	5	\N
2130	104	32	2	\N
2131	104	33	2	\N
2132	104	34	2	\N
2133	104	35	3	\N
2134	104	36	4	\N
2135	104	37	1	\N
2136	104	38	2	\N
2137	104	39	2	\N
2138	104	40	3	\N
2139	104	41	2	\N
2140	104	42	1	\N
2141	104	43	3	\N
2142	104	44	3	\N
2143	104	45	3	\N
2144	104	46	2	\N
2145	104	47	2	\N
2146	104	48	3	\N
2147	104	49	3	\N
2148	104	50	2	\N
2149	104	51	2	\N
2150	105	76	2	Verket har en rekke forskjellige tekster fra artikler til bok sitat. Men de står alle i bokmål.  
2151	105	77	1	Verket tar for seg en rekke forskjellige dilemmaer som elever kan relatere seg til, og stiller spørsmål som tvinger eleven til å reflekter over egen tanker. 
2152	105	78	2	Verket har noen sider med struktur forslag. For eks. En skriveramme på side 47. 
2153	105	79	1	Verket tar for seg oppgaver og formuleringer som legger opp til at eleven skal reflektere og tenke. 
2154	105	80	2	Verket lar eleven utforske og prøve seg på forskjellige typer tekster. 
2155	105	81	2	Tar for seg mye korte og utdrag fra større verk, men ikke hele store verk. 
2156	105	82	1	Veldig mye diskusjon og tenke oppgaver. 
2157	105	83	1	Mye diskusjon 
2158	105	84	2	\N
2159	105	85	2	Finner noe tekster som lar eleven utforske andre deler av språket. 
2160	105	86	4	\N
2161	105	87	1	Den har gode instruksjoner som gir eleven kunnskap om hva de skal jobb med.  
2162	105	88	1	Lese og skriveoppgaver. 
2163	105	89	1	Flere forskjellige sosiale dilemmaer.
2164	105	90	3	Ser ikke noe som hinter om differensiering. 
2165	105	91	1	Gode instruksjoner. 
2166	105	92	1	\N
2167	105	93	5	\N
2168	105	94	5	Finner ikke.
2169	105	95	2	\N
2170	105	96	1	\N
2171	105	97	1	\N
2172	105	98	1	\N
2173	106	76	2	\N
2174	106	77	2	\N
2175	106	78	1	\N
2176	106	79	3	\N
2177	106	80	1	\N
2178	106	81	1	\N
2179	106	82	2	\N
2180	106	83	2	\N
2181	106	84	2	\N
2182	106	85	1	\N
2183	106	86	1	\N
2184	106	87	2	\N
2185	106	88	1	\N
2186	106	89	3	\N
2187	106	90	3	\N
2190	106	93	1	\N
2191	106	94	5	\N
2192	106	95	2	\N
2193	106	96	2	\N
2194	106	97	1	\N
2195	106	98	1	\N
2196	107	76	1	\N
2197	107	77	2	\N
2198	107	78	1	\N
2199	107	79	1	\N
2200	107	80	1	\N
2201	107	81	1	\N
2202	107	82	2	\N
2203	107	83	2	\N
2204	107	84	2	\N
2205	107	85	2	\N
2206	107	86	3	\N
2207	107	87	3	\N
2208	107	88	1	\N
2209	107	89	3	\N
2210	107	90	3	\N
2211	107	91	2	\N
2212	107	92	1	\N
2213	107	93	2	\N
2214	107	94	5	\N
2215	107	95	2	\N
2216	107	96	1	\N
2217	107	97	2	\N
2218	107	98	2	\N
2219	108	76	2	Verket har mange tekster, men den det er ikke stor variasjon av typer tekster. For det meste historier og utdrag fra andre verk. 
2220	108	77	2	Tar for seg noen dilemmaer som eleven kan relatere til. 
2221	108	78	1	Veldig tydelige instruksjoner og trinnvis framgang i arbeid med stoffet. 
2222	108	79	1	Har med reflektere og diskutere spørsmål. Før og etter tekster. 
2223	108	80	1	\N
2224	108	81	2	Tar for seg deler av mange verk, men ikke mange hele. 
2225	108	82	1	\N
2226	108	83	1	\N
2227	108	84	1	Har skriv selv oppgaver.
2228	108	85	2	\N
2229	108	86	2	\N
2230	108	87	1	Viser tydelige og trinnvis instrukser i forkant av arbeid.  
2231	108	88	2	Ser ikke mye til digitale. 
2232	108	89	1	Noen dilemmaer, men mye tenke oppgaver. 
2233	108	90	2	Omsetter er trinnvis og progressiv, men ser ikke noe til differensiering for elevene i arbeidet. 
2234	108	91	1	Tydelige instrukser og tenke oppgaver i forkant av arbeid. 
2235	108	92	2	\N
2236	108	93	1	\N
2237	108	94	5	Finner ikke digitale læremidler. 
2238	108	95	1	\N
2239	108	96	1	Stiller spørsmål og viser opp igjen tidligere bilder i verket. 
2240	108	97	1	Viser instrukser av verkets oppbygging i starten. 
2241	108	98	2	\N
2242	109	76	3	Utvalget av tekster er snevert.
2243	109	77	3	\N
2244	109	78	3	Læremiddelet har for lite utdypende fagstoff til at det kvalifiserer til dybdelæring. 
2245	109	79	2	Ja fordi boken legger opp til min læring, samtale og samarbeid rundt temaer
2246	109	80	2	\N
2247	109	81	3	En smakebit, men hele verk er det ikke ryddet plass til her.
2248	109	82	2	Ja, til dels gjennom temaer og arbeidsoppgavene tilknyttet læremiddelet.
2249	109	83	2	\N
2250	109	84	2	\N
2251	109	85	2	\N
2252	109	86	3	Finner lite av dette i læreverket.
2253	109	87	5	\N
2254	109	88	2	Ja, til en viss grad. Men det gis bare utdrag av tekster.
2255	109	89	2	\N
2256	109	90	2	En kan i hvertfall tilby elever arbeidsoppgaver for mengdetrening ved hjelp av arbeidsbøkene som følger med læreverket.
2257	109	91	2	\N
2258	109	92	1	\N
2259	109	93	5	Har ikke fått tid til å prøve ut den digitale versjonen.
2260	109	94	5	\N
2261	109	95	1	\N
2262	109	96	1	\N
2263	109	97	1	\N
2264	109	98	1	\N
2265	110	52	1	Fine bilder/tegninger/figurer. Behagelig og rolig fargebruk. Tilstrekkelig "luft" mellom oppgaver og forklaringer etc.
2266	110	53	1	Overskrifter og underoverskrifter. Fin forklaring av ulike symboler på de første sidene.
2267	110	54	1	\N
2268	110	55	2	Multi Smart Øving er jo flott, men jeg er usikker på hvor enkelt det er for elevene å fortsette tidligere arbeid i den digitale boka. 
2269	110	56	1	\N
2270	110	57	2	\N
2271	110	58	2	Jeg er svært usikker på om alt innholdet er tilgjengelig via tastatur.
2272	110	59	2	\N
2273	110	60	2	Joda, men ikke bare høye kognitive krav. 
2274	110	61	1	\N
2275	110	62	1	Egne oppgavetyper som; aktivitet, spill, utforsking.
2276	110	63	1	Egne oppgavetyper som; aktivitet, spill, utforsking.
2277	110	64	2	Det vises ulike strategier og metoder på noe av innholdet.
2278	110	65	2	\N
2279	110	66	2	\N
2280	110	67	2	Det vises til at det finnes flere veier til mål. 
2281	110	68	2	\N
2282	110	69	1	Oppgavene merket "U" for "utforsking" viser dette.
2283	110	70	1	Mange oppgaver er hentet fra/viser til det virkelige liv.
2284	110	71	2	\N
2285	110	72	5	\N
2286	110	73	2	\N
2287	110	74	2	\N
2288	110	75	2	\N
2289	111	76	2	Bokmål og nynorsk er i større grad dekket enn det andre.
2290	111	77	2	\N
2291	111	78	1	Dette er et stort læreverk med både A og B  - bøker. Det har mye innhold som er bra, men skal man drive dybdelæring blir dette nesten for stort. \n\n
2292	111	79	1	Et godt utvalg av oppgaver hvor elevene skal arbeide individuelt eller sammen i par. 
2293	111	80	1	Gode teksteksempler og oppgaver til å sette elevene i gang med meningsskapende tekstarbeid.
2294	111	81	1	\N
2295	111	82	2	\N
2296	111	83	1	Ja, og i tillegg er det muligheter for å gå i dybden med støtte av opgpavene i elevboka og i arbeidsboka
2297	111	84	1	\N
2298	111	85	2	\N
2299	111	86	2	I sammenheng med det vi har i den lokale læreplanen om dialekter så blir det en grei helhet.
2300	111	87	5	\N
2301	111	88	1	\N
2302	111	89	2	\N
2303	111	90	1	Ja, gjennom "mer å lese" og egen arbeidsbok.
2304	111	91	1	\N
2305	111	92	1	\N
2306	111	93	2	\N
2307	111	94	2	\N
2308	111	95	1	\N
2309	111	96	1	\N
2310	111	97	1	\N
2311	111	98	1	\N
2312	112	4	1	Læreverket er ryddig og godt strukturert. \nStrukturen på teksten er ryddig, med oppdeling i avsnitt. Overskrifter og underoverskrifter er på plass. \nJeg synes bildevalgene til hvert enkelt emne er meget godt, med bildetekst til hvert enkelt bilde som man kan reflektere over, eller som gir oss innfallsvinkler til emner vi kan ha samtale om i klassen.  
2313	112	5	1	Som nevnt over synes jeg at læreverket er godt strukturert.  På slutten av hvert kapittel har vi "kort fortalt" som et godt sammendrag på det vi har vært igjennom og fine kapitteloppgaver og fordypningsoppgaver.
2314	112	6	1	\N
2315	112	7	1	Jeg synes at bildeutvalget med bildetekst er nøye og godt utvalgt og passer til temaene i læreverket
2316	112	8	1	\N
2317	112	9	1	\N
2318	112	10	1	\N
2319	112	11	1	\N
2320	112	12	1	\N
2321	112	13	1	\N
2322	112	14	1	\N
2323	112	15	3	Samene - Norges urbefolkning har fått liten plass i dette læreverket.  kun s. 133-137. 
2324	112	16	2	\N
2325	112	17	1	\N
2326	112	18	1	\N
2327	112	19	1	\N
2328	112	20	1	\N
2329	112	21	1	\N
2330	113	4	1	Det tar opp tema som er relevante og tidsaktuelle, som internettbruk og verdens utfordringer. Det starter også fra det nære (jeg, familie, hjem, skole, by) til det fjerne (framtiden, nett(vett), mote, store spørsmål, land der spansk er offisielt språk). CD-ene har autentiske lydopptak, som blir justert i hastighet, lengde og innhold etter progresjonen. Vær obs på at læremiddelet er engelskspråklig og må dessverre oversettes til norsk for bruken i Norge. En tilpasset oversettelse av læremiddelet er sterkt ønsket.
2331	113	5	1	Hvert tema er delt i seks deler med et rødt tråd. Temaene avslutter med ekstra oppgaver der elevene kan utfordre seg selv.
2332	113	6	1	Språket i boka hjelper elevene å utvikle både morsmålet og fremmedspråket i tillegg til alle andre språk elevene kommer i kontakt med i framtiden ved å bruke konvensjonelle grammatiske terminologi på en tilgjengelig måte.
2333	113	7	1	Læremiddelet er fargerikt, har bilder og lytteoppgaver. Mange av oppgavene krever egen produksjon, muntlig og skriftlig. Det kan være å skrive, å snakke, å tegne, å designe, å jobbe med en liten prosjekt. Noen av oppgavene viser læreren til ressurser på nettet slik av elevene også får mulighet til læring via video. Det er mulig å få læreverket via Kerboodle slik at man får tilgang til ekstra ressurser som video, ekstra oppgaver, prøver osv. Denne delen er ikke vurdert her.
2334	113	8	1	Lærerens bok viser til flere måter å tilpasse oppgavene til både svakere og sterkere grupper/elever. Selve oppgavene er formulerte på en måte som gjør det mulig for alle elever, på alle nivåer, å løse dem.
2335	113	9	1	Boka inneholder tekster fra forskjellige sjanger, den har også ekstra informasjon om spansktalende land og dets kultur.
2336	113	10	1	Hver del av temaene har en strategi som elevene øver på i minst et av oppgavene. Det ønskes at elevene skal fortsette å bruke de læringsstrategiene framover. Disse kan bli brukt ved andresspråkslæring, og i andre situasjoner og fagområder.
2337	113	11	1	Ved å støtte elevene i å sammenligne sin egen virkelighet med den av andre kulturer, og stille refleksjons spørsmål om egen forståelse av seg selv og andre er boka fin til å støtte kritisk tenkning og etisk bevissthet. 
2338	113	12	1	Elevene har mulighet til å undersøke utfordringer i spansktalende land, både mtp. det sosiale og miljø. De får også undersøke grammatiske strukturer ved å sammenligne med språkene de kan fra før av, og forhandle regler og mening i felleskap.
2339	113	13	1	Elevene får samhandle både i og utenfor læremiddelet. Noen oppgaver krever par- og gruppearbeid, andre aktiviteter utføres i plenum. Det de lærer i klasserommet skal kunne brukes både i og utenfor skolen fra første dag. 
2340	113	14	1	Ved å vise til forskjellene og likheter mellom spansktalende land, samt sammenligning med egne erfaringer blir elevene satt i posisjon til å vurdere sin egen rolle i inkluderingen og mangfold i Norge og i verden. 
2341	113	15	5	Urfolkets historie, kultur, språk, samfunnsliv og rettigheter kan bli aktuelt dersom elevene kan være av samisk opphav. 
2342	113	16	1	Elevene lærer å forstå, og å bli forstått på spansk. I tillegg lærer elevene å samhandle med medelevene, å bygge opp kunnskap og kompetanse i felleskap, å kommunisere formelt og uformelt. De får kunnskap om de forskjellige kulturer og levesett innenfor den spansktalende verden, og verket bidrar til interkulturelt forståelse. Elevene blir bevisste sin egen identitet, og blir kjente med andre identiteter, bakgrunn, tenkemåter og verdier, uttryksformer, tradisjoner og samfunnsforhold. Elevene videreutvikler kritisk tenkning.
2343	113	17	1	Se tidligere svar.
2344	113	18	2	Boka peker ikke direkte til andre fag, men det er en naturlig sammenheng mellom fremmedspråklæring og norsk, samfunnsfag, naturfag, matte, KRLE, mat og helse, musikk, osv. Her må læreren være i forkant med å identifisere disse mulighetene ved hvert enkelt tema.
2345	113	19	1	Elevene får skrive, snakke, presentere, lese og bruke digitale verktøy gjennom hele opplegget.
2346	113	20	1	Boka er godt tilpasset progresjonen for et klasserom der noen går litt raskere mens andre går litt saktere. Sterkere elever kan utfordres med ekstra oppgaver/aktiviteter, svakere elever kan få ekstra støtte slik beskrevet i Lærerens bok. 
2347	113	21	1	Lærerens boka viser til oppgaver som kan brukes som underveisvurderinger i tillegg til fremgangsmåter, modeller for sluttvurderingsoppgaver, og rubrikk for scoring.
2348	114	4	1	Har dagsaktuelle tema. Stiller relevante spørsmål, som målgruppen kan ønske å vite noe om.
2349	114	5	1	Enkel og oversiktlig oppbygning av kapitler og emner, samsvarer med det digitale i skolestudio.no
2350	114	6	1	Ordbibliotek forklarer vanskelige ord og begreper, samt i sammendrag, og som tekst lenker til ordene på skolestudio
2351	114	7	1	Bra kombinasjon av bilde og tekst til kombinasjoner av verbaltekst, film og lyd på skolestudio.no
2352	114	8	1	Sammen med skolestudio.no, så har læreboken flere muligheter til å tilpasse lærestoffet. 
2353	114	9	2	Kunne gjerne vært noen flere, og større bredde i aktiviteter og forsøk
2354	114	10	2	For å få et fullt utbytte må man ha både lærebok og skolestudio.no
2355	114	11	1	Tar for seg hva som kjennetegner en god kritisk tenker
2356	114	12	2	Kunne godt hatt enda mer aktiviteter rundt utforskning innen for temaene. 
2357	114	13	1	Det ligger muligheter til samarbeid og samtaler rundt lærestoffet, men det er læreren som må sette i gang samarbeidet. 
2358	114	14	2	Usikker på i hvor stor grad dette kommer frem i læremiddelet
2359	114	15	2	Tar i hovedsak for seg tradisjonell samisk kunnskap om naturen
2360	114	16	1	Inneholder oppdatert faglig kunnskap, som knyttes til elevenes hverdag
2361	114	17	1	Inneholder kjennetegn på kjerneelementene i faget
2362	114	18	2	I noen tema mer enn andre
2363	114	19	2	Noen grunnleggende ferdigheter vil være mer fremtredende enn andre
2364	114	20	1	God progresjon, fra 8. til 10. trinn
2365	114	21	2	Kompetansemål og læringsmål burde kommet klarere frem i læreboken, ikke bare i lærerveiledningen på skolestudio.no!
2366	115	4	2	Læreboken virker litt tung og tradisjonell (Kjedelig i sin form og oppsett)
2367	115	5	2	Tradisjonelt oppsett med fagstoff først, ordforklaringer(Bra!), oppgaver (delt i lese og svare, gjøre og lære, diskusjonsoppgaver og gå videre med litt fordypningspreg) likte det.\nPå det digitale skolenmin.cdu.no er det ikke en direkte sammenheng mellom lærebok og det digitale lærestoffet. Lærestoffet på cdu.no er tillegg og fordypning, kan nesten brukes selvstendig.\n
2368	115	6	2	Forklarer endel ord og begreper, men endel av teksten i 9. og 10 bøkene fordrer at man som leser husker ord og begreper, som er blitt forklart i tidligere lærestoff. Mye tekst.
2369	115	7	2	Mye tekst, enkle  bilder og illustrasjoner, men ikke mulig å få høytlesning på teksten digitalt. Filmer på digital platform
2370	115	8	2	Litt vanskelig, når læreverk og digital plattform ikke kjører helt likt på lærestoff. Må i så fall ha unibok i tillegg.
2371	115	9	2	Rikt innhold ja, variert er noe delvis.
2372	115	10	1	Legger opp til Lesing, diskusjon, og gjøring med fordypning
2373	115	11	2	Har noe på 8. trinn ellers finer jeg lite.
2374	115	12	1	Har gjør og lær oppgaver, Gå videre oppgaver, og Forsøk og aktiviteter samt endel utforsk miniprosjekt m.m. på dogotal platform.
2375	115	13	1	Legger opp til diskusjoner og samarbeidsoppgaver.
2376	115	14	2	Ser at de har prøvd, men usikker i hvor stor grad de har lykkes.
2377	115	15	2	Bilde av rein og samer i 8. klasse boken, samt en side om urbefolkning.
2378	115	16	2	Ja, men litt usikker på hvor godt de lykkes, da jeg ikke med engang kan si hvor det konkret kommer tydelig frem
2379	115	17	1	Kjennetegnene på kjerneelementene i faget er med
2380	115	18	2	Innen for enkelte emner og tema
2381	115	19	1	\N
2382	115	20	2	Når jeg ser på årsplanene for faget, så finner jeg det ikke like godt i gjenn her som i Element
2383	115	21	2	Lærerens arbeid syns jeg ikke støttes like godt her
2384	116	4	1	Virker litt tradisjonelt i starten, men har mye illustrasjoner, og en digital plattform, som har mye tillegg, samt kan kjøres for seg, eller sammen.
2385	116	5	1	Vanlig tradisjonelt oppsett for lærebok i naturfag\nBegrunnelser over ord og begreper kommer i eget oppsett bak i boken, eller som "Bruk begrepene" på aunivers.lokus.no.
2386	116	6	2	Noe tungt språk
2387	116	7	1	I tillegg til tekst, illustrasjoner, bilder og grafer, er det film og opplesning av fagtekst på digital plattform
2388	116	8	1	Opplesning av tekst, samt forklarende filmer på digital platform
2389	116	9	1	Ja dersom man ser lærebok og digitalt læremiddel sammen.
2390	116	10	2	Usikker i hvor stor grad variasjoner kommer frem i læreverket
2391	116	11	2	Litte grann i 9. klasse boken
2392	116	12	2	Aktiviteter og forsøk i bok og digitalt
2393	116	13	1	Har lagt inn diskusjons oppgaver, Tenk etter spørsmål underveis i hvert emne.
2394	116	14	2	Kunne klart vært mer tydeliggjort
2395	116	15	2	Det er så vidt nevn litt på noen sider i 10. klasse boken
2396	116	16	2	Oppdatert faglig, men kan sikkert bli mer tydelig på hvorfor det er viktig å lære om akkurat disse emnene som er med her.
2397	116	17	1	Kjennetegn på kjerneelementer er med
2398	116	18	1	Har innlagte refleksjons oppgaver underveis i emner der dette kan ivaretas
2399	116	19	1	Litt ulikt for de enkelte emnene
2400	116	20	1	Ja, årsplaner m.m. viser sammenheng og progresjon i kompetansemålene fra 8 til 10. trinn.
2401	116	21	1	En del tips og hjelp finner man på lærerens side på digital plattform.
2402	117	1	5	\N
2403	117	2	5	\N
2404	117	3	5	\N
2405	118	76	1	\N
2406	118	77	1	Gode illustrasjoner som støtter opp om innholdet i teksten og stimulerer leseglede og nysgjerrighet.
2407	118	78	1	\N
2408	118	79	1	\N
2409	118	80	1	Salto bruker BISON gjennomgående i hele leseboka.
2410	118	81	1	\N
2411	118	82	1	\N
2412	118	83	1	\N
2413	118	84	1	\N
2414	118	85	1	\N
2415	118	86	1	\N
2416	118	87	5	Dette er ikkje vurdert fordi me ikkje ønsker å bruke dette læreverket på 1.trinn.\n\nTekstene er differensierte på ulike nivå.
2417	118	88	1	\N
2418	118	89	1	\N
2419	118	90	1	\N
2420	118	91	1	\N
2421	118	92	1	\N
2422	118	93	1	\N
2423	118	94	1	\N
2424	118	95	1	\N
2425	118	96	1	\N
2426	118	97	1	\N
2427	118	98	1	\N
2428	119	22	1	\N
2429	119	23	1	\N
2430	119	24	2	\N
2431	119	25	2	\N
2432	119	26	1	\N
2433	119	27	1	\N
2434	119	28	1	\N
2435	119	29	1	\N
2436	119	30	1	\N
2437	119	31	4	Ingen data samles inn på noen nettsider..
2438	119	32	1	\N
2439	119	33	2	\N
2440	119	34	1	\N
2441	119	35	2	\N
2442	119	36	2	\N
2443	119	37	1	\N
2444	119	38	1	\N
2445	119	39	1	\N
2446	119	40	1	\N
2447	119	41	1	\N
2448	119	42	1	\N
2449	119	43	2	\N
2450	119	44	5	\N
2451	119	45	1	\N
2452	119	46	1	\N
2453	119	47	2	\N
2454	119	48	1	\N
2455	119	49	1	\N
2456	119	50	1	\N
2457	119	51	2	\N
2458	120	22	1	Sanger, gaming, film, faktatekster, rollespill, dikt
2459	120	23	1	Utdrag fra Poccahontas, Oliver Twist, Heksene, Guinnes World Record\nNye og eldre fortellinger. 
2460	120	24	1	Meget fine illustrasjoner\nTekst om United nations day\nTekster om UK og USA, Australia. \n
2461	120	25	2	Fokus på fritidsinteresser og hobbyer. \nVariert utseende på illustrasjonene. 
2462	120	26	1	Inviterer til rollespill, "talk about"-oppgaver = diskusjonsoppgaver, bokser med fun facts, sanger, 
2463	120	27	1	Lagt opp til spørsmål til hverandre og diskusjon, og dialog og rollespill. \nFå og større kapitler. 
2464	120	28	2	Legger opp til skriveoppgave til hvert kapittel. 
2465	120	29	1	Ja. 
2466	120	30	1	Tydelige og få mål i start ved hvert kapittel. \nVurderingsoppgave til hvert kapittel. 
2467	120	31	1	\N
2468	120	32	1	\N
2469	120	33	1	\N
2470	120	34	1	\N
2471	120	35	2	\N
2472	120	36	2	\N
2473	120	37	1	\N
2474	120	38	1	Before og after reading\nStrategier i starten av boken. 
2475	120	39	1	\N
2476	120	40	2	\N
2477	120	41	1	\N
2478	120	42	1	\N
2479	120	43	1	\N
2480	120	44	1	Mye variasjon
2481	120	45	1	Veldig gode kriterieark og modelltekster til mange ulike typer tekster som elevene skal skrive selv. 
2482	120	46	1	\N
2483	120	47	1	\N
2484	120	48	1	\N
2485	120	49	1	\N
2486	120	50	1	\N
2487	120	51	1	\N
2488	121	4	5	Fordi spm er teit
2489	121	5	3	\N
2490	121	6	4	\N
2491	121	7	4	\N
2492	121	8	4	\N
2493	121	9	3	\N
2494	121	10	3	\N
2495	121	11	3	\N
2496	121	12	3	\N
2497	121	13	3	\N
2498	121	3	5	\N
2499	122	76	1	\N
2500	122	77	1	\N
2501	122	78	2	\N
2502	122	79	1	\N
2503	122	80	2	\N
2504	122	81	2	\N
2505	122	82	2	\N
2506	122	83	1	\N
2507	122	84	1	\N
2508	122	85	2	\N
2509	122	86	1	\N
2510	122	87	5	\N
2511	122	88	1	\N
2512	122	89	1	\N
2513	122	90	1	\N
2514	122	91	1	\N
2515	122	92	1	\N
2516	122	93	2	\N
2517	122	94	5	\N
2518	122	95	1	\N
2519	122	96	1	\N
2520	122	97	3	\N
2521	122	98	1	\N
2522	123	76	2	\N
2523	123	77	2	\N
2524	123	78	1	\N
2525	123	79	1	\N
2526	123	80	1	\N
2527	123	81	1	\N
2528	123	82	1	\N
2529	123	83	2	\N
2530	123	84	1	\N
2531	123	85	1	\N
2532	123	86	1	\N
2533	123	87	5	\N
2534	123	88	2	\N
2535	123	89	1	\N
2536	123	90	5	Finner ikke så mye om dette, men ser at man kan differensiere oppgavene og oppgavemengden noe selv. (Mulig det finnes noe mer)
2537	123	91	1	\N
2538	123	92	1	\N
2539	123	93	1	Veldig ryddig og oversiktlig. Lett å finne fram. Godt gjennomtenkt.
2540	123	94	1	\N
2541	123	95	1	\N
2542	123	96	1	\N
2543	123	97	1	\N
2544	123	98	1	\N
2545	124	76	1	\N
2546	124	77	2	\N
2547	124	78	2	\N
2548	124	79	2	\N
2549	124	80	1	\N
2550	124	81	1	\N
2551	124	82	1	\N
2552	124	83	1	\N
2553	124	84	1	\N
2554	124	85	2	\N
2555	124	86	2	\N
2556	124	87	5	\N
2557	124	88	2	\N
2558	124	89	2	\N
2559	124	90	2	\N
2560	124	91	3	\N
2561	124	92	2	\N
2562	124	93	2	\N
2563	124	94	1	\N
2564	124	95	1	\N
2565	124	96	3	\N
2566	124	97	2	\N
2567	124	98	1	\N
2568	125	76	1	\N
2569	125	77	2	\N
2570	125	78	2	\N
2571	125	79	1	\N
2572	125	80	2	\N
2573	125	81	1	\N
2574	125	82	1	\N
2575	125	83	2	\N
2576	125	84	2	\N
2577	125	85	2	\N
2578	125	86	1	\N
2579	125	87	5	\N
2580	125	88	1	\N
2581	125	89	1	\N
2582	125	90	1	\N
2583	125	91	2	\N
2584	125	92	2	\N
2585	125	93	3	\N
2586	125	94	1	\N
2587	125	95	1	\N
2588	125	96	2	\N
2589	125	97	3	At det ikke er sortert på klassetrinn kan gjøre at verket virker noe mindre strukturert og oversiktlig for både lærer og elever - men på den andre siden gjør det det lettere å differensiere/tilpasse
2590	125	98	1	\N
2591	126	4	2	\N
2592	126	5	1	\N
2593	126	6	1	\N
2594	126	7	2	\N
2595	126	8	2	\N
2596	126	9	1	\N
2597	126	10	1	\N
2598	126	11	1	\N
2599	126	12	2	\N
2600	126	13	2	\N
2601	126	14	1	\N
2602	126	15	2	\N
2603	126	16	1	\N
2604	126	17	1	\N
2605	126	18	1	\N
2606	126	19	2	\N
2607	126	20	1	\N
2608	126	21	1	\N
2609	127	4	2	\N
2610	127	5	2	\N
2611	127	6	1	\N
2612	127	7	1	\N
2613	127	8	3	\N
2614	127	9	1	\N
2615	127	10	1	Verktøykassa er meget bra - og dekker det meste.
2616	127	11	1	\N
2617	127	12	1	\N
2618	127	13	1	\N
2619	127	14	2	\N
2620	127	15	2	\N
2621	127	16	1	\N
2622	127	17	1	Verktøykassa!
2623	127	18	1	\N
2624	127	19	1	\N
2625	127	20	1	\N
2626	127	21	2	\N
2627	128	4	2	\N
2628	128	5	1	\N
2629	128	6	1	\N
2630	128	7	2	\N
2631	128	8	1	\N
2632	128	9	1	\N
2633	128	10	2	\N
2634	128	11	1	\N
2635	128	12	2	\N
2636	128	13	2	\N
2637	128	14	2	\N
2638	128	15	1	\N
2639	128	16	1	\N
2640	128	17	1	\N
2641	128	18	1	\N
2642	128	19	2	\N
2643	128	20	1	\N
2644	128	21	1	\N
2645	129	4	2	Test
2646	129	8	2	Test
2647	129	14	3	Test
2648	130	4	1	Jeg synes emnene er viktige for faget, og det er lagt frem i læremiddelet på en fin måte. Progresjonen virker bra.
2649	130	5	1	\N
2650	130	6	2	\N
2651	130	7	2	\N
2652	130	8	3	\N
2653	130	9	1	\N
2654	130	10	1	\N
2655	130	11	2	\N
2656	130	12	2	\N
2657	130	13	2	\N
2658	130	14	1	\N
2659	130	15	2	\N
2660	130	16	2	\N
2661	130	17	1	\N
2662	130	18	2	\N
2663	130	19	2	\N
2664	130	20	1	\N
2665	130	21	3	\N
2666	131	4	4	\N
2667	131	5	3	\N
2668	131	6	3	\N
2669	131	7	4	\N
2670	131	8	3	\N
2671	131	9	3	\N
2672	131	10	3	\N
2673	131	11	2	\N
2674	131	12	3	\N
2675	131	13	3	\N
2676	131	14	2	\N
2677	131	15	3	\N
2678	131	16	2	\N
2679	131	17	3	\N
2680	131	18	2	\N
2681	131	19	3	\N
2682	131	20	3	\N
2683	131	21	3	\N
2684	132	4	2	\N
2685	132	5	2	\N
2686	132	6	1	\N
2687	132	7	1	\N
2688	132	8	1	\N
2689	132	9	1	\N
2690	132	10	2	\N
2691	132	11	5	\N
2692	132	12	2	\N
2693	132	13	1	\N
2694	132	14	1	\N
2695	132	15	1	\N
2696	132	16	1	\N
2697	132	17	1	\N
2698	132	18	1	\N
2699	132	19	2	\N
2700	132	20	1	\N
2701	132	21	1	\N
2702	133	4	2	\N
2703	133	5	2	\N
2704	133	6	1	\N
2705	133	7	2	\N
2706	133	8	2	\N
2707	133	9	3	Innholdet er variert, men jeg synes ikke bøkene går nok inn i de ulike emnene, men har litt kort om veldig mange.
2708	133	10	2	\N
2709	133	11	2	\N
2710	133	12	2	\N
2711	133	13	1	\N
2712	133	14	2	\N
2713	133	15	2	Synes det sto litt for lite om dette emnet samlet sett.
2714	133	16	2	\N
2715	133	17	2	\N
2716	133	18	2	\N
2717	133	19	2	\N
2718	133	20	2	Støtter kanskje ikke dybdelæring nok?
2719	133	21	2	\N
2720	134	52	1	\N
2721	134	53	2	\N
2722	134	54	1	\N
2723	134	55	1	\N
2724	134	56	1	\N
2725	134	57	4	Jeg finner ikke lyttealternativer. 
2726	134	58	3	\N
2727	134	59	2	\N
2728	134	60	2	\N
2729	134	61	2	\N
2730	134	62	1	\N
2731	134	63	2	\N
2732	134	64	1	\N
2733	134	65	2	\N
2734	134	66	2	\N
2735	134	67	3	\N
2736	134	68	2	\N
2737	134	69	5	\N
2738	134	70	2	\N
2739	134	71	1	\N
2740	134	72	2	\N
2741	134	73	2	\N
2742	134	74	1	\N
2743	134	75	2	\N
2744	135	4	1	\N
2745	135	5	3	\N
2746	135	6	2	\N
2747	135	7	1	\N
2748	135	8	1	\N
2749	135	9	1	\N
2750	135	10	1	\N
2751	135	11	1	\N
2752	135	12	2	\N
2753	135	13	1	\N
2754	135	14	2	\N
2755	135	15	2	\N
2756	135	16	1	\N
2757	135	17	1	\N
2758	135	18	1	\N
2759	135	19	2	\N
2760	135	20	1	\N
2761	135	21	1	\N
2762	136	76	1	Jeg synes verket er dekkende for emnene som er med, og at det går grundig inn i emnene. 
2763	136	77	1	\N
2764	136	78	1	\N
2765	136	79	2	\N
2766	136	80	1	\N
2815	138	4	2	\N
2816	138	5	3	\N
2767	136	81	1	Synes oppgavene som er lagt inn, og fokustekst til sidene, bokser med tekst, bilder mm. passer godt inn.
2768	136	82	2	\N
2769	136	83	1	\N
2770	136	84	1	\N
2771	136	85	2	\N
2772	136	86	1	\N
2773	136	87	3	\N
2774	136	88	1	\N
2775	136	89	2	\N
2776	136	90	2	\N
2777	136	91	1	\N
2778	136	92	1	\N
2779	136	93	2	\N
2780	136	94	2	\N
2781	136	95	2	\N
2782	136	96	1	\N
2783	136	97	1	Liker bøkene veldig godt, innhold og utforming.
2784	136	98	1	\N
2785	137	22	1	Spennende tema, med fine tekster tilpasset elevenes interesser.
2786	137	23	1	Møter ulike typer tekster og sjangrer gjennom læreverket.
2787	137	24	1	\N
2788	137	25	1	\N
2789	137	26	2	\N
2790	137	27	1	Læreverket jobber med ulike tema gjennom boken der man møter ulike tekster og arbeidsoppgaver.
2791	137	28	3	Det er mye les og svar på spørsmål til tekstene.
2792	137	29	2	Læreverket legger til rette for diskusjon rundt tekster
2793	137	30	2	Læreverket har ulike oppgaver for refleksjon over egen læring.
2794	137	31	5	Uvisst. 
2795	137	32	2	\N
2796	137	33	2	\N
2797	137	34	2	Legger til rette for å snakke om tekst.
2798	137	35	3	Hovedfokus på amerikansk kultur og USA.
2799	137	36	3	\N
2800	137	37	1	\N
2801	137	38	2	\N
2802	137	39	1	Gir god veiledning i tekstproduksjon.
2803	137	40	2	\N
2804	137	41	2	Det er flere "talking partners" oppgaver som legger til rette for muntlighet. 
2805	137	42	1	Inneholder gode gloseoversikter.
2806	137	43	2	\N
2807	137	44	1	Læreverket har gode metatekster som viser hvordan en tekst bygges opp av ulike deler.
2808	137	45	1	\N
2809	137	46	2	\N
2810	137	47	2	\N
2811	137	48	1	\N
2812	137	49	1	\N
2813	137	50	1	\N
2814	137	51	2	\N
2817	138	6	2	\N
2818	138	7	1	\N
2819	138	8	2	\N
2820	138	9	1	\N
2821	138	10	2	\N
2822	138	11	2	\N
2823	138	12	2	\N
2824	138	13	2	\N
2825	138	14	2	\N
2826	138	15	2	\N
2827	138	16	1	\N
2828	138	17	2	\N
2829	138	18	1	\N
2830	138	19	2	\N
2831	138	20	1	\N
2832	138	21	2	\N
2833	139	76	1	Veldig godt utvalg av spennende tekster.
2834	139	77	2	\N
2835	139	78	2	Den har litt kjedelig utforming, men kvalitet i innholdet.
2836	139	79	2	\N
2837	139	80	2	\N
2838	139	81	1	\N
2839	139	82	1	\N
2840	139	83	1	\N
2841	139	84	1	\N
2842	139	85	2	\N
2843	139	86	1	\N
2844	139	87	3	\N
2845	139	88	2	\N
2846	139	89	1	\N
2847	139	90	2	\N
2848	139	91	1	\N
2849	139	92	2	\N
2850	139	93	2	\N
2851	139	94	2	\N
2852	139	95	2	\N
2853	139	96	2	Litt kjedelig layout men innholdet er bra.
2854	139	97	2	\N
2855	139	98	2	\N
2856	140	76	2	\N
2857	140	77	2	\N
2858	140	78	1	Læreverket har fordypningsoppgaver
2859	140	79	1	Læreverket har oppgaver som ser på læringsprosess og elevens læring.
2860	140	80	1	Skriveoppgaver i ulike sjangre
2861	140	81	1	\N
2862	140	82	1	Et eget kapittel om det å lese kritisk.
2863	140	83	1	Oppgaver til samtale om tekst.
2864	140	84	2	\N
2865	140	85	2	Tar opp språket i Norge som tema
2866	140	86	2	\N
2867	140	87	2	Gir gode lesestrategier man kan bruke. 
2868	140	88	2	\N
2869	140	89	3	\N
2870	140	90	3	\N
2871	140	91	2	\N
2872	140	92	2	\N
2873	140	93	5	\N
2874	140	94	5	\N
2875	140	95	3	Litt lite tekster på nynorsk
2876	140	96	2	\N
2877	140	97	1	\N
2878	140	98	1	\N
2879	141	76	2	Skulle vært hard perm og ikke myk. 
2880	141	77	2	\N
2881	141	78	1	\N
2882	141	79	2	\N
2883	141	80	1	\N
2884	141	81	2	\N
2885	141	82	2	\N
2886	141	83	2	\N
2887	141	84	2	\N
2888	141	85	2	\N
2889	141	86	1	\N
2890	141	87	2	\N
2891	141	88	2	\N
2892	141	89	2	\N
2893	141	90	2	\N
2894	141	91	2	\N
2895	141	92	1	\N
2896	141	93	2	\N
2897	141	94	2	\N
2898	141	95	2	\N
2899	141	96	2	\N
2900	141	97	2	\N
2901	141	98	1	\N
2902	142	52	2	\N
2903	142	53	1	\N
2904	142	54	2	\N
2905	142	55	1	\N
2906	142	56	1	\N
2907	142	57	1	\N
2908	142	58	3	\N
2909	142	59	1	\N
2910	142	60	2	\N
2911	142	61	2	\N
2912	142	62	1	\N
2913	142	63	1	\N
2914	142	64	1	\N
2915	142	65	2	\N
2916	142	66	2	\N
2917	142	67	2	\N
2918	142	68	2	\N
2919	142	69	2	\N
2920	142	70	1	\N
2921	142	71	2	\N
2922	142	72	2	\N
2923	142	73	2	\N
2924	142	74	2	\N
2925	142	75	2	\N
2926	143	52	3	Litt kjedelig perm. Stor skrift. Litt mye på sidene, kan virke litt uoversiktlig. 
2927	143	53	2	Boka hopper litt rett inn i emner. For eksempel hopper 5. klasse RETT INN i brøk, uten å ha noe "innledende" om f.eks. tall og tallforståelse først. 
2928	143	54	1	\N
2929	143	55	5	Har ikke tilgang til digital ressurs. 
2930	143	56	5	Har ikke tilgang til digital ressurs. 
2931	143	57	5	Vet ikke. 
2932	143	58	5	Vet ikke. 
2933	143	59	1	\N
2934	143	60	2	Har i oppgaver i flere vanskelighetsgrader, men noen ganger litt få av de vanskeligste oppgavene. 
2935	143	61	2	\N
2936	143	62	1	\N
2937	143	63	1	\N
2938	143	64	2	\N
2939	143	65	2	\N
2940	143	66	5	Klarer ikke å svare på dette, og det tyder vel på at jeg kanskje er uenig... 
2941	143	67	3	Det er tips i boka til hva som kan være lurt å gjøre, men kanskje ikke så mye refleksjon over egen læring. 
2942	143	68	2	\N
2943	143	69	3	Få oppgaver oppfattes som problem. 
2944	143	70	2	\N
2945	143	71	2	\N
2946	143	72	2	\N
2947	143	73	2	\N
2948	143	74	2	\N
2949	143	75	3	\N
2950	144	52	1	Fint, rolig og lyst design. Stor størrelse på skriften, men veldig overkommelig mengde på sidene. Bare ei bok for 5. klasse; fint å ikke ha A og B. \n
2951	144	53	1	\N
2952	144	54	2	\N
2953	144	55	2	Litt kronglete nettside. Ikke helt samsvar mellom bok og nettside hele tiden. 
2954	144	56	3	Lett å følge opp lekser/gjøremål, men ikke lett å følge med på alt annet arbeid. 
2955	144	57	2	\N
2956	144	58	2	\N
2957	144	59	1	\N
2958	144	60	3	Har litt for få utfordringer. Vanskelighetsgraden er ofte lav. 
2959	144	61	1	\N
2960	144	62	1	\N
2961	144	63	1	God lærerressurs med mange tips til forskjellige arbeidsmåter. 
2962	144	64	1	\N
2963	144	65	2	Savner mer problemløsning og utforsking. 
2964	144	66	3	\N
2965	144	67	2	\N
2966	144	68	2	\N
2967	144	69	3	Det er utfordringer i boka, men sjelden åpne problemløsningsoppgaver hvor elevene må tenke helt "fritt".
2968	144	70	1	\N
2969	144	71	1	\N
2970	144	72	2	\N
2971	144	73	2	\N
2972	144	74	2	\N
2973	144	75	1	\N
2974	145	52	2	Fin bok. Litt mye med både A og B. Litt fulle sider noen steder, kan virke litt uoverkommelig. 
2975	145	53	2	Oversikten gir oversikt, men det er litt mye hopping mellom tema. Går lite i dybden, i stedet hopper temaene rundt. 
2976	145	54	1	\N
2977	145	55	1	\N
2978	145	56	1	Har ikke brukt læreressursen i Skolestudio, men Smart Øving fungerer godt. 
2979	145	57	1	\N
2980	145	58	1	\N
2981	145	59	1	\N
2982	145	60	2	Kunne godt hatt noen enda større utfordringer. 
2983	145	61	1	\N
2984	145	62	1	\N
2985	145	63	1	God lærerressurs som gir mange tips til arbeidsmåter. 
2986	145	64	1	\N
2987	145	65	2	\N
2988	145	66	3	\N
2989	145	67	2	\N
2990	145	68	2	\N
2991	145	69	3	Det er mange utforskingsoppgaver i boka, men få åpne problemløsningsoppgaver. Det er derimot mange problemløsningsoppgaver i kopiperm fra Multi. 
2992	145	70	1	\N
2993	145	71	1	\N
2994	145	72	2	\N
2995	145	73	2	\N
2996	145	74	2	\N
2997	145	75	3	\N
2998	146	76	1	\N
2999	146	77	1	\N
3000	146	78	1	I starten av hvert kapittel er det en utfordringsoppgave. Ellers så er det gode oppgaver til tekstene, og hvert kapittel avsluttes med en dybdelesingstekst med utfordrende oppgaver som går i dybden.
3001	146	79	1	Ja, den legger opp til ulike strategier og bevisstgjøring hos elevene. De blir oppfordret til å stoppe i løpet av teksten og reflektere over ulike aspekter i tekstene. De skal også si noe om hvordan de selv tenker best.
3002	146	80	1	\N
3003	146	81	1	Ja, men det er ingen hele verk i boka. Da må læreren selv skaffe seg det hele verket. Men det er flere eksempler på god litteratur som er fengende for elevene i denne alderen. Da kan læreren ta i bruk et helt verk der læreren ser at elevene er ekstra interessert i verket.
3004	146	82	1	\N
3005	146	83	1	Ja, mange av oppgavene er lagt opp slik at læreren godt kan ta dem muntlig. Det legges også opp til å lage felles klasseplakater med tips til ulike faglige oppdrag. Eks: Lytteplakat over hvordan være en god lytter.
3006	146	84	1	\N
3007	146	85	1	\N
3008	146	86	1	\N
3009	146	87	5	\N
3010	146	88	1	\N
3011	146	89	1	\N
3012	146	90	1	\N
3013	146	91	1	\N
3014	146	92	1	\N
3015	146	93	1	\N
3016	146	94	5	\N
3017	146	95	1	\N
3018	146	96	1	\N
3019	146	97	1	\N
3020	146	98	1	\N
3021	147	76	1	\N
3022	147	77	5	Klarer ikke begrunne dette. 
3023	147	78	2	To veldig store og tunge bøker, med mange kapitler. Virker litt uoverkommelig. 
3024	147	79	2	Mål før hvert kapittel, egenvurdering til slutt. 
3025	147	80	1	\N
3026	147	81	1	\N
3027	147	82	5	Klarer ikke begrunne dette. 
3028	147	83	1	\N
3029	147	84	1	\N
3030	147	85	2	\N
3031	147	86	2	\N
3032	147	87	5	\N
3033	147	88	1	\N
3034	147	89	3	\N
3035	147	90	2	\N
3036	147	91	2	\N
3037	147	92	2	\N
3038	147	93	3	Oversikten over elevenes arbeid kunne vært bedre...
3039	147	94	1	\N
3040	147	95	1	\N
3041	147	96	1	Fine bøker. Fargerikt, men med duse, rolige farger. Mange illustrasjoner, ryddig. 
3042	147	97	2	Kapitlene kan virke litt uforståelig og uoverkommelige med en gang, med mange "undertema" i hvert kapittel. Oppbygningen blir mer forståelig etter hvert. 
3043	147	98	1	\N
3044	148	4	2	test email
3045	148	5	4	test email
3046	148	6	1	test email
3047	148	7	2	test email
3048	148	8	5	test email
3049	148	9	4	test email
3050	148	10	2	test email
3051	148	11	1	test email
3052	148	12	2	test email
3053	148	13	1	test email
3054	148	14	2	test email
3055	148	15	5	test email
3056	148	16	1	test email
3057	148	17	4	test email
3058	148	18	3	test email
3059	148	19	3	test email
3060	148	20	1	test email
3061	148	21	1	test email
3062	149	76	1	\N
3063	149	77	1	\N
3064	149	78	1	\N
3065	149	79	1	\N
3066	149	80	1	\N
3067	149	81	2	Ingen tilfeller av hele verk, i bøkene til Kaleido 6
3068	149	82	1	\N
3069	149	83	1	\N
3070	149	84	1	\N
3071	149	85	1	\N
3072	149	86	1	\N
3073	149	87	5	\N
3074	149	88	1	\N
3075	149	89	2	Boken går såvidt inn på bruken av kilder, og hvordan man må gjøre dette på riktig og klok måte. Ellers lite. 
3076	149	90	2	Bøkene legger opp til oppgaver tilhørende tekst med varierende innhold. Oppgavene blir vanskeligere og vanskeligere, så slik kan det tilpasses klassen/enkeltelever. 
3077	149	91	1	\N
3078	149	92	2	\N
3079	149	93	1	\N
3080	149	94	1	\N
3081	149	95	1	\N
3082	149	96	1	\N
3083	149	97	1	\N
3084	149	98	1	\N
3085	150	22	2	Læremiddelet har både autentiske og tilpassede tekster som er relevante. Det fremstår som at det er en klar overvekt av tilpassede tekster. Noen flere autentiske tekster, og gjerne noen som kunne vært litt lengre, hadde vært fint. Det er fint at det er lagt opp til ulike emner for å kunne treffe bredt når det gjelder interesser. 
3086	150	23	2	\N
3087	150	24	1	\N
3088	150	25	3	Synes ikke det er lagt spesielt vekt på dette i læremiddelet. Det er naturlig nok noe vektlegging på variasjoner innenfor den engelskspråklige verden
3089	150	26	1	Forslag til ulike arbeidsmåter og tilnærminger til lærestoffet til alle kapitler, og gode lærerveiledninger. 
3090	150	27	1	Se forrige punkt 
3091	150	28	2	Læreverket har oppgaver som lar elevene utforske, og derfor er jeg delvis enig i denne påstanden. Opplever at verket kunne ha jobbet mer med hvordan man kan overføre den man kan til nye og ukjente situasjoner. 
3092	150	29	2	Dette varierer nokså mye i ulike kapitler og trinn 
3093	150	30	1	I arbeidsbøkene er det lagt opp til at man på slutten av hvert kapittel skal reflektere over egen læring. Forslag til hvordan dette kan gjennomføres finner man i tillegg i lærerveiledningen. 
3094	150	31	5	Fant ikke 
3095	150	32	2	Kunne vært mulighet til enda større individuelle tilpasninger i fagrommet på skolestudio. Ellers ser smart øving spennende ut. 
3096	150	33	2	Dette kunne vært tydelige, spesielt for 7.klasse 
3097	150	34	2	\N
3098	150	35	2	Læremiddelet bruker i all hovedsak britisk engelsk, og da vil den varianten bli den som oppfattes som riktig. Det er lite om andre varianter totalt sett. Det er noe i noen kapitler. 
3099	150	36	1	\N
3100	150	37	1	Det er mange samarbeidsoppgaver, og hele veien finner man oppgaver og arbeidsmåter som legger til rette for dette. 
3101	150	38	1	Ut ifra hva man kan forvente ut ifra elvenes alder gjør læremiddelet dette. Det brukes også mange eksempeltekster. 
3102	150	39	1	Grammatikk, spesielt, er godt knyttet til de temaene som man finner i læremiddelet. Det som går på grammatikk virker å være plassert knyttet til ulike kapitler med stor grad av bevissthet. Lite om syntaks. 
3103	150	40	1	God variasjon i oppgaver, og utforsking er med hele veien. 
3104	150	41	2	Ikke alltid like lett å få til dette, men det ser ut til at læreverket klarer å løse dette nokså godt. Det kunne vært lagt mer opp til denne type oppgaver/læring i fagrommet på skolestudio. 
3105	150	42	1	\N
3106	150	43	3	Det mangler en del på arbeid med metaspråk. 
3107	150	44	3	Det er skrivetips i hvert kapittel, og skrivetipsene er ofte knyttet til eksempeltekster. Det mangler at ulike teksttyper omtales, og som regel mangler en forklaring av typiske trekk ved ulike tekster
3108	150	45	2	Stort sett gode modelltekster. 
3109	150	46	1	\N
3110	150	47	1	\N
3111	150	48	1	Det brukes farger og mange bilder. Det er stort sett ryddig og fin struktur i læremiddelet. Enkelt og tydelig vist hva som er nivået på ulike tekster og oppgaver. 
3112	150	49	1	\N
3113	150	50	1	Gode lærerveiledninger både i papir og digitalt. 
3114	150	51	3	Det digitale fagrommet har de samme tekstene og stort sett de samme oppgavene som man finner i elevens tekstbok, og delvis i arbeidsbok. Her burde vært jobbet med å legge til rette for andre og evt. flere innganger til lærestoffet. Mulighetene som ligger i å ha et eget digitalt fagrom virker ikke å benyttes spesielt godt. Det er også for lite forskjell i det man finner i smartbok og bokstøtten på skolestudio. Bokstøtten virker unødvendig hvis man har tilgang på smartbok. 
3115	151	76	2	\N
3116	151	77	5	Klarer ikke begrunne.
3117	151	78	2	\N
3118	151	79	3	\N
3119	151	80	2	\N
3120	151	81	2	\N
3121	151	82	2	\N
3122	151	83	2	\N
3123	151	84	2	\N
3124	151	85	2	\N
3125	151	86	1	\N
3126	151	87	5	Vet ikke. 
3127	151	88	2	\N
3128	151	89	1	\N
3129	151	90	5	Klarer ikke begrunne. 
3130	151	91	2	\N
3131	151	92	2	\N
3132	151	93	2	\N
3133	151	94	5	Klarer ikke begrunne. 
3134	151	95	1	\N
3135	151	96	1	Ryddig og oversiktlig. Overkommelige sider, ikke for mye greier. 
3136	151	97	1	\N
3137	151	98	1	\N
3138	152	76	2	\N
3139	152	77	5	Klarer ikke begrunne. 
3140	152	78	2	\N
3141	152	79	2	\N
3142	152	80	1	\N
3143	152	81	1	\N
3144	152	82	5	Klarer ikke begrunne. 
3145	152	83	1	\N
3146	152	84	2	\N
3147	152	85	2	\N
3148	152	86	3	Lang om omfattende bok, lite om egen språksituasjon. 
3149	152	87	5	\N
3150	152	88	2	\N
3151	152	89	2	\N
3152	152	90	5	Har ikke oversikt over nettressursen og arbeidsbøkene, så klarer ikke begrunne. 
3153	152	91	2	\N
3154	152	92	2	\N
3155	152	93	5	Har ikke tilgang til nettressurs. 
3156	152	94	5	Vet ikke. 
3157	152	95	1	\N
3158	152	96	2	Fin og fargerik bok, men det er veldig fulle sider.. Mange fargekoder, mange forskjellige oppgavetyper. Litt uoversiktlig, og virker veldig uoverkommelig. 
3159	152	97	2	\N
3160	152	98	1	\N
3161	153	4	2	\N
3162	153	5	1	\N
3163	153	6	1	\N
3164	153	7	1	\N
3165	153	8	2	\N
3166	153	9	2	\N
3167	153	10	1	\N
3168	153	11	2	\N
3169	153	12	2	\N
3170	153	13	2	\N
3171	153	14	2	\N
3172	153	15	5	\N
3173	153	16	2	\N
3174	153	17	2	\N
3175	153	18	2	\N
3176	153	19	1	\N
3177	153	20	1	\N
3178	153	21	1	\N
3179	154	52	1	Fine farger. Store tydelige bilder. Ikke for mange oppgaver på hver side. Oversiktlig. God variasjon i oppgaver.
3180	154	53	1	God struktur som gir oversikt og bygger på hverandre.
3181	154	54	1	Veldig tydelig navigasjon. Lett å finne frem.
3182	154	55	5	Har ikke digital tilgang, dermed ikke prøvd ut.
3183	154	56	5	Har ikke digital tilgang. Dermed ikke grunnlag for å svare.
3184	154	57	3	Læremiddelet er ikke nivådelt, noe vi savner. Mangler utfordringer, og enklere oppgaver til de som trenger det. Alle skal følge samme oppgaver. De har paralellbok fra 4. trinn. Dette er positivt.
3185	154	58	2	Vi får ikke vurdert det digitale, men de har god oversikt i lærebøkene. 
3186	154	59	1	Stor variasjon i oppgaver som legger til rette for dette.
3187	154	60	3	Nei de har ikke oppgaver som stiller høye krav. Utforskingsoppgavene er gode. 
3188	154	61	1	De har base 10, tallinjer og bruker ulike regne strategier. Bruken av de forklares også godt. 
3189	154	62	1	spill oppgaver, og utforsknings oppgaver er godt egnet for samarbeid. 
3190	154	63	1	Det legger godt opp til varierte arbeidsmåter, både praktisk og teoretisk. 
3191	154	64	2	Ja det gir gode muligheter for varierte strategier, men lite utvalg på problemløsning for de lavere trinnene. 
3192	154	65	2	For de fleste elever skaper det økt engasjement. Samarbeidsoppgaver kan også være med på å påvirke dette positivt. 
3193	154	66	2	Dette ser vi kommer mere på mellomtrinnet enn de lavere trinnene. 
3194	154	67	1	Ja det bidrar til at elevene lærer å lære fordi det er varierte oppgaver. 
3195	154	68	1	Ja det er vist gode eksempler med bildestøtte. Forklarer godt med egne morsomme figurer. 
3196	154	69	1	Det har med noen problemløsningsoppgaver på de lavere trinnene, men bygger seg godt opp.
3197	154	70	2	Læremiddelet har med noen praktiske eksempler i lærerveiledningen som man kan bruke. Kunne gjerne vært mer. 
3198	154	71	2	Ikke noe utpreget synliggjøring i lærerverket. Vi savner mere tydeliggjøring på dette. 
3199	154	72	2	På småskolen er det ikke tydelig vist, men vi ser det kommer mere fra 4. trinn og oppover. Kunne lagt opp til flere slike oppgaver på de laveste trinnene.
3200	154	73	1	Ja dette er det mye av fra 4. trinn og oppover. 
3201	154	74	1	Lærerverket bygger seg opp på matematiske begreper som man bruker i daglig språket. 
3202	154	75	1	De har gode eksempler på dette med tallrekker, og tabeller, og bruker god bildestøtte
3203	155	22	1	Tekstene fanger elevenes ulike interesser, og legger til rette for ulike aktiviteter for elever på ulike nivå. 
3204	155	23	1	Læremiddelet bruker tekster i ulike sjangere med fokus på rollespill, fortellende og informative tekster. Tekstene er analoge og digitale, og elevene kan lytte til ulike innlevelser og uttalemønstre fra oppleserne. 
3205	155	24	1	Læremiddelet har flere tekster, illustrasjoner som gir elevene en god forståelse av hva interkulturell kompetanse er, og hvorfor denne kompetansen er viktig for elevene. Læremiddelet gir flere forslag til aktiviteter på hvordan man kan jobbe elevene å utvikle denne kompetansen. 
3206	155	25	1	Læremiddelet har fokus på et flerspråklig klasserom, og det står noen eksempler i veiledningen på måter læreren kan jobbe for å bruke elevenes ulike språk som en ressurs i klasserommet. 
3207	155	26	1	Læremiddelet har mange gode forslag på ulike strategier og arbeidsmetoder, og hvordan få elevene til å bli mer delaktig i eget læringsarbeid. 
3208	155	27	1	Læremiddelet har mange tverrfaglige temaer som gjør det enkelt for læreren å diskutere og reflektere rundt ulike temaer.  
3209	155	28	1	Læreverket har fokus på resirkulering av tidligere lærte ord og fraser i oppstart av nytt tema. Elevene kan bruke gammel kunnskap i møte med et nytt tema. Læreverket har et godt og strukturert mønster som er lett gjenkjennbart for elevene, slik at de kan følge den "røde tråden". 
3276	157	41	1	Læremiddelet har flere eksempler på dialoger som elevene kan bruke i ulike situasjoner i dagliglivet og på reise. 
3277	157	42	1	\N
3210	155	29	1	Tekstene legger opp til at elevene skal argumentere og si sin mening i flere av temaene. Læreverket har også en arbeidsbok hvor elevene kan vurdere eget arbeid med et tema skriftlig.
3211	155	30	1	Litt som over. 
3212	155	31	5	\N
3213	155	32	1	Teamene/oppgavene i læreverket legger til rette for at alle elever blir ivaretatt, når det gjelder å ha ulike verdisyn, læreforutsetninger og bli ivaretatt av lovverket.  
3214	155	33	1	Læreverket gir rom for kritisktekning. Tekstene, illustrasjonene appellerer til aldersgruppen, spesielt på høyere trinn.  
3215	155	34	1	Læreverket har tekster som viser ulik kultur og levesett, tekstene gir utgangspunkt for refleksjon og samtaler i elevgruppa.
3216	155	35	1	Læreverket bruker ulike fortellere slik at elevene kan lytte til ulike måter å snakke engelsk på. (Engelskspråklige land og ulike dialekter).
3217	155	36	2	Læreverket har noen eksempler på hvordan elever kan bruke sitt metaspråk for å tilegne seg et nytt språk. 
3218	155	37	1	Læreverket har et stort fokus på at elevene skal trene sine muntlige ferdigheter i faget. Verket har også lytteoppgaver til hvert tema. 
3219	155	38	1	Tekstene blir godt modellert for elevene med digital ressurs. Elevene får små drypp på hvordan de kan jobbe med uttalemønstre i boka og digitalt. 
3220	155	39	1	Læreverket har passe mengde med grammatikk oppgaver (Workbook), og viser til ulike eksempler på praktiske måter å jobbe med grammatikk på. 
3221	155	40	1	Læreverket har gode tips til lærer på ulike aktiviteter som kan benyttes for å trene muntlige ferdigheter. 
3222	155	41	1	Som over
3223	155	42	2	Læreverket har noe fokus på hvor og hvordan elevene skal bruke et formelt/ uformelt språk. Det er gode skrivemaler på ulike skriftlige oppgaver som kan hjelpe elevene i skriftlige arbeider. 
3224	155	43	1	Læreverket har fokus på transparente ord, slik at elevene kan se sammenheng mellom ulike språk. Verket har også fokus å arbeide med ordklasser og se sammenheng til norsk morsmål. 
3225	155	44	1	Læreverket har kjente tekster som finnes på flere språk i noen av temaene. Tekstene gir rom for sammenligning og sjangerlære og arbeid med skrivestruktur. 
3226	155	45	1	Læremiddelet har varierte tekster, og forslag til hvordan lærer kan legge til rette for tekstskaping for elevene . 
3227	155	46	1	Læreverket har forslag til stasjonsundervisning. Veiledningen viser ulike forslag på hvordan elever kan jobbe praktisk med ord innlæring, instruksjoner, tabeller, statistikk og oppskrifter.  
3228	155	47	1	Læreverket har forslag til hvordan elevene kan jobbe multimodalt med oppgaver i hvert tema.
3229	155	48	1	Læreverket er oppdatert og appellerer til de ulike alderstrinnene.  
3230	155	49	1	Det er et tydelig og  strukturert mønster å følge for lærer og elever. 
3231	155	50	1	Læreverket forklarer godt hvordan man kan jobbe med de ulike temaene. 
3232	155	51	1	En stor fordel med digitalt og analogt læreverk. Liker veldig godt skolestudio og smarttavlen. 
3233	156	52	1	Det ser tiltalende ut for aldersgruppen, det er positivt med mer virkelige bilder av mennesker i boka.
3234	156	53	1	Ja, det er god struktur, mye eksempler og kan du dette, og øvesider på slutten av kapittelet. 
3235	156	54	1	\N
3236	156	55	5	Vi har ikke vurdert dette.
3237	156	56	3	På den digitale plattformen er det mye data, men ikke så oversiktlig. Vanskelig å vurdere data
3238	156	57	1	Oppgavene kan leses opp.
3239	156	58	5	Vi har ikke prøvd ut dette.
3240	156	59	1	Lærerverket har delt inn boka på en oversiktlig måte.
3241	156	60	5	Det er vanskelig å vurdere fordi vi ikke har jobbet med elevene om dette. 
3242	156	61	1	Boken er oversiktlig og har varierende representasjoner, og elevene kan bruke ulike måter. 
3243	156	62	2	Læreverket har en del oppgaver der elevene må vurdere og resonerer svarene på oppgavene, og samt en del samarbeidsoppgaver.  
3244	156	63	1	Det er mange ulike oppgaver og varierte arbeidsmåter.
3245	156	64	1	Gode oversiktlige oppgaver der du kan se hvordan to eller flere elever tenker.
3246	156	65	5	Det er vanskelig å si siden vi ikke har brukt læreverket og jobbet med disse oppgavene sammen med eleven.
3247	156	66	1	\N
3248	156	67	1	Ja, om elevene klarer å løse ulike tekstoppgaver/utfordringer på ulike måter, og har rom for undring og kan finne en løsning vil dette bidra til dette. 
3249	156	68	1	Elevene lærer ulike metoder og bruke disse for å løse oppgaver. 
3250	156	69	1	\N
3251	156	70	1	\N
3252	156	71	1	\N
3253	156	72	1	\N
3254	156	73	1	\N
3255	156	74	1	\N
3256	156	75	5	\N
3257	157	22	2	Læremiddelet har lite tverrfaglige temaer, men mange tekster med dialoger i hverdagslige situasjoner. 
3258	157	23	2	Læremiddelet har et greit utvalg av tekster som elevene kan relatere seg til, men læreverkets er lite variert med tanke på sjangere. 
3259	157	24	2	Læremiddelet har tekster som fremmer interkulturell kompetanse, men mangler gode illustrasjoner siden det meste er tegnet og ikke fotografier. 
3260	157	25	5	\N
3261	157	26	1	Læremiddelet har egen arbeidsbok tilknyttet textbook. Verket har flere oppgaver som kan motivere elevene. Oppgavene har ikke norsk forklaring, kun på engelsk. 
3262	157	27	1	Læremiddelet har flere temaer hvor elevene kan se ting fra ulike perspektiv. Boka har fire kapitler og det legges opp til at temaene kan jobbes med over en lengre periode. 
3263	157	28	1	\N
3264	157	29	1	\N
3265	157	30	3	Vi har ikke sett noe elev vurderings «oppgave» i arbeidsboken.  
3266	157	31	5	\N
3267	157	32	1	\N
3268	157	33	5	\N
3269	157	34	3	Det var lite litterære tekster i textboka. 
3270	157	35	1	Læremiddelet har ulike tekster som viser språket i bruk i flere engelskspråklige land.
3271	157	36	5	\N
3272	157	37	1	\N
3273	157	38	1	\N
3274	157	39	1	\N
3275	157	40	1	Læremiddelet hadde fokus på setningsoppbygging og mange grammatikk oppgaver.
3278	157	43	1	\N
3364	162	14	3	\N
3365	162	15	5	\N
3279	157	44	2	Læremiddelet hadde gode tematekster, men lite varierte sjangre. 
3280	157	45	5	\N
3281	157	46	3	Læremiddelet hadde ikke så mange eksempler på praktisk - estetiske arbeidsmåter. Det var mest fokus på dialog og grammatikk. 
3282	157	47	5	\N
3283	157	48	4	Læremiddelet har kjedelige illustrasjoner i form av tegninger. 
3284	157	49	5	\N
3285	157	50	1	Læreverket har en strukturert oppbygging med gode forklaringer. 
3286	157	51	5	\N
3287	158	76	1	Godt dekket\nLite fra andre kulturer enn nordisk, samisk
3288	158	77	2	Lite om livssyn
3289	158	78	2	Spiralprinsipp. Sammenheng mellom tekst og oppgaver. Tips til videre arbeid. Noen fordypningsoppgaver. Tverrfaglighet.
3290	158	79	1	Øker oppover i trinn. Virker som dette er veldig godt ivaretatt. 
3291	158	80	1	God sammenheng mellom form, funksjon og innhold. Godt utvalg av meningsskapende tekstarbeid.
3292	158	81	2	Noe kreativt, mye utforskende
3293	158	82	2	Oppgaveutvalget. Egne kapitler om kildebruk. Varierte tekster. 
3294	158	83	1	Mange gode muntlige oppgaver. 
3295	158	84	2	Skriveroller? \nEn del skriftlige oppgaver som er på ganske høyt nivå. \n\nOppgavene virker relevante og meningsfylte. Mest individuelt, noe på samarbeid
3296	158	85	2	Virker greit. Egne språkverksted-sider.
3297	158	86	1	Språk i Norden eget kapittel i 6.klasseboka. Dialekter, målemerker. Samisk.utvikling av språk. 
3298	158	87	2	Differensierte tekster, men vurderes til å være ganske vanskelige for første klasse. \nArbeidsbok for middels og sterke elever. \n\nGod støtte i arbeidet. \nVed rask bokstavprogresjon, rekker man ikke gjøre så mye av det lærerveiledningen legger opp til. \n
3299	158	88	2	Er det lydstøtte på tekst?\nKapitler om kildebruk \nBra på de tre første, men mindre på det digitale
3300	158	89	3	Har noe om tema, men ikke mye. Lite på det etiske. 
3301	158	90	2	Til og med 2  .trinn er tekster differensiert i 3 nivåer.  Fra 3. til 4. er det 2. Ellers felles tekst. Lite differensierte oppgaver. \nNoe differensierte oppgaver til tekstarbeid - let og finn, tolk og tenk, utforsk teksten.
3302	158	91	1	Delt i mål for kapittel, ordbank, språkverksted, tekster med oppgaver, \nInnbydende
3303	158	92	2	Har mange kreative og åpne oppgaver. På alle trinn. \n\nNoe differensiering i oppgavebøker langt ned i trinn. \n\nDelvis uenig på oppgaver 5.-7. Mange ulike oppgaver, men lite differensiert. 
3304	158	93	1	Ikke tilgang til dette nå? \nMen Lise som var med på vurdering av digitale ressurser mener å huske at dette var dekket hvis elevlisenser på verket.
3305	158	94	2	Med full pakke.
3306	158	95	1	Ser bra ut.
3307	158	96	2	Ser tiltalende ut.\nHar også noen lytteopplevelse digitalt.\n\nDet vi har sett av øverom: man får direkte svar på om man har gjort oppgaver riktig.
3308	158	97	1	Innholdsfortegnelse med innhold i hvert kapittel. \nKapittelstart med mål, ordbank og myldrebilde- motivasjon og forforståelse\nInn i tema: fagstoff, eksempeltekster, ordforklaringer\nSpråkverksted: div oppgaver muntlig og skriftlig. Utforsking. \nLes og forstå \nSkriveskolen\nKapitteloppsummering.
3309	158	98	2	Virker greit
3310	159	52	5	\N
3311	159	53	1	Tydelig struktur med kapitler og underkapitler
3312	159	54	1	Lett å finne fram til det temaet man vil ha
3313	159	55	1	Feideinnlogging fungerer bra
3314	159	56	2	Man har tilgang til data, men det kan være litt vanskelig å finne fram i menyene
3315	159	57	2	Oppgavene er tydelig differensierte
3316	159	58	1	Alle som kan bruke en PC, kan navigere seg fra til ønsket oppgave/tema. 
3317	159	59	3	Med vektlegging på utforskning som den nye læreplanen legger opp til, mener jeg oppgavene legger for lite vekt på det
3318	159	60	1	Ja, det er differensierte oppgaver, og de svarte oppgavene, samt offpist-oppgavene stiller høye kognitive krav
3319	159	61	3	Her kunne det vært et større mangfold, men funksjoner blir representert på ulike måter, og noe annet hadde jo vært rart. 
3320	159	62	2	Ja det finnes, men de kommer i tillegg til de ordinære oppgavene. Læreren må aktivere dem i Campus. 
3321	159	63	3	Som sagt så finnes det noen diskusjonsoppgaver. Men det at man har digitale oppgaver som kontinuerlig retter seg selv, gør at elever prøver seg fram med å gjette svar, i stedet for å sette oppgavene opp på papir, og regne over dem 
3322	159	64	3	Problemløsningsoppgavene kommer gjerne på svart eller off-pist. Det vil si at de som jobber med grønne og røde oppgaver ikke får jobbet med typiske problemløsningsoppgaver. Det burde vært noen flere grønne og røde problemløsningsoppgaver. 
3323	159	65	3	Har nevnt dette tidligere. Utforskningsbiten bør styrkes
3324	159	66	2	Ikke gjennomgående, men for eksempel i kapitlet om statistikk
3325	159	67	3	Lite refleksjonsoppgaver
3326	159	68	2	Bra med eksempler, men er vel ikke så god på å vise ulike strategier
3327	159	69	3	Se tidligere kommentar. Det blir mest for de få som jobber med svart og offpist
3328	159	70	2	\N
3329	159	71	2	\N
3330	159	72	3	\N
3331	159	73	2	\N
3332	159	74	2	\N
3333	159	75	2	\N
3334	160	4	1	\N
3335	160	5	1	\N
3336	160	6	1	\N
3337	160	7	1	\N
3338	160	8	1	\N
3339	160	9	1	\N
3340	160	10	1	\N
3341	160	11	1	\N
3342	160	12	1	\N
3343	160	13	1	\N
3344	160	14	1	\N
3345	160	15	5	\N
3346	160	16	1	\N
3347	160	17	1	\N
3348	160	18	1	\N
3349	160	19	1	\N
3350	160	20	1	\N
3351	160	21	2	\N
3352	161	4	2	\N
3353	161	5	4	\N
3354	161	6	3	\N
3355	161	8	2	Test
3356	161	9	3	\N
3357	161	10	4	\N
3358	161	3	5	\N
3359	162	4	2	\N
3360	162	5	4	\N
3361	162	6	3	\N
3362	162	7	5	test
3363	162	2	5	\N
3366	162	16	4	\N
3367	162	17	2	\N
3368	162	18	4	\N
3369	162	19	3	\N
3370	162	20	3	test
3371	162	21	5	\N
3372	164	3	5	\N
3373	164	13	2	\N
3374	164	12	2	\N
3375	164	11	2	\N
3376	164	10	2	\N
3377	164	9	3	\N
3378	164	8	1	\N
3379	164	7	5	\N
3380	164	6	4	\N
3381	164	5	3	\N
3382	164	4	1	\N
3383	166	3	5	\N
3384	166	2	5	\N
3385	166	7	4	test4
3386	166	6	3	test3
3387	166	5	2	test2
3388	166	4	1	test
3389	167	3	5	\N
3390	167	13	5	2.6. Læremiddelet legger til rette for samhandling i eller utenfor læremiddelet.
3391	167	12	4	2.5. Læremiddelet inviterer elevene til utforsking i læringsarbeidet.
3392	167	11	3	2.4. Læremiddelet støtter elevene i å utvikle kritisk tenkning og etisk bevissthet.
3393	167	10	2	2.3. Læremiddelet legger til rette for at elevene skal lære å lære.
3394	167	9	1	2.2. Læremiddelet har rikt og variert innhold.
3395	167	8	5	2.1. Læremiddelet støtter lærerens arbeid med tilpasset opplæring.
3396	167	7	4	1.4. Læremiddelet har multimodalitet som sammen støtter læring.
3397	167	6	3	1.3. Læremiddelet bruker et språk som er tilpasset fagets terminologi og elevene i målgruppen.
3398	167	5	2	1.2. Læremiddelet er oversiktlig og intuitivt å bruke for elever og lærere.
3399	167	4	1	1.1. Læremiddelet oppleves som engasjerende for elevene i målgruppen.
3400	168	3	5	\N
3401	168	13	1	\N
3402	168	12	1	\N
3403	168	11	2	\N
3404	168	10	1	\N
3405	168	9	2	\N
3406	168	8	3	\N
3407	168	7	4	\N
3408	168	6	1	\N
3409	168	5	3	\N
3410	168	4	1	Dette var en fin ide. 
3411	169	21	1	\N
3412	169	20	4	\N
3413	169	19	1	\N
3414	169	18	4	\N
3415	169	17	3	\N
3416	169	16	2	\N
3417	169	15	3	\N
3418	169	14	5	\N
3419	169	13	3	\N
3420	169	12	1	\N
3421	169	11	2	\N
3422	169	10	3	\N
3423	169	9	2	\N
3424	169	8	1	\N
3425	169	7	3	\N
3426	169	6	5	\N
3427	169	5	3	\N
3428	169	4	2	\N
3429	170	3	5	\N
3430	170	2	5	\N
3431	170	7	2	\N
3432	170	6	4	\N
3433	170	5	2	\N
3434	170	4	3	\N
3435	171	3	5	\N
3436	171	13	5	test
3437	171	12	4	test
3438	171	11	1	test
3439	171	10	4	test\n
3440	171	9	2	\N
3441	171	8	3	\N
3442	171	7	4	\N
3443	171	6	2	\N
3444	171	5	1	\N
3445	171	4	1	test
3446	172	21	1	\N
3447	172	20	1	\N
3448	172	19	1	\N
3449	172	18	2	\N
3450	172	17	2	\N
3451	172	16	2	\N
3452	172	15	5	\N
3453	172	14	2	\N
3454	172	13	1	\N
3455	172	12	2	\N
3456	172	11	2	\N
3457	172	10	1	\N
3458	172	9	2	\N
3459	172	8	1	\N
3460	172	7	1	\N
3461	172	6	1	\N
3462	172	5	2	\N
3463	172	4	1	\N
3464	173	21	2	"Vis fasit" kan brukes for ofte.
3465	173	20	1	\N
3466	173	19	1	\N
3467	173	18	1	\N
3468	173	17	1	\N
3469	173	16	1	\N
3470	173	15	5	\N
3471	173	14	1	\N
3472	173	13	1	\N
3473	173	12	1	\N
3474	173	11	2	\N
3475	173	10	2	Lærer burde kunne fjerne "vis fasit" knapp. Denne blir ofte misbrukt.
3476	173	9	1	\N
3477	173	8	1	Det er lett å differensiere oppgaver. 
3478	173	7	1	\N
3479	173	6	1	Spesielt videoene er gode og forklarer fremmedord.
3480	173	5	1	Brukergrensesnittet er enkelt.
3481	173	4	1	Oppgavene er varierende og utfordrer elevene i økende grad. Det er også lett å differensiere slik ungene får oppgaver som passer dem.
3482	174	21	2	\N
3483	174	20	2	\N
3484	174	19	2	\N
3485	174	18	1	\N
3486	174	17	1	\N
3487	174	16	1	\N
3488	174	15	1	\N
3489	174	14	1	\N
3490	174	13	1	\N
3491	174	12	2	\N
3492	174	11	2	\N
3493	174	10	2	\N
3494	174	9	1	\N
3495	174	8	1	\N
3496	174	7	1	\N
3497	174	6	2	Noen av de litterære historiene kan være noe for lange for de små barna, men ellers så fungerer alt bra for målgruppen. 
3498	174	5	1	\N
3499	174	4	1	\N
3500	175	21	1	\N
3501	175	20	1	Da må man bruke det jevnlig og elevene bør ha hver sin enhet. 
3502	175	19	1	De får utfordringer nok
3503	175	18	2	har brukt det for lite for å kunne vurdere dette
3504	175	17	1	\N
3505	175	16	2	variert innhold
3506	175	15	5	\N
3507	175	14	5	\N
3508	175	13	2	\N
3509	175	12	2	Dette vet jeg ikke
3510	175	11	2	Dette vet jeg ikke
3585	179	8	1	\N
3668	184	15	1	Mener å huske at læremidlet hadde temaer som dekker dette.
3511	175	10	2	Elevene får ikke direkte tilbakemelding om det de gjør er riktig eller galt. De må vente på lærerens tilbakemelding. Noen leser kanskje ikke kommentarene fra læreren og det blir mye bortkastet arbeid (som det har vært i årevis med vanlige kladdebok - etter seks år med: "husk stor bokstav etter punktum" som eleven aldri gidder å lese. 
3512	175	9	2	\N
3513	175	8	2	Jeg savner å kunne plukke ut sider - ikke gi hele temaet på en gang. For noen blir det overveldende. 
3514	175	7	2	\N
3515	175	6	2	2.trinn. For noen var det litt høyt nivå. 
3516	175	5	2	Jeg skulle ønske at jeg kunne plukke ut enkelte sider og sløyfe de sidene jeg syns er vanskelig/ikke relevant for gruppa. 
3517	175	4	2	Elevene har ikke hatt pc selv, så de har hatt det i lekse. Jeg har inntrykk av at de som gjorde leksa syns at det var engasjerende. 
3518	176	21	1	\N
3519	176	20	1	\N
3520	176	19	1	\N
3521	176	18	2	\N
3522	176	17	1	\N
3523	176	16	1	\N
3524	176	15	1	\N
3525	176	14	1	\N
3526	176	13	2	\N
3527	176	12	1	I prøveperioden jobbet vi med naturfaglig forskningsmetode og det var flere gode eksempler til praktisk arbeid og utforsking underveis. 
3528	176	11	1	\N
3529	176	10	1	\N
3530	176	9	1	\N
3531	176	8	2	Noen elever kan kunne miste litt oversikt i læremiddelet og da er det en magnet-funksjon som kan hente elvene dit læreren er. Ark og kopioriginaler kan lastes ned og printes dersom det er behov ved f. eks. rapportskriving.  
3532	176	7	1	Multimodaliteten er god, med animasjoner, filmer, bilder og tekster av ulike typer. 
3533	176	6	1	Eks. Fagebegreper er forklart ved at du kan klikke på boksene. 
3534	176	5	1	Oversiktlig system og elevene ved hvor de finner tildelte oppgaver og hvor de befinner seg i læremiddelet. 
3535	176	4	1	God visuell utforming som er spennende og motiverende for elevene i tråd med at elever trenger mer visuell støtte og "bevegelse" for å holde oppmerksomhet. 
3536	177	21	2	Elevene og læreren får god oversikt over hvilke bokstaver og lyder eleven kan, og hvilke det må øves mer på. I tillegg så får man oversikt over den fonemiske utviklingen til elevene. I tillegg så kan man arbeide med ulike lesestrategier, og kunne gi elevene underveisvurdering på dette feltet. 
3537	177	20	1	\N
3538	177	19	1	\N
3539	177	18	2	\N
3540	177	17	1	\N
3541	177	16	1	\N
3542	177	15	1	Dette læremiddelet er et supplement til lese- og skriveopplæringen. Det er ikke et generelt læremiddel. 
3543	177	14	1	Dette læremiddelet fremmer inkludering, da elever som strever i lese- og skriveopplæringen får ekstra trening, og at man kan minske "gapet" mellom de og de andre. 
3544	177	13	2	\N
3545	177	12	4	Se punkt ovenfor. 
3546	177	11	4	Dette læremiddelet er ikke et typisk læremiddel for å utvikle kritisk tenkning og etisk bevissthet. Det er et læremiddel for fonemisk bevissthet, og for lese- og skriveopplæringen. 
3547	177	10	3	\N
3548	177	9	2	Læremiddelet kunne ha vært mer utviklet i henhold til innhold. 
3549	177	8	1	Dette læremiddelet støtter meget godt lærernes tilpassede opplæring i lese- og skriveopplæringen. Med bakgrunn i forskning som støtter at når man kobler lyd og bokstaver så får elevene sikrere kunnskap, og øker lese- og skrivekompetansen til eleven så er dette læremiddelet et godt supplement til opplæringen for alle barn på 1.trinn, og for elever som trenger mer repetisjon seinere. Læremiddelet brukes mye i spesialundervisningen på skolen. 
3550	177	7	2	Læremiddelet har koblet på lyd til fonemene, og det er bilder som støtter hva elevene skal lese og skrive. 
3551	177	6	1	\N
3552	177	5	2	Elevene klarer å bruke læremiddelet selv med instruksjon fra lærer. 
3553	177	4	3	Aski Raski er engasjerende for elever som strever med lese- og skriveopplæringen. De kan øve og repetere lyder og bokstaver. 
3554	178	21	5	\N
3555	178	20	2	\N
3556	178	19	1	\N
3557	178	18	2	\N
3558	178	17	2	\N
3559	178	16	2	\N
3560	178	15	4	\N
3561	178	14	1	\N
3562	178	13	2	\N
3563	178	12	2	\N
3564	178	11	3	\N
3565	178	10	3	\N
3566	178	9	2	\N
3567	178	8	2	\N
3568	178	7	2	\N
3569	178	6	1	\N
3570	178	5	2	Det kan være vanskelig å navigere på siden pga at man må trykke på pil til høyre for å få opp alt i hovedmenyen. Det kan også være forvirrende at man kommer inn der man sist slapp, og hvordan man skal komme til starten på oppgaven igjen.
3571	178	4	1	I 1.klasse har vi brukt denne siden felles på storskjerm. Det har vært fengende med "watch and listen" der det er sanger, fortellinger og tekster. "Shake breaks" med engelske danser har vi også brukt mye, og flere av spillene har vi brukt.  Siden har fungert fint for å variere undervisningen. Elevene har ikke brukt siden individuelt.
3572	179	21	1	Veldig bra at man kan følge med på elevenes progresjon og se hva de gjør underveis. 
3573	179	20	1	\N
3574	179	19	1	\N
3575	179	18	3	Jeg kan ikke si at jeg umiddelbart husker at det var klare sammenhenger i opplæringen. Det hadde vært lettere å vurdere om jeg hadde brukt dette over lengre tid enn kun 4-6 uker. 
3576	179	17	1	\N
3577	179	16	1	\N
3578	179	15	5	\N
3579	179	14	1	Liker at det er auditivstøtte slik at dyslektikere og andre med språkvansker kan lytte. 
3580	179	13	1	Synes dette var veldig bra og forholdsvis enkelt å bruke når man forsto mulighetene. 
3581	179	12	1	Jeg opplevde oppgavene som rike og varierte, dette gjør at elevene kan utforske det de skal lære. 
3582	179	11	5	Siden det er noen uker siden jeg mistet tilgangen til dette, kan jeg ikke svare på dette.  
3583	179	10	2	Jeg har ikke reflektert så mye over dette i den korte perioden jeg har brukt dette.  Jeg tenker at det er en naturlig del som jeg som lærer må passe på underveis. 
3584	179	9	1	Mye og bra innhold som gjorde at det var enkelt å tilpasse det man hadde lyst til å legge til eller trekke fra. Likte godt å ha den valgfriheten til å velge hva som passer for den gruppa jeg har. 
3586	179	7	1	Liker spesielt godt at man kan sette sammen det man selv ønsker av bilder, videoer og lenker til andre steder feks. Salaby eller annet. 
3587	179	6	1	\N
3588	179	5	1	\N
3589	179	4	1	\N
3590	180	21	5	Ikke grunnlag for å svare. Tidsbruk
3591	180	20	2	Kunne gitt mer utdypende svar dersom jeg hadde hatt bedre tid.
3592	180	19	2	\N
3593	180	18	2	Utfra det vi fikk gjort var det "en rød tråd" hvor sammenhenger var tydelige.
3594	180	17	1	Ebnig, da det var tydelig oppdelte temaer.
3595	180	16	2	Her må jeg si meg enig, selv med begrenset tidsbruk. 
3596	180	15	5	I den perioden vi benyttet/prøvde ut verket var det ikke aktuelt å jobbe med samefolkets historie m.m.
3597	180	14	2	\N
3598	180	13	5	Ikke nok tid
3599	180	12	2	Elevene var positive til de oppgavene de fikk gjort i faget norsk.
3600	180	11	5	Fikk ikke jobbet lenge nok med læremiddelet til at jeg kan uttale meg.
3601	180	10	5	Fikk ikke jobbet lenge nok med læremiddelet til at jeg kan uttale meg her.
3602	180	9	2	Fikk som tidligere nevnt ikke brukt læremiddelet lenge nok. Det jeg fikk sett/benyttet meg av virket variert og fengende for elevene.
3603	180	8	1	Nå benyttet jeg læremiddelet i hel klasse hvor alle elevene fikk de samme oppgavene. Kunne ha gitt oppgaver som hadde vært tilpasset ulike nivåer i opplæringen om det hadde vært nødvendig. 
3604	180	7	2	Om jeg forstår det rett så var det samsvar med tekst og bilder som støttet opp om teksten. (uten å være "rotete")
3605	180	6	2	Språket er tilpasset elevgruppa.
3606	180	5	2	Fenget elevene og det var ovesrsiktlig for meg som lærer.
3607	180	4	2	Fikk ikke altfor mye tid til å benytte meg av dette læremidlet, men det vi fikk gjort var positivt. Brukte det som et suplement til de lærebøkene vi jobber med
3608	181	21	1	Ved å bruke Aski Raski kan du observere hvilke bokstavlyder eleven kan, hvilke lesestrategier de bruker og du kan samtale med eleven. God læreverk i spesialpedagogikk.
3609	181	20	1	\N
3610	181	19	1	Godt læreverk på 1. trinn
3611	181	18	1	Aski Raki legger til rette for å se sammenhengen mellom bokstav og bokstavlyd.
3612	181	17	2	Det er et godt læreverk til noen av kjerneelementene i norskfaget til begynneropplæringen i lesing
3613	181	16	5	\N
3614	181	15	5	\N
3615	181	14	5	\N
3616	181	13	5	\N
3617	181	12	3	Dette er et spesifikt læreverk i norsk som er støtter begynneropplæringen i lesing. 
3618	181	11	3	Dette er et norsk læreverk som støtter leseopplæringen.
3619	181	10	3	Dette er et norsk læreverk som støtter leseopplæringen og kan være en del av norsk undervisningen.
3620	181	9	2	\N
3621	181	8	1	Aski Raski opplever jeg er et godt læreverk til å bruke i begynneropplæringen, til tilpasset undervisning og spesialundervisning.
3622	181	7	1	Fint at bokstavlyden er så sentral i læreverket.
3623	181	6	1	\N
3624	181	5	2	Det kan være noe vanskelig for elevene å selvstendig finne fram, men etter å bli kjent med læreverket har det gått fint.
3625	181	4	2	Jeg opplever at elevene er engasjerte når de jobber i Aski Raski. Det er et godt verktøy for å jobbe med bokstavlyder og fonologisklesing
3626	182	21	1	Mulighet for å se progresjonen til hver av elevene, og man kan gå inn å lese elevsvarene 
3627	182	20	1	\N
3628	182	19	1	\N
3629	182	18	2	\N
3630	182	17	2	\N
3631	182	16	1	\N
3632	182	15	1	\N
3633	182	14	1	kan tilpasses alle elever, og har auditiv støtte. Det er også et mangfold i de som beskrives/illustreres i eksempeltekst/oppgaver/bilder
3634	182	13	1	\N
3635	182	12	2	\N
3636	182	11	2	\N
3637	182	10	2	\N
3638	182	9	1	God variasjon, og inneholdt rikelig med bl.a illustrasjon, tekst, grafer, oppgaver og samtaleemner. 
3639	182	8	1	Mulighet for å tildele ulike oppgaver til elevene
3640	182	7	1	\N
3641	182	6	2	Et par ganger ganske avansert språk, som ikke favnet om alle elevenes språkforståelse 
3642	182	5	2	Svært oversiktlig, men hadde noen ganger avdelt tekst og oppgaver slik at det ikke var helt selvfølgelig at de hørte sammen.
3643	182	4	1	Mange interaktive oppgaver, og tekst med lydstøtte.
3644	183	21	1	Kikora kommer med forslag om elever som kanskje trenger noe oppfølging, basert på tidsbruk, antall feil, bruk av fasit osv.
3645	183	20	1	Oppgavene bygger på hverandre, og har en fin stigning i vanskelighetsgraden. Dersom noe er for lett/vanskelig, er det enkelt å tildele oppgaver fra andre trinn
3646	183	19	1	\N
3647	183	18	1	Det er en jamn progresjon
3648	183	17	2	Noen av funksjonene gir mulighet for dette
3649	183	16	1	Følger kompetansemålene
3650	183	15	5	\N
3651	183	14	2	\N
3652	183	13	1	Det er en integrert diskusjonsfunksjon
3653	183	12	3	Litt ensformige oppgaver. Lite variasjon og undring i oppgavetypene
3654	183	11	3	Se over
3655	183	10	3	Elevene kan klikke seg frem til riktig svar, uten at de helt vet hvordan de kom frem til svaret
3656	183	9	2	Rikt innhold. Variasjonen kan diskuteres
3657	183	8	1	Lett å tilpasse, forskjellige stier. Kan velge forskjellige trinn
3658	183	7	3	Lite bilder, savner video
3659	183	6	1	Benytter korrekte matematiske begreper
3660	183	5	2	Savner en oversikt som viser hva som er tildelt tidligere (det som er tildelt kunne blitt tonet ned/fått en annen farge)
3661	183	4	2	Blir engasjerte når det blir en liten konkurranse i å gjøre flest mulig oppgaver, men det kan og føre til at elevene bare klikker seg frem til riktig svar, uten at de helt vet hvordan de kom frem til svaret.
3662	184	21	1	\N
3663	184	20	1	\N
3664	184	19	1	\N
3665	184	18	1	\N
3666	184	17	1	\N
3667	184	16	1	\N
3892	197	82	4	\N
3669	184	14	1	Utifra hva jeg husker, så mener jeg at læremidlet dekker inkludering og mangfold.
3670	184	13	1	\N
3671	184	12	1	\N
3672	184	11	1	\N
3673	184	10	1	\N
3674	184	9	1	\N
3675	184	8	2	Burde vært mer auditiv støtte i tekster for mellomtrinnet.
3676	184	7	1	\N
3677	184	6	1	\N
3678	184	5	1	\N
3679	184	4	5	Har ikke prøvd ut læremidlet på elevene, men vil anta at læremidlet vil oppleves som nytt og spennende med mange muligheter, både for elevmedvirkning, tilpasning og fordypning. Det virker også tilrettelagt for underveisvurdering, oppfølging og kompetansemåling for hver elev.
3680	186	21	3	\N
3681	186	20	2	\N
3682	186	19	1	\N
3683	186	18	2	\N
3684	186	17	1	\N
3685	186	16	1	\N
3686	186	15	4	\N
3687	186	14	2	\N
3688	186	13	2	\N
3689	186	12	2	\N
3690	186	11	2	\N
3691	186	10	1	\N
3692	186	9	2	\N
3693	186	8	1	\N
3694	186	7	1	\N
3695	186	6	2	\N
3696	186	5	2	\N
3697	186	4	2	\N
3698	187	3	5	\N
3699	187	13	2	\N
3700	187	12	3	\N
3701	187	11	5	\N
3702	187	10	1	\N
3703	187	9	3	\N
3704	187	8	1	\N
3705	187	7	4	\N
3706	187	6	1	\N
3707	187	5	5	Testing
3708	187	4	2	\N
3709	188	21	2	\N
3710	188	20	5	\N
3711	188	19	2	\N
3712	188	18	2	\N
3713	188	17	2	\N
3714	188	16	1	\N
3715	188	15	1	\N
3716	188	14	2	\N
3717	188	13	2	\N
3718	188	12	2	\N
3719	188	11	2	\N
3720	188	10	1	\N
3721	188	9	1	\N
3722	188	8	2	\N
3723	188	7	1	\N
3724	188	6	1	\N
3725	188	5	1	\N
3726	188	4	1	\N
3727	189	21	2	\N
3728	189	20	2	\N
3729	189	19	1	\N
3730	189	18	2	\N
3731	189	17	1	\N
3732	189	16	1	\N
3733	189	15	1	\N
3734	189	14	1	\N
3735	189	13	2	\N
3736	189	12	2	\N
3737	189	11	1	\N
3738	189	10	2	\N
3739	189	9	2	\N
3740	189	8	2	\N
3741	189	7	1	\N
3742	189	6	1	\N
3743	189	5	2	\N
3744	189	4	2	\N
3745	190	21	1	Det er veldig bra at vi får mulighet til å sende skriftlige tilbakemeldinger til elevene underveis i arbeid med ulike prosjekter.
3746	190	17	1	\N
3747	190	16	1	\N
3748	190	15	1	\N
3749	190	14	1	Alle elevene ser noen de kan sammenligne seg med og man får innblikk i ulike livssituasjoner og religioner.
3750	190	13	1	\N
3751	190	12	2	\N
3752	190	11	5	\N
3753	190	10	2	\N
3754	190	9	2	Noe av innholdet har vært noe sparsomt til å begynne med, men det er tydelig at "Skolen" fortsatt blir tilpasset og innholdet hele tiden blir utvidet.
3755	190	8	1	Vi kan tilpasse de ulike læringsstiene etter elevenes nivå og kompetanse, og vi kan gi tilpassede lekser. I tillegg kan vi gi skriftlige tilbakemeldinger på arbeid elevene jobber med.
3756	190	7	1	\N
3757	190	6	1	\N
3758	190	5	1	Elevene finner raskt frem til oppgaver og prosjekt som er tilsendt under "Fra lærer". \nDet er positivt at det er mulig å tilpasse de ulike læringsstiene til elevene og at vi kan merke egne oppgaver som "Lekse".
3759	190	4	1	Vi har benyttet dette på 4. trinn og elevene har vært engasjerte og opplevd det å jobbe med "Skolen" som motiverende.
3760	190	20	1	\N
3761	190	19	1	\N
3762	190	18	2	\N
3763	191	76	2	\N
3764	191	77	4	\N
3765	191	78	4	\N
3766	191	79	1	\N
3767	191	80	4	\N
3768	191	81	5	\N
3769	191	82	3	\N
3770	191	83	2	\N
3771	191	84	4	\N
3772	191	85	1	\N
3773	191	86	5	\N
3774	191	87	2	\N
3775	191	88	1	\N
3776	191	89	4	test
3777	191	90	5	\N
3778	191	91	4	\N
3779	191	92	2	\N
3780	191	93	1	test
3781	191	94	5	\N
3782	191	95	3	\N
3783	191	96	2	\N
3784	191	97	1	\N
3785	191	98	1	\N
3786	192	52	1	Jeg har vurdert papirutgaven. Det ser ut til å være gode visuelle eksempler. 
3787	192	53	1	Det ser ut til at det er mange nok oppgaver og god mulighet for å automatisere. Kapitlene er oversiktlig, og starten gir en god overgang fra forrige års pensum. Det er grunnbok, parallell-bok og oppgavebok på hvert trinn, så det er gode muligheter for å tilpasse til elevenes nivå. 
3788	192	54	1	Bøkene er enkle å orientere seg i. Hvert kapittel tar også for seg begreper elevene vil møte på. At det matematiske språket er levnet plass gir en stor pluss fra meg. 
3893	197	83	3	\N
3894	197	84	4	\N
3895	197	85	1	\N
3896	197	86	1	\N
3897	197	87	5	\N
3898	197	88	3	\N
3899	197	89	2	\N
3900	197	90	2	\N
3901	197	91	5	\N
3902	197	92	4	\N
3903	197	93	1	\N
3904	197	95	1	\N
3905	197	96	2	\N
3906	197	97	4	\N
3907	197	98	2	\N
3908	198	52	3	\N
3909	198	53	3	\N
3910	198	54	3	\N
3911	198	55	3	\N
3912	198	56	3	\N
3789	192	55	2	Litt vanskelig å svare på da jeg ikke har den digitale elevutgaven, men lærerutgaven (altså digitale vurderingseksemplarer av papirutgaven). Jeg ville ha foretrukket papirutgaven i Matematikk 5-7, slik at vi treffer alle elevene. Alle lærer ikke like godt gjennom digitale plattformer. Vi har alt god digital hjelp i at vi bruker både Salaby og Campus Inkrement. Der den sistnevnte blir for vanskelig, kan man la elevene jobbe med Salaby først, for så å gå over til oppgavene i Campus etterpå. Dette har vist seg å fungere ganske greit for meg som har 6. trinn. \n\nDette blir litt utenfor, men ønsker likevel å ta det med. Utfordringen med å gi digitale lekser i matematikk viser seg i at mellomtrinnet ikke får ta med seg skole-pc'ene hjem, og det går med mye tid for å finne passende lekser som skal nivådeles. Det er også utfordrende å holde styr på hvem som har hatt hva når alt man leverer ut er nivådelt i tre, og elevene selv får velge hva de ønsker å gjøre. Dette hadde løst seg dersom elevene hadde fysiske bøker. Jeg har forsøkt å gi digitale lekser, men de ble ikke gjort, så det gikk jeg hurtig fra. 
3790	192	56	5	Jeg har ikke vurdert den digitale utgaven, kun papirutgaven. 
3791	192	57	5	Dette punktet gjelder digital utgave. 
3792	192	58	5	Dette gjelder digital utgave. 
3793	192	59	1	Hvert kapittel har målene og begrepene på framsiden. Metodene i bøkene er systematisk bygd opp, der det gjerne starter med en klassesamtale, deretter oppgaveløsning av liknende oppgaver. Det legges også opp til at noen oppgaver løses i lærerpar eller liten gruppe. Man er også innom ulike lærestrategier. Jeg tror at temaoppgavene er laget med tanke på tverrfaglige/flerfaglige læringsløp og for å øke forståelsen for at man vil møte matematikk i mange ulike sammenhenger daglig. Kapitlene har en oppsummeringsdel på slutten. 
3794	192	60	1	For meg ser det ut til at bøkene er bygget opp med tanke på at færrest mulig skal "falle av lasset" underveis, og det syns jeg også er et viktig poeng. Ja, det stilles høye krav, men dersom man har hele læreverket tilgjengelig, vil det gi gode muligheter til tilpasning både for sterke og svake elever. 
3795	192	61	1	Det er god oppgavevariasjon. 
3796	192	62	1	\N
3797	192	63	1	\N
3798	192	64	1	Jeg liker at det er fokus på å diskutere ulike lærestrategier. Setningen "hvordan tenker du?" går igjen, og det gjør at veien ligger åpen for å drøfte ulike veier til svaret. 
3799	192	65	5	Vanskelig å svare på dette uten å ha undersøkt sammen med elevene. Likevel tror jeg at dette er et læreverk som lærere med enkelhet vil kunne tilpasse for ulike elevgrupper. 
3800	192	66	1	Det er lagt opp til samtale og drøfting. 
3801	192	67	5	Læreverket legger opp til metakognitiv samtale. 
3802	192	68	1	\N
3803	192	69	1	\N
3804	192	70	1	\N
3805	192	71	1	Tekstoppgavene er bygd opp rundt kjente problemstillinger. 
3806	192	72	1	\N
3807	192	73	1	\N
3808	192	74	1	Det legges opp til at elevene bruker matematisk språk. Begrepene på begynnelsen av hvert kapittel gir et godt frampek på hva som kommer senere. Dette er en god anledning for lærere til å la elevene lage sin egen regelbok eller begrepsbok. 
3809	192	75	1	\N
3810	193	5	4	\N
3811	193	6	3	\N
3812	193	7	2	\N
3813	193	8	1	\N
3814	193	9	2	\N
3815	193	10	4	\N
3816	193	11	3	\N
3817	193	12	2	\N
3818	193	13	1	\N
3819	193	14	2	\N
3820	193	15	2	\N
3821	193	16	1	\N
3822	193	17	3	\N
3823	193	18	1	\N
3824	193	19	3	\N
3825	193	20	1	\N
3826	193	21	4	\N
3827	194	52	1	\N
3828	194	53	1	\N
3829	194	54	1	\N
3830	194	55	1	\N
3831	194	56	5	\N
3832	194	57	5	\N
3833	194	58	5	\N
3834	194	59	1	\N
3835	194	60	2	\N
3836	194	61	1	\N
3837	194	62	2	\N
3838	194	63	3	Få oppgaver som legger opp til praktisk regning utenfor boken.
3839	194	64	2	\N
3840	194	65	2	\N
3841	194	66	5	\N
3842	194	67	2	\N
3843	194	68	3	Legger ikke opp til den helt store kreativiteten.
3844	194	69	2	\N
3845	194	70	3	Lite vekt på praktisk regning.
3846	194	71	3	\N
3847	194	72	2	\N
3848	194	73	3	\N
3849	194	74	3	\N
3850	194	75	2	\N
3851	195	4	3	\N
3852	195	5	3	\N
3853	195	6	4	\N
3854	195	7	5	\N
3855	195	8	1	\N
3856	195	9	2	\N
3857	195	10	3	\N
3858	195	11	4	\N
3859	195	12	1	\N
3860	195	13	2	\N
3861	195	3	5	\N
3862	196	52	4	Svak bruk av farger og kapittelinndeling
3863	196	53	3	Designet gjør at det er vanskelig med oversikt og sammenheng
3864	196	54	3	Igjen så er designet for dårlig
3865	196	55	5	\N
3866	196	56	5	\N
3867	196	57	5	\N
3868	196	58	5	\N
3869	196	59	2	Utforsk-oppgavene er veldig gode, men de ordinære oppgavene er veldig instrumentelle
3870	196	60	1	Utforsk-oppgavene er veldig gode. Brukte de for lite for to år siden, men de var veldig bra!\n
3871	196	61	3	Hvis det finnes, så er det litt usynlig grunnet design
3872	196	62	1	\N
3873	196	63	3	\N
3874	196	64	2	\N
3875	196	65	2	Hvis man bruker det som finnes. Men designet er med å gjøre det utfordrende. 
3876	196	66	4	\N
3877	196	67	3	\N
3878	196	68	4	\N
3879	196	69	2	\N
3880	196	70	3	\N
3881	196	71	2	\N
3882	196	72	3	\N
3883	196	73	2	\N
3884	196	74	4	\N
3885	196	75	4	\N
3886	197	76	3	\N
3887	197	77	2	\N
3888	197	78	5	\N
3889	197	79	1	\N
3890	197	80	5	\N
3891	197	81	4	\N
3913	198	57	3	\N
3914	198	58	3	\N
3915	198	59	3	\N
3916	198	60	3	\N
3917	198	61	3	\N
3918	198	62	3	\N
3919	198	63	3	\N
3920	198	64	3	\N
3921	198	65	3	\N
3922	198	66	3	\N
3923	198	67	3	\N
3924	198	68	3	\N
3925	198	69	3	\N
3926	198	70	3	\N
3927	198	71	3	\N
3928	198	72	3	\N
3929	198	73	3	\N
3930	198	74	3	\N
3931	198	75	3	\N
3932	199	76	2	\N
3933	199	77	2	\N
3934	199	78	1	\N
3935	199	79	1	\N
3936	199	80	1	\N
3937	199	81	1	\N
3938	199	82	2	\N
3939	199	83	1	\N
3940	199	84	1	\N
3941	199	85	2	\N
3942	199	86	1	\N
3943	199	87	1	\N
3944	199	88	1	\N
3945	199	89	2	\N
3946	199	90	2	\N
3947	199	91	2	\N
3948	199	92	2	\N
3949	199	93	2	\N
3950	199	94	1	\N
3951	199	95	1	\N
3952	199	96	1	\N
3953	199	97	1	\N
3954	199	98	1	\N
3955	200	76	2	Bokmål, nynorsk, internasjonalt, fortid og nåtid. Men, savner nordiske skjønnlitterære tekster; kun som emne.  Ellers; meget bra sammensetning etter det jeg ser. 
3956	200	77	1	Stor variasjoner i innfallsvinkler og valg av tekster og emner. 
3957	200	78	1	Ja
3958	200	79	1	Ja
3959	200	80	1	Eksempeltekster, men litt få. 
3960	200	81	1	\N
3961	200	82	1	\N
3962	200	83	1	Gode refleksjonsoppgaver
3963	200	84	2	\N
3964	200	85	1	\N
3965	200	86	1	\N
3966	200	87	5	Vurdering for mellomtrinn
3967	200	88	1	\N
3968	200	89	1	\N
3969	200	90	2	Opplesningsfunksjon
3970	200	91	1	\N
3971	200	92	1	\N
3972	200	93	5	\N
3973	200	94	1	\N
3974	200	95	1	\N
3975	200	96	1	\N
3976	200	97	1	\N
3977	200	98	1	\N
3978	201	76	1	Stor variasjon i tekster. 
3979	201	77	1	\N
3980	201	78	1	\N
3981	201	79	1	\N
3982	201	80	1	\N
3983	201	81	1	\N
3984	201	82	1	\N
3985	201	83	1	\N
3986	201	84	1	\N
3987	201	85	1	\N
3988	201	86	2	\N
3989	201	87	5	\N
3990	201	88	1	\N
3991	201	89	1	\N
3992	201	90	2	Ser lite til direkte differensiering...
3993	201	91	1	\N
3994	201	92	1	\N
3995	201	93	1	\N
3996	201	94	5	\N
3997	201	95	1	\N
3998	201	96	1	\N
3999	201	97	1	ser veldig oversiktlig ut. liker godt ordforklaring nederst på siden. 
4000	201	98	1	\N
4001	202	76	1	Mange tekster
4002	202	77	1	\N
4003	202	78	2	\N
4004	202	79	4	Finner ikke egenvurdering
4005	202	80	1	\N
4006	202	81	1	\N
4007	202	82	1	\N
4008	202	83	1	\N
4009	202	84	1	\N
4010	202	85	1	\N
4011	202	86	1	\N
4012	202	87	5	\N
4013	202	88	1	\N
4014	202	89	1	\N
4015	202	90	4	\N
4016	202	91	2	\N
4017	202	92	1	\N
4018	202	93	1	\N
4019	202	94	2	\N
4020	202	95	1	\N
4021	202	96	3	\N
4022	202	97	2	\N
4023	202	98	2	\N
4024	203	52	3	\N
4025	203	53	2	\N
4026	203	54	2	\N
4027	203	55	2	\N
4028	203	56	2	\N
4029	203	57	3	\N
4030	203	58	3	\N
4031	203	59	3	\N
4032	203	60	3	\N
4033	203	61	2	\N
4034	203	62	2	\N
4035	203	63	4	\N
4036	203	64	3	\N
4037	203	65	4	\N
4038	203	66	4	\N
4039	203	67	4	\N
4040	203	68	4	\N
4041	203	69	3	\N
4042	203	70	2	\N
4043	203	71	2	\N
4044	203	72	4	\N
4045	203	73	3	\N
4046	203	74	2	\N
4047	203	75	2	\N
4048	204	4	3	\N
4049	204	5	2	Test
4050	204	6	4	\N
4051	204	7	3	\N
4052	204	2	5	\N
4053	204	14	1	\N
4054	204	15	2	\N
4055	204	16	3	\N
4056	204	17	1	\N
4057	204	18	4	\N
4058	204	19	3	\N
4059	204	20	1	\N
4060	204	21	4	\N
4061	205	76	1	Varierte tekster både på bokmål, nynorsk og nordisk litteratur. \n
4062	205	77	1	Tekster fra ulike religioner og kulturer.\nTekster som treffer variasjon i elevenes bakgrunn\nTekster som er aldersrelatert
4063	205	78	1	Læremiddelet er strukturert og systematisk oppbygd. Det er sammenheng mellom områdene. \nUtforskende oppgaver som f.eks språkverksted....
4064	205	79	1	Læremiddelet lar oss følge og reflektere over egen læreprosess, utvikling og bruk av læringsstrategier, slik at de lærer å lære.\nLæremiddelet legger til rette for god vurderingspraksis og veileder elevene i hvordan de kan vise sin kompetanse i faget.
4065	205	80	1	\N
4066	205	81	1	\N
4067	205	82	1	Tolke, tenke, lete, finne, reflektere
4068	205	83	1	\N
4069	205	84	1	Det er skriveskole i hvert kapitel. 
4070	205	85	1	Det legges opp til at elevene skal samsnakke, reflektere, vurdere, analysere sine egne og andres tekster. 
4071	205	86	1	Norsk språkhistorie, nordisk språk, språk og identitet. \n
4072	205	88	1	\N
4073	205	89	1	Nettvettregler\nkildekritikk\nHvordan kommunisere på nett
4074	205	90	1	Setningsstartere\nTips til videre skriving\nmodelltekster
4075	205	91	1	Hvert kapitel har "inn i tema" med ordbank, bilde, mål. Det er også dypdykk og oppsummering i hvert kapitel
4076	205	92	1	Boka legger opp til samarbeid og individuelle oppgaver. 
4077	205	95	1	\N
4078	205	96	1	Fargekoder, bilder og fint oppbygd
4079	205	97	1	Veldig systematisk, god struktur  og oversiktlig. Lik over alle tre årene
4080	205	98	1	Det er ordbank, minigrammatikk med forklaring, begreper er forklart i tekstene. 
4081	206	76	1	\N
4082	206	77	1	\N
4083	206	78	1	Samarbeidsoppgaver, individuelle oppgaver, kritisk tenking. 
4084	206	79	1	\N
4085	206	80	1	\N
4086	206	81	1	\N
4087	206	82	1	\N
4088	206	83	1	\N
4089	206	84	1	\N
4090	206	85	2	\N
4091	206	86	1	\N
4092	206	87	4	\N
4093	206	88	2	Finner ikke noe om digitale ferdigheter, men boka finnes også digitalt.
4094	206	89	1	\N
4095	206	90	3	\N
4096	206	91	1	\N
4097	206	92	2	Veldig varierte oppgaver, men ikke nivådelt.
4098	206	95	1	\N
4099	206	96	1	\N
4100	206	97	1	\N
4101	206	98	1	\N
4102	207	76	3	5.trinn: 3-5 utdrag på nynorsk, noen faktasider om nynorsk - engelsk - samisk (kort om dialekter). Varierte forfattere. \n6. trinn: 2 nynorsktekster, 1 svensk og 1 Tønes-sang på sørlandskdialekt, \n7. trinn: Savner noe sakprosatekster, varierte forfattere fra ulike tidsepoker. \n\nOppsummering: Bokmål godt representert, men for liten mengde fra de andre nordiske landene og nynorsk. 
4103	207	77	2	Mangler potensielt noen tekster fra ulike religioner/livssyn, men viser bredde i kulturell bakgrunn og interesseområde. 
4104	207	78	4	Vi føler den dynamiske jobben rundt teksten forsvinner ved å jobbe "slavisk" i boken, der oppgavene er forutsigbare og gjentakende. Selv om at det legges opp til noe refleksjon og viderearbeid i dybdelesingsfasen. \n- Har tydelig struktur\n- Lite utforskende oppgaver\n- Få aktiviteter som innbyr til elevaktivitet og elevmedvirkning\n- De fleste aktivitetene foregår slik: Les - skriv - les - gjør oppgaver - søk på internett
4105	207	79	4	Noe egenvurdering, der de skal si noe om hva de har lært, men ikke kriterier for godkjente oppgaver. \nDet er fokus på læringsstrategier i forhold til hvordan man skal "angripe" en tekst. \nNoen "hint" og tips til egenvurdering gjennom skrivetips. \nIkke lagt opp til at man skal gjennom samhandling og dialog skal evaluere seg selv og læringspartner. \n
4106	207	80	3	\N
4107	207	81	3	Igjen, lagt opp til for lite elevaktivitet. Det er for det meste lagt opp til lesing og skriving. 
4108	207	82	3	Oppgavene er varierte innen ett kapittel. Men de er gjentakende slik at spørsmålene vil bli veldig like fra kapittel til kapittel. Meget forutsigbart i det umiskjennelige kjedelige. 
4109	207	83	3	Det er delvis åpne spørsmål, men blir opp til hver enkelt lærer om de skal tas som samtale i et læringsfellesskap. For de er i utgangspunktet lagt opp til å være individuelle arbeidsoppgaver. 
4110	207	84	3	\N
4111	207	85	3	\N
4112	207	86	2	\N
4113	207	87	5	\N
4114	207	88	2	\N
4115	207	89	3	Nettvett i 5. trinnsbok. 
4116	207	90	4	\N
4117	207	91	3	\N
4118	207	92	4	\N
4119	207	95	3	Litt nynorsk, men ikke i stor grad. 
4120	207	96	2	Utformingen er god. 
4121	207	97	1	Forutsigbart
4122	207	98	2	\N
\.


--
-- TOC entry 3822 (class 0 OID 25155)
-- Dependencies: 207
-- Data for Name: answertype; Type: TABLE DATA; Schema: assessment; Owner: vfkladmin
--

COPY assessment.answertype (answertype_id, name, description) FROM stdin;
1	heltenig	Helt enig
2	delvisenig	Delvis enig
3	delvisuenig	Delvis uenig
4	heltuenig	Helt uenig
5	ikkeaktuelt	ønsker ikke å svare/ikke aktuelt
\.


--
-- TOC entry 3834 (class 0 OID 25289)
-- Dependencies: 219
-- Data for Name: answertypetextresources; Type: TABLE DATA; Schema: assessment; Owner: vfkladmin
--

COPY assessment.answertypetextresources (id, answertype_id_fk, name, description, language_id_fk) FROM stdin;
6	1	heltenig	Heilt enig	2068
7	2	delvisenig	Delvis enig	2068
8	3	delvisuenig	Delvis uenig	2068
9	4	heltuenig	Heilt uenig	2068
10	5	ikkeaktuelt	Ønsker ikkje å svara/Ikkje aktuelt	2068
1	1	heltenig	Áibbas ovttaoaivilis	1083
2	2	delvisenig	Belohahkii ovttaoaivilis	1083
3	3	delvisuenig	Belohahkii sierramielalaš	1083
4	4	heltuenig	Áibbas sierramielalaš	1083
5	5	ikkeaktuelt	In hálit vástidit / ii áigeguovdil	1083
11	1	heltenig	Eevre sïemes	6203
12	2	delvisenig	Såemiesmearan sïemes	6203
13	3	delvisuenig	Såemiesmearan ov-sïemes	6203
14	4	heltuenig	Eevre ov-sïemes	6203
15	5	ikkeaktuelt	Im sïjhth vaestiedidh/Ij sjyöhtehke	6203
16	1	heltenig	Guorrasav ållu	4155
17	2	delvisenig	Guorrasav muhtem mudduj	4155
18	3	delvisuenig	Iv ållu guorrasa	4155
19	4	heltuenig	Iv åvvånis guorrasa	4155
21	1	heltenig	Helt enig	1044
22	2	delvisenig	Delvis enig	1044
23	3	delvisuenig	Delvis uenig	1044
24	4	heltuenig	Helt uenig	1044
25	5	ikkeaktuelt	ønsker ikke å svare/ikke aktuelt	1044
20	5	ikkeaktuelt	Iv sidá vásstedit / ij la ájggeguovddelis	4155
\.


--
-- TOC entry 3827 (class 0 OID 25201)
-- Dependencies: 212
-- Data for Name: assessment; Type: TABLE DATA; Schema: assessment; Owner: vfkladmin
--

COPY assessment.assessment (assessment_id, user_id_fk, teachingaid, instance_id, groupassessment_id_fk, created_datetime, user_comments, teachingaid_supplier) FROM stdin;
1	2	Formidling av læreplanen til skolepraksis	c8dcb981-772d-4d18-8a37-1a92ec4d3756	\N	2022-04-29 11:37:38.130884	\N	\N
2	2	Tester ny versjon i prod 2	21fd102d-c3e9-4413-b87c-262bf1c22afd	bemOLm7-wkejM4bujYeT8w	2022-05-09 09:08:08.07579	\N	\N
3	4	Les og lær av Lester Lærheim	88d5fef4-2c02-4eaa-bd42-abe72b9d0838	tvMcTBVq40ySGTyQ1KkOKw	2022-05-09 09:23:10.858937	\N	\N
4	2	Tester Engelsk Flyt	bb79144e-c6a3-4e57-8b09-9cf368e22178	nj8Ywgmr302ASeGrm37DbA	2022-05-09 09:31:15.971846	\N	\N
5	2	Tester Norsk Flyt	1c678292-f2ff-442b-90c9-b7552570a7d4	RsAfBGka_Eqr9fpD3UY0LA	2022-05-09 09:35:36.712002	\N	\N
6	3	Læremiddel 5 - leverandør 3	4474d0e8-3199-49fc-bde9-dbafc2015eda	\N	2022-05-10 15:07:21.286936	\N	\N
7	3	Læremiddel 7 - leverandør 2	5c512c88-6176-439e-ad81-5a38473ad232	\N	2022-05-10 15:19:26.442734	\N	\N
8	3	Læremiddel 9 - leverandør 2	cfa10692-f57d-4bd5-b243-c31dbde9fd66	\N	2022-05-10 15:23:35.13576	\N	\N
9	3	Læremiddel 10 - leverandør 3	caffd799-bacd-4cb1-9367-be09af778700	\N	2022-05-10 15:26:59.65479	\N	\N
10	3	Læremiddel 6 - leverandør 1	81705409-9618-4d57-a054-7f24d0981259	09iN76O64UmXIl_StZ1msQ	2022-05-10 16:14:34.251168	\N	\N
11	6	Naturfagseksperten	3d28bfc5-ee4a-4dc1-8349-e0ff6fe26f9d	JP1q3a1HYkC4D0vdhAeiZA	2022-05-10 18:11:29.837849	\N	\N
12	4	Læremiddel 4 - leverandør 2	df66ffce-93a4-4fd5-aa8d-d7f1ea9fe07b	HuXUknizlkCMu1Rhcv6KnQ	2022-05-10 20:14:06.97069	\N	\N
13	4	Læremiddel 3 - leverandør 1	3e7f2d12-6b9c-41be-bb08-5c938edc6d8f	iZC99uFp20efdGr0m5W-1w	2022-05-10 20:15:26.226414	\N	\N
14	4	Læremiddel 2 - leverandør 2	112de16d-4f8e-4d8d-8c0e-11d5103b5607	a_vYw1HmT0W6G-50tUEE_w	2022-05-10 20:16:31.728831	\N	\N
15	4	Læremiddel 1 - leverandør 1	a7342b20-c88c-48a6-8245-21ae5f4f8d2e	fFcTNIs6ikyMDqWpVI087g	2022-05-10 20:17:23.561435	\N	\N
16	7	Læremiddel 4 - leverandør 2	ebccc5e0-72fb-4afc-a1eb-75a713b22bd6	HuXUknizlkCMu1Rhcv6KnQ	2022-05-11 04:47:50.20063	\N	\N
17	7	Læremiddel 3 - leverandør 1	d79ad758-c389-4cc4-bbc8-9909d5db9dde	iZC99uFp20efdGr0m5W-1w	2022-05-11 04:49:33.119272	\N	\N
18	7	Læremiddel 1 - leverandør 1	44ebca8f-ed67-4d18-b384-bf748fd9ea76	fFcTNIs6ikyMDqWpVI087g	2022-05-11 04:52:45.658545	\N	\N
19	8	Læremiddel 1 - leverandør 1	5db5b278-2d18-4c5f-9fa9-f2fa9abcf71b	fFcTNIs6ikyMDqWpVI087g	2022-05-11 07:39:21.650095	\N	\N
20	8	Naturfagseksperten	126c0b9a-e626-432f-aaeb-7af5528db1f3	JP1q3a1HYkC4D0vdhAeiZA	2022-05-11 07:55:18.690451	\N	\N
21	3	Læremiddel 16 - leverandør 6	16053846-37ef-45a2-b836-4b244f0262f4	\N	2022-05-12 07:51:12.703822	\N	\N
22	17	Element	a1a5d89c-2469-473b-b3da-252a5cdb59ac	jsVZFhfY2k6LgSOAVaeTZA	2022-05-24 10:08:46.359338	\N	\N
23	19	Cappelen - Skolen	8fd0a138-4229-4113-9e53-3eaf2b9619df	5aNRQcD5ok65nsG_2yFYkQ	2022-05-24 12:18:28.96319	\N	\N
24	20	Cappelen - Skolen	3e9af5c9-a06c-427a-9e11-fbaa33c3899d	5aNRQcD5ok65nsG_2yFYkQ	2022-05-24 12:22:42.42444	\N	\N
25	21	Cappelen - Skolen	467796b0-d0fb-498b-ad31-6038addb29e4	5aNRQcD5ok65nsG_2yFYkQ	2022-05-24 12:25:59.918705	\N	\N
26	22	Cappelen - Skolen	684eac17-25b9-451c-9fa4-578224b9565a	5aNRQcD5ok65nsG_2yFYkQ	2022-05-24 12:30:28.608046	\N	\N
27	23	Cappelen - Skolen	7b1ca910-c767-4ca5-9e5a-220e81640458	5aNRQcD5ok65nsG_2yFYkQ	2022-05-24 12:31:38.501521	\N	\N
28	24	Cappelen - Skolen	4a96afa7-f631-4342-abed-94e19aae83a5	5aNRQcD5ok65nsG_2yFYkQ	2022-05-24 12:38:11.997768	\N	\N
29	25	Cappelen - Skolen	921fef4a-21bf-457f-a577-c0b14fdd7ee1	5aNRQcD5ok65nsG_2yFYkQ	2022-05-24 12:50:35.269416	\N	\N
30	16	Element 1	de791de0-0f48-4d5b-a598-3668c9e6b9e2	KscAkz-TpEm4xhFnVncL-A	2022-05-25 10:05:10.731151	\N	\N
31	7	Gladmatte	8d42c419-15e0-4f96-a584-e5e53fe98932	kI6lMANlb0WK0MeJ7xZmYw	2022-05-25 11:55:53.808187	\N	\N
32	3	Gladmatte	bd0e5773-f076-4b56-b312-d9288b3386a9	kI6lMANlb0WK0MeJ7xZmYw	2022-05-25 11:58:00.150002	\N	\N
33	27	Ordriket	b102edaf-c03e-4f6e-be1c-b75ac32875f3	\N	2022-05-25 12:24:43.255864	\N	\N
34	29	Engelsk Cappelen Damm	ba8751df-39ff-4ea7-8c3b-a69f93da1862	jq2K6jtK70KvPMP1-g6wDw	2022-05-27 13:05:19.067016	\N	\N
35	30	Quest	ee7366b1-73c1-4d5d-9b2e-30bfb2a8019c	UTbaWXOPoEm0gg75xF1p0w	2022-05-29 14:11:37.305004	\N	\N
36	31	Numetry	18ce1709-f5be-4467-90a3-8dd62d0eb956	qryJ-D_bsU6yJkc7fjBGlQ	2022-05-29 15:17:13.540259	\N	\N
37	32	Quest	d026654f-0e05-4c26-b7e9-0b21eeada3b2	UTbaWXOPoEm0gg75xF1p0w	2022-05-30 11:01:21.009456	\N	\N
38	33	Element 3	d4f0b12a-3a64-49a7-a2b6-9a2bf619c861	qkR20HzX2U2yn5t2d7bEew	2022-05-30 11:53:51.714575	\N	\N
39	35	SALTO Gyldendal 5-7	344374ba-2d2a-4e24-ab56-40f0a8fed226	-4nQciwINUunfBWX1TIvLg	2022-05-30 13:25:15.981898	\N	\N
40	36	Refleks samfunnsfag	3e9cf220-965f-4b7e-86db-25bef7e60081	nnhwGrbmhUC6L9NEsaqeXg	2022-05-31 06:10:54.907564	\N	\N
41	37	Matematikk Cappelen Damm	2611f8da-29d4-4985-b579-53f777f6f656	TSoeoTBIJ0Cc_Lt43jl_6g	2022-05-31 06:41:09.310776	\N	\N
42	16	Element 3	eebd852d-27eb-4b3f-9e73-3ddae400f798	qkR20HzX2U2yn5t2d7bEew	2022-05-31 08:53:10.280887	\N	\N
43	38	Engelsk Cappelen Damm	269e0674-5a5a-481c-8cb1-c685aac0b6e9	jq2K6jtK70KvPMP1-g6wDw	2022-05-31 11:28:16.716291	\N	\N
44	3	test	96652bc7-e1c2-4bf3-ac23-97d2a94ad756	fxqzPiryQUSq-XmiEqxkpg	2022-05-31 11:35:04.641179	\N	\N
45	39	Quest	3f7449f7-e940-479b-a911-04c5839fd581	UTbaWXOPoEm0gg75xF1p0w	2022-05-31 11:51:35.181389	\N	\N
46	40	CDU skolen Samfunnsfag	b0fdadb5-274d-4554-8f3d-adab622caee7	F9nDh8xvA0Gc63KBOTy1tQ	2022-05-31 11:56:42.479867	\N	\N
47	41	Minecraft Education	d33e5eba-0d37-45ce-a539-2f8d982c611f	0vF06PTGXESm2Lj9Ty1nwQ	2022-05-31 12:08:44.929884	\N	\N
48	43	Engelsk	68e2d78e-73ed-4d6d-a526-a3575af2e7b1	4YUlzkkqPkO-8zzpwb83nQ	2022-05-31 12:49:13.480665	\N	\N
49	43	Link	9ca274b7-8166-48cb-8f65-9713d76a718d	95tEHuK0rk-vVI1hnDdscQ	2022-05-31 12:52:11.831433	\N	\N
50	44	Link	46985852-d585-4bca-8523-2b18b2546705	95tEHuK0rk-vVI1hnDdscQ	2022-05-31 12:54:20.246171	\N	\N
51	45	Engelsk	0acab156-f406-4fa9-955e-e19a8e576330	4YUlzkkqPkO-8zzpwb83nQ	2022-05-31 13:12:25.230816	\N	\N
52	45	Link	fc219fe2-c988-46e8-8125-7483e2d1e0fa	95tEHuK0rk-vVI1hnDdscQ	2022-05-31 13:22:17.731216	\N	\N
53	46	Norsk 1 og skolen	6310fb72-bfb6-46f1-93b3-3121ef353889	pPMG5oT_d0SEg2a_FhOpMQ	2022-05-31 13:37:27.824901	\N	\N
54	47	SALTO Gyldendal 5-7	ae86f322-bf9f-435b-a9c9-a18aa31281e4	-4nQciwINUunfBWX1TIvLg	2022-05-31 14:16:54.218307	\N	\N
55	44	Engelsk	813a0d41-b3ae-4f81-b2ff-f13f91aa5672	4YUlzkkqPkO-8zzpwb83nQ	2022-06-01 05:55:25.416882	\N	\N
56	48	CDU skolen naturfag	51c978f9-fb9d-44e0-b51a-acfb81f9b44f	IYp3PAGWv0ClFPJua_Whgw	2022-06-01 10:32:26.964088	\N	\N
57	49	Refleks Naturfag	96c71a1a-4dde-4945-95c6-11ae9531d547	pbpJo586qEmh5ewZjvR5gA	2022-06-01 17:27:44.693234	\N	\N
58	50	CDU skolen naturfag	8aa4ab19-82d2-4973-ba8d-bdc712d459a3	ojIesQx1r0SrBOMugOLr9w	2022-06-02 11:24:28.242558	\N	\N
59	51	Norsk Cappelen Damm	7c41e69d-c321-436b-8f1e-6c4f73df3fa0	69yxn6ld-EaG3laKHjsDxA	2022-06-02 12:03:04.355461	\N	\N
60	52	CDU skolen naturfag	27c0ae77-e70d-4c1c-8be0-c58192a4778d	IYp3PAGWv0ClFPJua_Whgw	2022-06-02 12:14:04.605437	\N	\N
61	53	Norsk Cappelen Damm	023bb85c-f986-4328-b4e4-9a4adf1cc055	69yxn6ld-EaG3laKHjsDxA	2022-06-02 12:23:41.506215	\N	\N
62	54	Quest	bce11ee0-cb9f-45a1-94b0-3d51defc483f	UTbaWXOPoEm0gg75xF1p0w	2022-06-02 12:53:28.219452	\N	\N
63	55	Matemagisk	fac87397-29d4-43b5-8b1b-6af2c7e6729e	\N	2022-06-02 13:26:38.205882	\N	\N
64	56	Aschehoug Univers: Matemagisk	a2ee421e-f379-4ae3-8c52-c32a2049209b	mXZ8c9hR_02C_eN18j9PKA	2022-06-02 17:58:03.019796	\N	\N
65	57	Aschehoug Univers: Matemagisk	be2de176-b0df-4160-adbb-4dc126457c1d	mXZ8c9hR_02C_eN18j9PKA	2022-06-06 19:40:05.808263	\N	\N
66	58	Aschehoug Univers: Matemagisk	76f93a7e-41fd-48bd-a975-89bb3bbd98bd	mXZ8c9hR_02C_eN18j9PKA	2022-06-07 12:14:30.828022	\N	\N
67	59	Link	f6776e0a-dd0d-4756-85a4-0cf6921b63a5	95tEHuK0rk-vVI1hnDdscQ	2022-06-07 12:33:08.385046	\N	\N
68	2	Tester bugfix	450ec71a-72b5-4d9e-a0b1-257f9593d462	\N	2022-06-10 09:44:51.379281	\N	\N
69	64	Fabel 1-7	93feee38-c0c0-43c4-8cb1-af06edf84bf8	\N	2022-06-15 13:09:23.107679	\N	\N
70	65	Skolen frå Cappelen Damm	5c4246ac-2912-4fcd-9ab2-ee4f74b5936a	\N	2022-06-22 12:55:44.706988	\N	\N
71	66	Cappelen Damm Matematikk	f02d0286-0db2-4652-bf36-f598bf6c578a	\N	2022-06-22 14:23:37.531602	\N	\N
72	3	Test 080822	38f4aa6f-b5cf-4bf8-8d59-97da8cc9be25	mJCI2hRyzkONwslLqR-ZDQ	2022-08-08 08:11:09.97424	\N	\N
73	68	Spansk - Gente fra Aschehoug undervisning	c8f760be-91ea-4fc4-ae73-39f72aa3e56d	\N	2022-08-15 07:59:29.140729	\N	\N
74	69	Samfunnsfag	c5a3e48d-2f33-44cb-859c-70c56361dd37	\N	2022-08-15 08:10:37.444051	\N	\N
75	70	Leute	64f9a39e-6f67-485a-ba85-1f6c712eb8f9	\N	2022-08-16 14:12:18.527661	\N	\N
76	71	Pasos spansk nivå 2	2b98f6de-eeb1-436d-beef-1bce01894837	\N	2022-08-17 11:06:54.780489	\N	\N
77	72	Multi smart øving	2d853c3b-bb0e-4b61-9081-52e2e1dd09aa	\N	2022-08-23 13:24:22.922961	\N	\N
78	74	Momente Tysk nivå 2, Aschehoug undervisning	47e4a35e-63fb-4781-ae73-b57a4abf4411	\N	2022-08-25 16:10:36.858428	\N	\N
79	76	Norsk 8	524f45ad-24df-44be-8c6b-27d36f9760c9	\N	2022-09-06 13:27:35.328308	\N	\N
80	77	Aschehoug, "Store spørsmål" KRLE 8-10	7dcb43c1-8bd2-4191-b62a-ee82afe48934	\N	2022-09-07 13:05:15.600822	\N	\N
81	78	Store spørsmål KRLE 8-10	a1e7adae-001d-4b92-976a-32cadc9a3c56	\N	2022-09-07 13:11:19.110932	\N	\N
82	80	Multi	c3980ece-2648-4a6d-8744-e0f701eb180a	\N	2022-09-08 12:47:48.109627	\N	\N
83	81	Salto 5-7	ecbc9964-4329-46a2-a98f-2a23ee753398	\N	2022-09-08 12:55:46.829678	\N	\N
84	82	Explore	8aafef80-def0-4c2b-9477-abe7da0ffbeb	\N	2022-09-08 12:59:51.541657	\N	\N
85	83	Salto	7c2d311e-5244-4269-81cd-564566381a77	\N	2022-09-08 13:05:30.762398	\N	\N
86	84	Store spørsmål	cdf8ecd2-b911-4d2b-8bbc-fe7f1852422c	\N	2022-09-13 08:06:05.544656	\N	\N
87	84	KRLE-boka 8-10 fra Cappelen Damm	9f35dd40-8d08-404b-8286-ab7f5f2522a1	\N	2022-09-13 09:19:22.876522	\N	\N
88	83	Salto	4fdf5652-35a6-401e-ae73-965db4a79301	\N	2022-09-13 11:44:52.466787	\N	\N
89	88	Fabel 	01fc1052-d51d-4f9a-a57c-4acb92569fc7	zKZWrHDHAkyaNaYTi7yrcg	2022-09-13 12:50:19.021323	\N	\N
90	89	Matemagisk	1f44a181-d681-498d-91b5-f53e63343c59	rNGyuZKYg0KR4d-0ytM_pA	2022-09-13 12:51:37.775914	\N	\N
91	90	Solaris	28c758bf-1a4b-4b2a-a4d1-7d4de577a767	\N	2022-09-13 16:52:21.862525	\N	\N
92	91	Fabel 	8ed235cd-4a52-474d-837f-46b06141337a	zKZWrHDHAkyaNaYTi7yrcg	2022-09-14 12:52:18.049153	\N	\N
93	92	Engelsk 4	c6fb86e4-a0f2-4144-90c5-2115fc2d675a	\N	2022-09-14 12:54:52.151074	\N	\N
94	87	Naturfag	a3faca33-e1f9-4fc9-bcc9-28c6311b8eb2	\N	2022-09-14 12:57:30.85491	\N	\N
95	77	KRLE 8 fra Cappelen Damm	3522d0fc-42d8-4e04-ad18-7503877a42c6	\N	2022-09-14 13:01:51.065924	\N	\N
96	93	Naturfag	c136228b-9442-4c9c-bb7d-1601d284dd1f	\N	2022-09-19 18:30:07.955181	\N	\N
97	95	Stages 9	936aee5c-1575-4736-a896-7c2ec023347d	QIE1qDItp06vE9ejU_57Og	2022-09-20 13:30:21.489988	\N	\N
98	96	Norsk 5-7	0f044cac-31cf-458a-85bc-42956b145d25	b0nGXbz6zk6mLDuZJ3YYrg	2022-09-21 13:55:53.169527	\N	\N
99	97	Engelsk 5-7 	98088941-9e34-48b6-b4dd-5b54c495fc09	u23-vaTvIUiySh5XLWaVtw	2022-09-22 06:37:05.089731	\N	\N
100	97	Explore 5-7	25f39d6e-0176-4874-9cf2-e1563eeda329	oJ5bo-fvpEChesb07xouKw	2022-09-22 07:01:25.023234	\N	\N
101	97	Quest 5-7	5e2bfb51-69b5-4d1b-9a2c-9c43cac7724a	iRCq68mwc0yHe41KzhGFaQ	2022-09-22 07:21:22.310181	\N	\N
102	97	Salto 5-7	5ccd625e-2952-460f-8946-6ff6099b9b25	iuAZfi26PUeV5MT89Fj81w	2022-09-22 07:42:59.772045	\N	\N
103	7	VFKL - qliksense prod test	cb9eeb49-0ea4-430f-b00b-b5202acbe008	YwbIH3e-S0iYJOrgGHh67A	2022-09-23 07:26:48.20228	\N	\N
104	98	Engelsk 5-7 	6f99e60c-cf27-447a-8177-c022893d5451	u23-vaTvIUiySh5XLWaVtw	2022-10-05 12:47:34.325859	\N	\N
105	97	Norsk 5-7	b8fcf0a7-9127-474b-837a-af7c7ccfc62e	b0nGXbz6zk6mLDuZJ3YYrg	2022-10-05 13:00:57.048247	\N	\N
106	98	Norsk 5-7	f689c37e-4375-4658-a41b-7f5aeee04939	b0nGXbz6zk6mLDuZJ3YYrg	2022-10-05 13:02:57.397037	\N	\N
107	98	Salto 5-7	4b0f38f2-c233-4909-ac2c-a789665875f5	iuAZfi26PUeV5MT89Fj81w	2022-10-05 13:19:18.142111	\N	\N
108	97	Fabel 5-7	426c75c9-892d-4bbb-b425-f6e5c2a6d59c	6gTFqFYib0KS1CRYjgsyhg	2022-10-05 13:23:04.433	\N	\N
109	96	Fabel 5-7	3a6a6996-59b9-4cec-a360-f6f12ec55957	6gTFqFYib0KS1CRYjgsyhg	2022-10-05 13:38:02.874359	\N	\N
110	99	Multi 5-7	8e9e052e-bfbd-46a4-9c93-6f0b5b1bb46b	kMz9fGogT0KuAIGHhZbVNA	2022-10-05 13:43:55.452035	\N	\N
111	96	Salto 5-7	536da08a-749b-457a-8701-b58185d2e18c	iuAZfi26PUeV5MT89Fj81w	2022-10-05 13:51:57.842558	\N	\N
112	100	Samfunnsfag 8-10	4289d48e-ce04-45e9-87bb-01e08a5e1fda	lWmgRN_dAUWNwrpVWIX1Og	2022-10-05 13:55:30.375342	\N	\N
113	102	¡Claro! 1 og 2 elev- og lærerens bøker + CD (Spansk) - Oxford University Press, 2019 (ENGELSK)	7f5b72e6-57d2-4344-8158-90d1b5c41c26	\N	2022-10-10 09:46:15.556214	\N	\N
114	103	Element 8-10	15908b74-02ad-4c4e-8e9a-6896b2cb48a1	KEYx13qquk2hj5JpFRlCpA	2022-10-11 10:35:21.193443	\N	\N
115	103	Naturfag 8-10	41a2faa7-bdbc-4663-b9ce-845549987aa7	S4byIfdIjUGvquaREVzSrA	2022-10-11 12:51:25.417456	\N	\N
116	103	Solaris 8-10	b2697fb7-bbca-45e7-980a-38047d4fb3b9	ik5isMPmjkKzmpqtQxaK2A	2022-10-11 13:49:18.410986	\N	\N
117	7	test	7584aa09-4ea2-448c-a939-5ad76dc3334b	ZfJNhtEjjUKy-h7s2vxskQ	2022-10-13 12:19:26.696621	\N	\N
118	83	Salto 3 trinn	b1ae88dd-1921-4945-9423-59efa5634fdc	\N	2022-10-15 11:13:12.057819	\N	\N
119	105	Explore 3, My book og Teachers book	9f22b8db-34d5-40d0-a2c1-1c31a5facd85	\N	2022-10-18 13:06:58.648958	\N	\N
120	104	Quest	76268b9d-7755-48db-8797-b5e9bc697920	\N	2022-10-18 13:08:52.426864	\N	\N
121	2	test	46dc6619-0321-4ee0-8fb4-6c0f16cfa21f	PUBy8TBadkOKUY4vGCpVFQ	2022-10-19 09:06:35.98107	\N	\N
122	107	Norsk 8-10	62a18f65-9d91-499a-b86b-31d1a229b67f	fY9_xjoFIUqFYZ9p_ww7Vg	2022-10-20 10:59:08.249194	\N	\N
123	107	Fabel 8-10	ee6caafe-ddc4-4ef7-a500-a946f54b733b	lYfGA8kosECc2Oyf_8DrWw	2022-10-21 07:15:17.698677	\N	\N
124	107	Norsk 8-10	2d8b18c5-6fd8-448c-805c-afa7b929d55c	fY9_xjoFIUqFYZ9p_ww7Vg	2022-10-21 08:01:37.177294	\N	\N
125	107	Kontekst 8-10	344aee72-d3ab-417c-a17f-723a90ccdd97	A1a8WIg8AE-k0uLDXIVFyw	2022-10-21 08:25:38.853836	\N	\N
126	107	Samfunnsfag 8-10	26975185-54c6-4b44-bf1a-c1b44fd0c25e	lWmgRN_dAUWNwrpVWIX1Og	2022-10-25 07:55:42.437668	\N	\N
127	107	Relevans 8-10	83ed8c9f-5d57-46a9-a0b1-22f24b158af9	1jDdwtkEDUmNk6c0NCqDgQ	2022-10-25 08:12:47.080051	\N	\N
128	107	Arena 8-10	67d39657-f420-4236-966d-22418d5aca0e	JDG-WZgfd0KlQCpv2B-U6A	2022-10-25 08:35:51.171627	\N	\N
129	3	Test 261022	93579a10-8339-48b0-ad37-eeac2ad2d19e	CuXCn5-rnUqRsIT7KFxekA	2022-10-26 07:33:27.424262	\N	\N
130	108	Arena 8-10	6792d949-35c1-4c8d-a75b-85b0f6819a15	JDG-WZgfd0KlQCpv2B-U6A	2022-10-26 12:12:59.205745	\N	\N
131	108	Samfunnsfag 8-10	95c9e1cd-9d8b-4dcb-be15-4179b5dfc2cc	lWmgRN_dAUWNwrpVWIX1Og	2022-10-26 12:21:58.934055	\N	\N
132	109	Solaris 8-10	77539786-a0cd-4500-9d96-3e68a498e538	8D-A79qNpEO7p9h4VdqzKQ	2022-10-26 12:24:43.478339	\N	\N
133	108	Relevans 8-10	2db58e93-f4af-4294-afd5-c9078e4448ba	1jDdwtkEDUmNk6c0NCqDgQ	2022-10-26 12:34:13.582113	\N	\N
134	99	Matematikk 5-7	0c8d5d30-f126-4e72-9843-0f1a04c53a8b	-RJaWfeqgUy9i_BY4TAN4Q	2022-10-26 12:44:23.722336	\N	\N
135	109	Naturfag 8-10	4d5ccf0a-d337-4f03-9ce8-b0e13148539a	Os62jWLTHky21IOijpdNvw	2022-10-26 12:44:35.541605	\N	\N
136	108	Fabel 8-10	597ccb65-9495-4601-bb45-8c14b7b5ce9d	lYfGA8kosECc2Oyf_8DrWw	2022-10-26 12:47:42.104568	\N	\N
137	98	Quest 5-7	a3e43089-ebbd-4735-9fd3-9d442936a02a	iRCq68mwc0yHe41KzhGFaQ	2022-10-26 12:48:15.573244	\N	\N
138	109	Eureka! Naturfag 8-10	b75b7680-c828-445c-b433-5d0eb70ade4a	3SoMCIx6o0uTUUXZ8UsVsA	2022-10-26 12:54:16.866727	\N	\N
139	108	Norsk 8-10	717efb2b-1221-469f-ad59-48dd7fe755e1	fY9_xjoFIUqFYZ9p_ww7Vg	2022-10-26 13:01:22.729076	\N	\N
140	98	Fabel 5-7	615b1a76-84d4-4047-8d2d-c6c0c1276270	6gTFqFYib0KS1CRYjgsyhg	2022-10-26 13:05:03.011355	\N	\N
141	108	Kontekst 8-10	3ec363f6-d93d-4376-b4d8-59bde57fcdf3	A1a8WIg8AE-k0uLDXIVFyw	2022-10-26 13:13:45.62089	\N	\N
142	99	Multi 5-7	a0712c76-333b-432c-af8b-13db5f262577	kMz9fGogT0KuAIGHhZbVNA	2022-10-26 13:20:25.560771	\N	\N
143	110	Matemagisk 5-7	44836ca5-043c-49fa-8cef-3338990f49dd	hXa3Ad7Txkyj9U8LdRJCVw	2022-10-26 13:29:03.923118	\N	\N
144	110	Matematikk 5-7	e0320737-6759-4103-b9f1-a65f0d89a514	SrsYBUhkmUqTedVvV2RBlQ	2022-10-26 13:37:58.270191	\N	\N
145	110	Multi 5-7	246a9b09-1e73-49cb-bde1-01094f473737	kMz9fGogT0KuAIGHhZbVNA	2022-10-26 14:10:59.430713	\N	\N
146	111	Norsk fra Cappelen Damm	234d192a-4bdd-45af-939b-e1634154cdee	\N	2022-10-26 14:23:51.399714	\N	\N
147	110	Salto 5-7	90d84d85-69e2-4147-8ff0-eaed8cfea14a	iuAZfi26PUeV5MT89Fj81w	2022-10-27 20:16:28.520841	\N	\N
148	2	Formidling av læreplanen til skolepraksis	dbf485a1-8dbb-4af7-af94-2f2f17621d1b	\N	2022-10-28 07:34:56.08455	\N	\N
149	112	Kaleido 6	08604adc-5d92-492b-b21a-8c1bf8b08ab6	\N	2022-10-28 09:21:34.038396	\N	\N
150	113	Explore 5-7	9d391cd5-bf29-4364-a237-d38d25559a89	oJ5bo-fvpEChesb07xouKw	2022-10-30 21:31:59.223715	\N	\N
151	110	Norsk 5-7	29b8ecbd-fd7d-4e2c-a8a5-896b9262ad18	b0nGXbz6zk6mLDuZJ3YYrg	2022-10-30 21:59:57.482761	\N	\N
152	110	Fabel 5-7	ece17c66-2a80-4046-8b98-accd5bb37b69	6gTFqFYib0KS1CRYjgsyhg	2022-10-30 22:08:32.707142	\N	\N
153	116	SkolenMin	fae047c5-cf59-4cbf-bdf3-b71678af8733	\N	2022-11-05 14:40:34.414039	\N	\N
154	119	Gyldendal	107158f7-3d85-44b4-b8f2-08d08079274a	DL5uOUpCMUKUc7iq8tYG9A	2022-11-16 12:39:52.033128	\N	\N
155	120	Gyldendal	8550b9b4-518e-4360-affe-14bba9f096c4	rb8jsA5OE0SUw-Oci0kEQg	2022-11-16 13:37:25.180546	\N	\N
156	121	Gyldendal Multi 5-7	b22ed022-adf6-4ba5-92ad-3a2ec58044d7	g7dtCkRGOUqNMjTZmhnEBQ	2022-11-23 13:24:09.581139	\N	\N
157	120	Cappelen Damm Engelsk 	692a2313-afd8-4b91-ada6-a6d75741451c	LQUZ6H8ibEmS9xDRqSaOdg	2022-11-23 13:51:54.552885	\N	\N
158	122	Gyldendal	70729848-9006-43ea-8ee6-83ea4ac26caa	t0GsuvUfWUqF27syqr8FkQ	2022-11-23 14:05:21.21304	\N	\N
159	123	Campus inkrement	aeed20d4-75b0-4ce6-81a9-ec93836d2b72	\N	2022-11-27 16:20:06.533864	\N	\N
160	124	Kakaokrise!	3f24b8a8-9d66-426c-9931-8d57f33e36ec	\N	2022-12-01 13:00:04.60463	\N	\N
161	125	Tester ny versjon i prod 05.12.2022	a9e6f0bf-e359-4e76-99e3-32eba5ea7c27	TLu6RapCVUOU4gNJKcUKIg	2022-12-05 10:13:03.22665	Tester tilleggskommentar	Accenture
162	3	Test 060222	215252b3-cead-4a88-ad89-a9294172a62f	NMQQQxRuqU62CMIHZFYWUA	2022-12-06 11:59:37.779137	test	Testleverandør 060222
163	2	Formidling av læreplanen til skolepraksis	25284009-13fe-4654-bd16-94ff080c4bca	\N	2022-04-18 00:00:00	\N	\N
164	127	Test	ec84d853-baa6-468d-9f17-99cceacb8227	f0Dru_jh6UaVV2K12HR0FA	2022-05-04 00:00:00	\N	\N
165	127	Tester alene	555e58e2-19f1-4258-abbf-33a3b4849386	\N	2022-04-19 00:00:00	\N	\N
166	127	test	4b9a9593-3e77-43a2-9baa-dd1d511b6c41	wVEg1V9rEE6hYR6TYK7QBQ	2022-04-19 00:00:00	\N	\N
167	4	Erlends matematikkbok	71009288-6d1b-478e-8c18-00d3e52cc928	QJ6DOGr-wkSRDSbdDqEflg	2022-04-19 00:00:00	\N	\N
168	7	Vi tester sammen	657d0962-a3ce-4db4-a182-cdb697c6a50d	Fctaey_-D0eUQxM4yubMKg	2022-04-20 00:00:00	\N	\N
169	3	Salaby 5-7 Samfunnsfag	cf1e31b9-3969-43dc-a4b1-9dfcbec4dfc3	M4aihYaM7E-cZ0l7BB4WhQ	2022-05-08 00:00:00	\N	\N
170	3	test	678b1bf7-0b38-42ca-acf1-41b06adff4ee	5ppUPw3_VEi8YmZ7iKRf-Q	2022-05-02 00:00:00	\N	\N
171	3	Vi tester sammen	1113ca96-6a30-4c5d-82fd-8c1574674c0d	Fctaey_-D0eUQxM4yubMKg	2022-04-20 00:00:00	\N	\N
172	129	Campus Matte	f12b600c-74b8-4abd-9864-d89a0b3d9d19	Lmxf6Ui_JEq_ij_mAs8Bvw	2022-04-24 00:00:00	\N	\N
173	131	Campus Matte	eae3ab3b-946b-42b8-9b9e-c9de809d55dd	Lmxf6Ui_JEq_ij_mAs8Bvw	2022-04-26 00:00:00	\N	\N
174	132	Creaza Core	139ac16c-6787-4d24-afad-f376b97b35c5	T-ureqW6DkGw8w25S0_abQ	2022-04-26 00:00:00	\N	\N
175	133	Skolestudio	80fc2de3-22e8-4ac6-948b-09d0c8dcdf57	br1lq5vRMkya5Qz8Ftd65w	2022-04-26 00:00:00	\N	\N
176	134	Skolestudio	fe9007b9-1bf8-4fbb-b2c7-f45c2f474999	vmVZ89LIWEmF7r0GIe_R3Q	2022-04-26 00:00:00	\N	\N
177	135	Aski Raski	d6a2e335-cb36-48ef-9897-a2a10997c9be	ueuyyw7o5Ua3bXQ0PGk3Cg	2022-04-26 00:00:00	\N	\N
178	136	Aschehougs univers	d136d912-27b2-4205-9135-9e0728475fa5	B1fmNuZjgkqJvGVn0jJCSg	2022-04-26 00:00:00	\N	\N
179	137	Skolestudio	f621f30a-9e3d-4a08-b1eb-0d7a257d7f10	br1lq5vRMkya5Qz8Ftd65w	2022-04-26 00:00:00	\N	\N
180	138	Aschehougs univers	17dbe9eb-97da-4178-a140-4b4391bd3e2f	pzWs5cCxSU2ya661RXZLXw	2022-04-26 00:00:00	\N	\N
181	139	Aski Raski	b5b03a5d-d128-4138-96d3-3703d7e9ddfc	wTPf5Z4UwEGMzVl5sVcqSA	2022-04-26 00:00:00	\N	\N
182	140	Skolestudio	fbd81aa8-81e8-48f0-8ad4-3a8644268271	uppjFcLZhUS12VPRyIhYZA	2022-04-26 00:00:00	\N	\N
183	141	Kikora	113b7c52-423d-48c4-aee8-facd04fc3559	isfIfFemHECqsSiQO27GCw	2022-04-28 00:00:00	\N	\N
184	142	Aschehougs univers	fc3c3e93-c1c2-4b61-a07d-84eecc40cf4e	pzWs5cCxSU2ya661RXZLXw	2022-04-28 00:00:00	\N	\N
185	143	AUNIVERS - KRLE	518bbf19-2f49-4970-99c2-964cb252f4d6	\N	2022-05-02 00:00:00	\N	\N
186	144	Campus Matte	2b7c93da-d02a-4515-97b2-d0da3f4b2d16	Lmxf6Ui_JEq_ij_mAs8Bvw	2022-05-03 00:00:00	\N	\N
187	1	Matte	ad6bdbb1-13bf-44a5-af3d-8a1c7b31b602	VZ2QP-HK8Emc33jKYjdxzw	2022-05-06 00:00:00	\N	\N
188	146	Skolen (Cappelen Dam)	342856e6-1813-4370-8229-25235c43d667	VzH3vClwPEejOszRJzZnog	2022-05-12 00:00:00	\N	\N
189	147	Skolen (Cappelen Dam)	c3441d51-45c7-4d1f-89cb-adc17b61d652	VzH3vClwPEejOszRJzZnog	2022-05-12 00:00:00	\N	\N
190	148	Skolen (Cappelen Dam)	8c692157-f84f-40ab-b19e-0e794c029d48	VzH3vClwPEejOszRJzZnog	2022-05-12 00:00:00	\N	\N
191	3	Test vfkl prod 010223	6bd36283-0bdd-4014-8d94-b46728f591d8	TZdDyUxkl0ytzlFjnAurwg	2023-02-01 08:57:02.817065	Godt læremiddel!	Testlæremiddel
192	150	Matematikk 5-10	570e3f47-d17a-41d8-bc4b-6d69f2cd5c23	xeP0Nk9W9U65qqEWueSg7g	2023-02-07 15:49:22.45095	Jeg tror dette læreverket er et godt kjøp. 	Gyldendal, Cappelen, Aschehoug
193	3	Test 080223	5896628f-eb45-458f-911d-53afb016debf	cY_Y9TlHSUuCfy-1oUqCsQ	2023-02-08 11:40:58.025533	test	Leverandør 1
194	151	Matematikk 6	53045877-3037-411c-a623-a3a289fa96da	\N	2023-02-13 13:53:02.257415	\N	Cappelen Damm
195	7	test 02.21	bead41a9-02cc-419d-8def-02212b5690be	aMnAhH5n1UG0p7Z14_qkIw	2023-02-21 08:28:26.831835	\N	Test 02.21
196	152	Sinus 1T	223b1d22-3bca-4edc-a8cf-21a50cbe5d4f	\N	2023-02-23 08:49:00.319116	\N	Cappelen Damm
197	153	lese	8592aeea-cb7f-4aaf-b1c1-07edc7237125	Av6wLHZvPkGpvGpQGe5c6Q	2023-02-23 13:13:10.040404	\N	Lese
198	154	Matemagisk	1b31fdc1-0d24-4d1c-8215-37fb0cccf4e1	\N	2023-03-06 14:24:07.921127	\N	Aschehoug
199	155	norsk	acb25edd-c90a-4e06-a8d0-0c1caf50af89	\N	2023-03-06 18:59:56.223512	\N	Cappelen
200	157	Fabel	2b6dc202-a60a-4a2c-aba7-3d7fca7685ae	\N	2023-03-12 16:35:02.989281	\N	Aschehoug
201	157	Salto	3ab75a53-52a3-474e-9ee6-50591aa421c2	\N	2023-03-16 21:00:45.490614	\N	Gyldendal
202	157	Norsk	71928efd-9fa6-4ddf-9703-536eac0dbf3f	\N	2023-03-17 06:08:02.361469	\N	Cappelen Damm
203	159	Sinus	2986fffd-b0e8-4dfe-a82e-06348422e7bb	\N	2023-03-18 20:00:33.590125	\N	Cappelen Damm
204	3	Test 230322	84a9a07d-7925-4130-9ec6-c9651c202681	\N	2023-03-23 10:17:56.493782	\N	Testleverandør
205	160	Salto ny	b17f12d2-2a36-4931-9f79-9e40b8e0bfb3	LF1BUw8x3kCjOsWw7zhNBw	2023-03-29 12:16:31.794096	Vi ville gått for dette læremiddelet!! :-)	Gyldendal
206	161	Fabel	4997019d-ef96-4ccb-a7ca-aecb260db6aa	LOZm5ATThkmwgXb4qq11sA	2023-03-29 12:23:21.973718	Veldig fint oppbygd med både start, underveis og avslutningsoppgaver for hvert kapittel.	Ascheoug
207	162	Norsk 5-7	d9a1df4b-8b75-462a-8433-03c35c629285	-lgZPSTLOEO113VF8iEcrg	2023-03-29 12:28:07.143232	Ett skritt tilbake i tid. \nFor lite utforskning, samarbeid, praktiske oppgaver, diskusjoner og elevaktivitet. Kunne vært mer språkvariasjon, og oppgaver som skiller bedre mellom individuelt arbeid og gruppearbeid. Manglende egenvurdering. 	Cappelen
\.


--
-- TOC entry 3820 (class 0 OID 25144)
-- Dependencies: 205
-- Data for Name: category; Type: TABLE DATA; Schema: assessment; Owner: vfkladmin
--

COPY assessment.category (category_id, name, description) FROM stdin;
1	design	design/utforming
2	pedagogisk	Pedagogisk og didaktisk kvalitet
3	læreplanverk	Bruk av læreplanverket
4	føringer	Føringer fra læreplanverket
5	kvalitet	Utforming og tekstlig kvalitet
6	kobling	Kobling til læreplanverket
\.


--
-- TOC entry 3832 (class 0 OID 25268)
-- Dependencies: 217
-- Data for Name: categorytextresources; Type: TABLE DATA; Schema: assessment; Owner: vfkladmin
--

COPY assessment.categorytextresources (id, category_id_fk, name, description, language_id_fk) FROM stdin;
1	1	design	Design/hábmen	1083
2	2	pedagogalaš	Pedagogalaš ja didaktihkalaškvalitehta	1083
3	3	oahppoplánabuktos	Oahppoplánabuktos a geavaheapmi	1083
4	1	design	Design/utforming	2068
5	2	pedagogisk	Pedagogisk og didaktisk kvalitet	2068
6	3	læreplanverk	Bruk av læreplanverket	2068
7	4	føringer	Føringar frå læreplanverket	2068
8	5	kvalitet	Utforming og tekstleg kvalitet	2068
9	6	kopling	Kopling til læreplanverket	2068
10	1	hammoe	Hammoe/hammoedimmie	6203
11	2	pedagogisk	Pedagogeles jïh didaktihkeles kvaliteete	6203
12	3	learoesoejkesje	Åtnoe learoesoejkesje-vierhkeste	6203
13	1	design	Design/hábbmim	4155
14	2	pedagåvgålasj	Pedagåvgålasj ja didaktalasj kvalitiehtta	4155
15	3	oahppoplánajt	Gåktu oahppoplánajt adnet	4155
\.


--
-- TOC entry 3839 (class 0 OID 25368)
-- Dependencies: 224
-- Data for Name: question; Type: TABLE DATA; Schema: assessment; Owner: vfkladmin
--

COPY assessment.question (question_id, question, question_id_inform, category_id_fk, assessmenttype_id_fk) FROM stdin;
1	Jeg ønsker ikke å svare på denne kategorien	0	1	1
2	Jeg ønsker ikke å svare på denne kategorien	0	2	1
3	Jeg ønsker ikke å svare på denne kategorien	0	3	1
4	Læremiddelet oppleves som engasjerende for elevene i målgruppen	1.1	1	1
5	Læremiddelet er oversiktlig og intuitivt å bruke for elever og lærere	1.2	1	1
6	Læremiddelet bruker et språk som er tilpasset fagets terminologi og elevene i målgruppen	1.3	1	1
7	Læremiddelet har multimodalitet som sammen støtter læring	1.4	1	1
8	Læremiddelet støtter lærerens arbeid med tilpasset opplæring	2.1	2	1
9	Læremiddelet har rikt og variert innhold	2.2	2	1
10	Læremiddelet legger til rette for at elevene skal lære å lære	2.3	2	1
11	Læremiddelet støtter elevene i å utvikle kritisk tenkning og etisk bevissthet	2.4	2	1
12	Læremiddelet inviterer elevene til utforsking i læringsarbeidet	2.5	2	1
13	Læremiddelet legger til rette for samhandling i eller utenfor læremiddelet	2.6	2	1
14	Læremiddelet fremmer inkludering og mangfold	3.1	3	1
15	Læremiddelet bidrar til at elevene får innsikt i det samiske urfolkets historie, kultur, språk, samfunnsliv og rettigheter	3.2	3	1
16	Læremiddelet ivaretar fagets relevans og sentrale verdier	3.3	3	1
17	Læremiddelet gir mulighet til å arbeide med kjerneelementene i faget	3.4	3	1
18	Læremiddelet legger til rette for å se sammenhenger i opplæringen	3.5	3	1
19	Læremiddelet legger til rette for at elevene får utvikle og bruke grunnleggende ferdigheter i faget	3.6	3	1
20	Læremiddelet har god progresjon i tråd med kompetansemålene i faget	3.7	3	1
21	Læremiddelet støtter elevenes og lærerens arbeid med underveisvurdering	3.8	3	1
22	Læremiddelet har et rikt og variert utvalg av autentiske og tilpassede tekster som er relevante for elevenes trinn og utdanningsprogram og som lar seg tilpasse elevenes faglige interesser og mestring	1.1	4	2
23	Læremiddelet har et rikt og variert utvalg av narrative tekster i ulike sjangre, inkludert tekster relatert til barn og unges liv, erfaringer og interesser	1.2	4	2
24	Læremiddelet har tekster, illustrasjoner og aktiviteter som fremmer interkulturell kompetanse	1.3	4	2
25	Læremiddelet avspeiler det flerkulturelle og flerspråklige klasserommet	1.4	4	2
26	Læremiddelet inviterer eleven til prøving og utforsking i læringsarbeidet	1.5	4	2
27	Læremiddelet behandler tema fra ulike perspektiv, lar elevene fordype seg over tid og utfordrer elevene til å stille spørsmål, diskutere og reflektere	1.6	4	2
28	Læremiddelet legger til rette for at elevene skal kunne skape noe nytt med kunnskapen som blir presentert og dermed overføre det de kan og har lært til nye og ukjente situasjoner	1.7	4	2
29	Læremiddelet spør etter elevens opplevelser, syn, erfaringer og meninger	1.8	4	2
30	Læremiddelet legger til rette for egenvurdering ved å formidle formålet med oppgaver og aktiviteter, og ved å stille konkrete spørsmål og invitere eleven til refleksjon over egen læring	1.9	4	2
31	Læremiddelet opplyser om hvilke data det samler om eleven, til hvilke formål, og hvem som har tilgang til disse. Læremiddelet gjør rede for dette på en forståelig måte for elever og foresatte	1.10	4	2
32	Læremiddelet bygger på et elev- og læringssyn som samsvarer med verdiene og prinsippene for læring i læreplanverket og i opplæringsloven	1.11	4	2
33	Læremiddelet støtter opp under en kritisk tilnærming til tekst, også tekst formidlet av læremidler, og tematiserer hvordan mediet former kommunikasjonen	1.12	4	2
34	Læremiddelet åpner for elevenes ulike tolkninger og opplevelser av litterære tekster og andre kulturuttrykk	2.1	2	2
35	Læremiddelet fremmer en inkluderende holdning og aksept for ulike varianter av engelsk	2.2	2	2
36	Læremiddelet formidler flerspråklighet som ressurs i læringsarbeidet	2.3	2	2
37	Læremiddelet legger til rette for kommunikasjon og samhandling mellom elevene	2.4	2	2
38	Læremiddelet støtter elevene i å velge ut og bevisst bruke kommunikasjonsstrategier	2.5	2	2
39	Læremiddelet knytter arbeid med språkstrukturer til forskjellige tema, sammenhenger og kommunikative formål	2.6	2	2
40	Læremiddelet åpner for en undrende og utforskende tilnærming til språklige strukturer	2.7	2	2
41	Læremiddelet legger til rette for at elevene får lære språk i autentiske situasjoner	2.8	2	2
42	Læremiddelet støtter elevene i utviklingen av et stadig bredere og mer nyansert ordforråd og i å bruke ord de har lært, i kjente og nye situasjoner	2.9	2	2
43	Læremiddelet lar elevene reflektere over egen språkbruk og støtter utviklingen deres av språkbevissthet	2.10	2	2
44	Læremiddelet inkluderer metatekst om teksttyper og sjangre og viser tekst i prosess	2.11	2	2
45	Læremiddelet har tekster som gir gode modeller for elevenes egen tekstproduksjon og åpner for intertekstualitet som ressurs for tolking og tekstskaping	2.12	2	2
46	Læremiddelet inviterer til bruk av flere sanser, til å bruke praktisk-estetiske arbeidsmåter og til bruk av fysiske aktiviteter i læringsarbeidet	2.13	2	2
47	Læremiddelet legger opp til at eleven bearbeider og videreformidler lærestoff på ulike måter og ved bruk av ulike modaliteter	2.14	2	2
48	Læremiddelet har et design som kan appellere til målgruppen	3.1	5	2
49	Læremiddelet er oversiktlig og tydelig strukturert, og det er enkelt for læreren og elevene å navigere mellom delene i læremiddelet	3.2	5	2
50	Læremiddelet bruker tydelige definisjoner, forklaringer og referanser, til støtte for lærere og foresatte med variert kompetanse i engelskfaget	3.3	5	2
51	Læremiddelet er utformet slik at mediets affordanser tas i bruk og ulike modaliteter utfyller hverandre, gir ulike innganger til lærestoffet og bidrar til helhetlige og nyanserte framstillinger av tema	3.4	5	2
52	Læremiddelet har en tiltalende design for målgruppen	1.1	1	3
53	Læremiddelet har en struktur som gir oversikt og sammenheng i elevenes læring	1.2	1	3
54	Læremiddelet har en tydelig og intuitiv meny for navigasjon	1.3	1	3
55	Læremiddelet har kort vei fra innlogging til ønsket informasjon/ oppgave	1.4	1	3
56	Læremiddelet presenterer data fra elevaktivitetene på en oversiktlig og forståelig måte for læreren	1.5	1	3
57	Læremiddelet har informasjon som alle målgrupper kan oppfatte	1.6	1	3
58	Læremiddelet har navigeringsfunksjoner som alle brukere kan betjene	1.7	1	3
59	Læremiddelet har oppgaver som legger til rette for å bruke ulike kognitive prosesser	2.1	2	3
60	Læremiddelet har oppgaver som stiller høye kognitive krav til elevene	2.2	2	3
61	Læremiddelet bruker ulike representasjoner og forklarer overgangen mellom dem	2.3	2	3
62	Læremiddelet har oppgaver som er egnet for samarbeid og diskusjon	2.4	2	3
63	Læremiddelet legger opp til varierte arbeidsmåter	2.5	2	3
64	Læremiddelet gir mulighet for å bruke varierte strategier og metoder for problemløsning	2.6	2	3
65	Læremiddelet bidrar til at elevene får økt engasjement, skaperglede og utforsking	3.1	6	3
66	Læremiddelet bidrar til at elevene får øvelse i kritisk tenkning	3.2	6	3
67	Læremiddelet bidrar til at elevene lærer å lære	3.3	6	3
68	Læremiddelet har gode eksempler som viser hvordan eleven kan bruke ulike problemløsningsstrategier	3.4	6	3
69	Læremiddelet har med problemløsingsoppgaver gjennomgående og integrert i de ulike kunnskapsområdene	3.5	6	3
70	Læremiddelet har med ulike praktiske eksempler og oppgaver hvor matematikk anvendes	3.6	6	3
71	Læremiddelet synliggjør hvordan vi kan bruke matematisk modellering til å løse et praktisk problem	3.7	6	3
72	Læremiddelet synliggjør de bærende ideene i de ulike resonnementene som gjøres	3.8	6	3
73	Læremiddelet har oppgaver og utfordringer hvor elevene ikke bare må bruke regler og prosedyrer, men hvor de selv må finne resonnement	3.9	6	3
74	Læremiddelet legger opp til at eleven må oversette mellom det matematiske symbolspråket, dagligspråk og mellom ulike representasjoner	3.10	6	3
75	Læremiddelet legger opp til at elevene skal utvikle algebraisk tenkning. Det vil si at elevene selv skal kunne generalisere og finne sammenhenger ut fra mønstre og strukturer	3.11	6	3
76	Læremiddelet har et variert utvalg av tekster på bokmål og nynorsk, fra norsk, nordisk og internasjonal litteratur fra fortid og nåtid som bidrar til å gi elevene felles referanserammer og historisk og kulturell forståelse	1.1	4	4
77	Læremiddelet representerer og verdsetter språklig, kulturelt og livssynsmessig mangfold og utnytter variasjonen i elevenes erfaringsbakgrunn	1.2	4	4
78	Læremiddelet støtter dybdelæring gjennom struktur, sammenheng mellom kunnskapsområder og utforskende oppgaver og aktiviteter	1.3	4	4
79	Læremiddelet legger til rette for refleksjon over egen læreprosess, og for egenvurdering	1.4	4	4
80	Læremiddelet lar elevene utforske sammenhengen mellom form, funksjon og innhold i ulike typer tekster og støtter elevens meningsskapende tekstarbeid	1.5	4	4
81	Læremiddelet legger opp til at elevene får arbeide kreativt, sammenlignende og utforskende med både sakprosa og skjønnlitteratur og både kortere tekster og hele verk	1.6	4	4
82	Læremiddelet støtter eleven i å ta stilling til tekst på en kunnskapsbasert, nyansert og kritisk måte	1.7	4	4
83	Læremiddelet legger til rette for god muntlig opplæring der læreren får støtte til å inkludere elevene i åpne samtale- og læringsfellesskap	1.8	4	4
84	Læremiddelet lar elevene få innta ulike skriveroller i meningsfylte og relevante skriveoppgaver, både individuelt og i fellesskap	1.9	4	4
85	Læremiddelet legger opp til sammenlignende, varierte og utforskende arbeid med språk der elevene inviteres til å ta i bruk et språk om språket (metaspråk)	1.10	4	4
86	Læremiddelet gir kunnskap om språksituasjonen i Norge og inviterer til å reflektere over og forstå egen og andres språklige situasjon	1.11	4	4
87	Læremiddelet gir god støtte i arbeidet med den første lese- og skriveopplæringen med utgangspunkt i elevens forutsetninger	1.12	4	4
88	Læremiddelet støtter opplæringen i og den videre utviklingen av de grunnleggende ferdighetene lesing og skriving, muntlige- og digitale ferdigheter	1.13	4	4
89	Læremiddelet bidrar til at elevene utvikler sin digitale dømmekraft, slik at de opptrer etisk og reflektert i kommunikasjon med andre	1.14	4	4
90	Læremiddelet tilbyr støtte til differensiering og tilpasset opplæring slik at elevene kan arbeide med tekster og oppgaver på ulike nivå	2.1	2	4
91	Læremiddelet har interessante og relevante innganger til fagstoffet og gir eleven hjelp til å forstå hva som er sentralt stoff i faget	2.2	2	4
92	Læremiddelet har relevante og varierte oppgaver på ulike nivå som kan løses både individuelt og i samarbeid og ved bruk av ulike modaliteter	2.3	2	4
93	Læremiddelet har digitale funksjoner som bygger på et læringssyn som er i tråd med verdigrunnlaget i læreplanen, og som presenterer arbeider og resultater fra elevaktivitetene på en oversiktlig og formålstjenlig måte for læreren og eleven selv	2.4	2	4
94	Digitale læremidler oppfyller krav til personvern og universell utforming	3.1	5	4
95	Læremiddelet oppfyller kravet til tekster på bokmål og nynorsk i tråd med kravet i opplæringsloven	3.2	5	4
96	Læremiddelet har en tiltalende og elevorientert utforming som utnytter samspillet mellom tekst, bilde og andre meningsskapende ressurser	3.3	5	4
97	Læremiddelet har en ryddig og logisk struktur som gir oversikt og sammenheng i framstillingen	3.4	5	4
98	Læremiddelet bruker et tilgjengelig og eksemplarisk språk som er tilpasset elevgruppen, og som kommuniserer med elevene	3.5	5	4
\.


--
-- TOC entry 3836 (class 0 OID 25310)
-- Dependencies: 221
-- Data for Name: questiontextresources; Type: TABLE DATA; Schema: assessment; Owner: vfkladmin
--

COPY assessment.questiontextresources (text_id, question_id_fk, question, language_id_fk) FROM stdin;
10	4	Oahpponeavvu lea ulbmiljoavkku ohppiid mielas miellagiddevaš	1083
11	5	Oahpponeavvu lea čorgat ja áddehahtti geavahit ohppiide ja oahpaheddjiide	1083
12	6	Oahpponeavvus lea giella mii lea heivehuvvon fága terminologiijai ja ulbmiljoavkku ohppiide	1083
13	7	Oahpponeavvus lea multimodalitehta mii ovttas doarju oahppama	1083
14	8	Oahpponeavvu doarju oahpaheddjiid barggu heivehuvvon oahpahusain	1083
15	9	Oahpponeavvus lea viiddes ja máŋggabealat sisdoallu	1083
16	10	Oahpponeavvu láhčá nu, ahte oahppit galget oahppat	1083
17	11	Oahpponeavvu doarju ohppiid ovdánahttit kritihkalaš jurddašeami ja etihkalaš dihtomielalašvuođa	1083
18	12	Oahpponeavvu hástá ohppiid suokkardit oahpadettiin	1083
19	13	Oahpponeavvu láhčá ovttasdoaibmamii oahpponeavvus dahje dan olggobealde	1083
20	14	Oahpponeavvu ovddida searvadahttima ja girjáivuođa	1083
21	15	Oahpponeavvu veahkeha ohppiid áddet sámi historjjá, kultuvrra, giela, servodateallima ja vuoigatvuođaid	1083
22	16	Oahpponeavvu fuolaha fága relevánssa ja guovddáš árvvuid	1083
23	17	Oahpponeavvu addá vejolašvuođa bargat fága guovddášelemeanttaiguin	1083
24	18	Oahpponeavvu láhčá oaidnit oktavuođaid oahpahusas	1083
25	19	Oahpponeavvu láhčá nu, ahte oahppit besset ovdánahttit ja geavahit vuođđogálggaid fágas	1083
26	20	Oahpponeavvus lea buorre progrešuvdna fága gealbomihttomeriid olis	1083
27	21	Oahpponeavvu doarju ohppiid ja oahpaheddjiid dađistaga árvvoštallama bargguin.	1083
28	4	Learohkh ulmiedåehkesne tuhtjieh learoevierhtie lea ïedtjije	6203
29	5	Learoevierhtie lea tjyölkehke jïh aelhkie guarkedh jïh nuhtjedh learoehkidie jïh lohkehtæjjide	6203
30	6	Learoevierhtie gïelem nuhtjie mij lea sjïehtedamme faagen terminologijese jïh learoehkidie ulmiedåehkesne	6203
31	7	Learoevierhtien lea multimodaliteete mij ektesne lïeremem dåarjohte	6203
32	8	Learoevierhtie lohkehtæjjan barkoem sjïehtedamme lïerehtimmine dåarjohte	6203
33	9	Learoevierhtien lea ræjhkoes jïh jeereldihkie sisvege	6203
34	10	Learoevierhtie sjïehteladta ihke learohkh edtjieh lïeredh lïeredh	6203
35	11	Learoevierhtie learoehkidie dåarjohte laejhtehks ussjedimmiem jïh etihkeles voerkesvoetem evtiedidh	6203
36	12	Learoevierhtie learoehkidie böörede liemmebarkosne goerehtidh	6203
37	13	Learoevierhtieh sjïehteladta aktivyöki barkose learoevierhtesne jallh learoevierhtien ålkolen	6203
38	14	Learoevierhtie feerhmemem jïh gellievoetem eevtjie	6203
39	15	Learoevierhtie viehkehte guktie learohkh daajroem åadtjoeh saemien aalkoeåålmegen histovrijen, kultuvren, gïelen, seabradahkejieleden jïh reaktaj bïjre.	6203
40	16	Learoevierhtie faagen relevaansem jïh vihkeles aarvoeh gorrede	6203
41	17	Learoevierhtie nuepiem vadta jarngebiehkiejgujmie faagesne barkedh	6203
42	18	Learoevierhtie sjïehteladta ektiedimmieh vuejnedh lïerehtimmesne	6203
43	19	Learoevierhtie sjïehteladta ihke learohkh åadtjoeh vihkeles tjiehpiesvoeth faagesne evtiedidh jïh nuhtjedh	6203
44	20	Learoevierhtie hijven progresjovnem åtna maahtoeulmiej mietie faagesne	6203
45	21	Learoevierhtie learohki jïh lohkehtæjjan barkoem jaabnan vuarjasjimmine dåarjohte	6203
46	4	Oahpponævvo la dakkir mij båktå berustimev ulmmejuohkusa oahppij gaskan	4155
47	5	Álgge l gávnnat majt galggá ja oahpponævvo la intuitijvva oahppijda ja åhpadiddjijda	4155
48	6	Oahpponævvo adná gielav mij la hiebadum fáhka terminologijjaj ja ulmmejuohkusa oahppijda	4155
49	7	Oahpponævon la multimodalitiehtta mij aktan oahppamav doarjju	4155
50	8	Oahpponævvo doarjju åhpadiddje bargov hiebadam åhpadimijn	4155
51	9	Oahpponævon la valjes ja målsudahkes sisadno	4155
52	10	Oahpponævvo dilev láhtjá váj oahppe galggi oahppat oahppat	4155
53	11	Oahpponævvo doarjju oahppijt váj sijá lájttális ájádallam ja etalasj diedulasjvuohta nanniduvvá	4155
54	12	Oahpponævvo gåhttju oahppijt åtsådit oahppambargon	4155
55	13	Oahpponævvo dilev láhtjá aktisasjbargguj oahpponævon jali dan ålggolin	4155
56	14	Oahpponævvo åvdet sebradahttemav ja moattebelakvuodav	4155
57	15	Oahppopládna la viehkken váj oahppe bessi oahpásmuvvat sáme álggoálmmuga histåvrråj, kultuvrraj, giellaj, sebrudakiellemij ja riektájda	4155
58	16	Oahpponævvo várajda válldá fága relevánsav ja guovdásj árvojt	4155
59	17	Oahpponævon bæssá fága guovdásj elementaj barggat	4155
60	18	Oahpponævo baktu vuojnná tjanástagájt åhpadimen	4155
61	19	Oahppopládna dilev láhtjá váj oahppe bessi adnet ja åvddånahttet fága vuodulasj tjehpudagájt	4155
62	20	Oahpponævon la buorre progresjåvnnå fága máhtudakulmij gáktuj	4155
63	21	Oahpponævvo doarjju oahppe ja åhpadiddje bargov åhpadattijn árvustallamijn	4155
64	1	Ønsker ikkje å svare på denne kategorien	2068
65	2	Ønsker ikkje å svare på denne kategorien	2068
66	3	Ønsker ikkje å svare på denne kategorien	2068
67	4	Læremiddelet blir opplevd som engasjerande for elevane i målgruppa.	2068
68	5	Læremiddelet er oversiktleg og intuitivt å bruke for elevar og lærarar.	2068
69	6	Læremiddelet bruker eit språk som er tilpassa terminologien i faget og tilpassa elevane i målgruppa.	2068
70	7	Læremiddelet har multimodalitet som saman støttar læring.	2068
2	1	Im sïjhth daam kategorijem vaestiedidh	6203
5	2	Im sïjhth daam kategorijem vaestiedidh	6203
8	3	Im sïjhth daam kategorijem vaestiedidh	6203
3	1	Iv sidá dán kategorijjan vásstedit	4155
6	2	Iv sidá dán kategorijjan vásstedit	4155
9	3	Iv sidá dán kategorijjan vásstedit	4155
71	8	Læremiddelet støttar arbeidet til læraren med tilpassa opplæring.	2068
72	9	Læremiddelet har rikt og variert innhald.	2068
73	10	Læremiddelet legg til rette for at elevane skal lære å lære.	2068
74	11	Læremiddelet støttar elevane i å utvikle kritisk tenking og etisk medvit.	2068
75	12	Læremiddelet inviterer elevane til utforsking i læringsarbeidet.	2068
76	13	Læremiddelet legg til rette for samhandling i eller utanfor læremiddelet.	2068
77	14	Læremiddelet fremjar inkludering og mangfald.	2068
78	15	Læremiddelet bidreg til at elevane får innsikt i historia, kulturen, språket, samfunnslivet og rettane til det samiske urfolket.	2068
79	16	Læremiddelet tek vare på fagrelevans og sentrale verdiar.	2068
80	17	Læremiddelet gir moglegheit til å arbeide med kjerneelementa i faget.	2068
81	18	Læremiddelet legg til rette for å sjå samanhengar i opplæringa.	2068
82	19	Læremiddelet legg til rette for at elevane får utvikle og bruke grunnleggjande ferdigheiter i faget.	2068
83	20	Læremiddelet har god progresjon i tråd med kompetansemåla i faget.	2068
84	21	Læremiddelet støttar arbeidet med undervegsvurdering for elevane og læraren.	2068
85	22	Læremiddelet har eit rikt og variert utval av autentiske og tilpassa tekstar som er relevante for årstrinn og utdanningsprogram, og som lar seg tilpasse faglege interesser og meistring.	2068
86	23	Læremiddelet har eit rikt og variert utval av narrative tekstar i ulike sjangrar, inkludert tekstar som er relaterte til barn og unges liv, erfaringar og interesser.	2068
87	24	Læremiddelet har tekstar, illustrasjonar og aktivitetar som fremmar interkulturell kompetanse.	2068
88	25	Læremiddelet speglar det fleirkulturelle og fleirspråklege klasserommet.	2068
89	26	Læremiddelet inviterer eleven til prøving og utforsking i læringsarbeidet.	2068
90	27	Læremiddelet behandlar tema frå ulike perspektiv, lar elevane fordjupe seg over tid og utfordrar elevane til å stille spørsmål, diskutere og reflektere.	2068
91	28	Læremiddelet legg til rette for at elevane skal kunne skape noko nytt med kunnskapen som blir presentert, og dermed overføre det dei kan og har lært, til nye og ukjende situasjonar.	2068
92	29	Læremiddelet spør etter eleven sine opplevingar, syn, erfaringar og meiningar.	2068
93	30	Læremiddelet legg til rette for eigenvurdering ved å formidle formålet med oppgåver og aktivitetar og ved å stille konkrete spørsmål og invitere eleven til refleksjon over eiga læring.	2068
94	31	Læremiddelet opplyser om kva data det samlar om eleven, til kva formål, og kven som har tilgang til dei. Læremiddelet gjer greie for dette på ein forståeleg måte for elevar og føresette.	2068
95	32	Læremiddelet bygger på eit elev- og læringssyn som samsvarer med verdiane og prinsippa for læring i læreplanverket og i opplæringslova.	2068
96	33	Læremiddelet støttar opp under ei kritisk tilnærming til tekst, også tekst som er formidla av læremiddel, og tematiserer korleis mediet formar kommunikasjonen.	2068
97	34	Læremiddelet opnar for ulike tolkingar og opplevingar frå elevane si side av litterære tekstar og andre kulturuttrykk.	2068
98	35	Læremiddelet fremmar ei inkluderande haldning og aksept for ulike variantar av engelsk.	2068
99	36	Læremiddelet formidlar fleirspråklegheit som ressurs i læringsarbeidet.	2068
100	37	Læremiddelet legg til rette for kommunikasjon og samhandling mellom elevane.	2068
101	38	Læremiddelet støttar elevane i å velje ut og bevisst bruke kommunikasjonsstrategiar.	2068
102	39	Læremiddelet knyter arbeid med språkstrukturar til ulike tema, samanhengar og kommunikative formål.	2068
103	40	Læremiddelet opnar for ei undrande og utforskande tilnærming til språklege strukturar.	2068
104	41	Læremiddelet legg til rette for at elevane får lære språk i autentiske situasjonar.	2068
105	42	Læremiddelet støttar elevane i utviklinga av eit stadig vidare og meir nyansert ordforråd, og i å bruke ord dei har lært, i kjende og nye situasjonar.	2068
106	43	Læremiddelet lar elevane reflektere over eigen språkbruk og støttar utviklinga deira av språkbevisstheit.	2068
107	44	Læremiddelet inkluderer metatekst om teksttypar og sjangrar og viser tekst i prosess.	2068
108	45	Læremiddelet har tekstar som gir gode modellar for elevane sin eigen tekstproduksjon og opnar for intertekstualitet som ressurs for tolking og tekstskaping.	2068
109	46	Læremiddelet inviterer til bruk av fleire sansar, til å bruke praktisk-estetiske arbeidsmåtar og til bruk av fysiske aktivitetar i læringsarbeidet.	2068
110	47	Læremiddelet legg opp til at eleven bearbeider og vidareformidlar lærestoff på ulike måtar og ved bruk av ulike modalitetar.	2068
111	48	Læremiddelet har eit design som kan appellere til målgruppa.	2068
112	49	Læremiddelet er oversiktleg og tydeleg strukturert, og det er enkelt for læraren og elevane å navigere mellom delane i læremiddelet.	2068
113	50	Læremiddelet bruker tydelege definisjonar, forklaringer og referansar, til støtte for lærarar og føresette med variert kompetanse i engelskfaget.	2068
114	51	Læremiddelet er utforma slik at affordansane til mediet blir tatt i bruk og ulike modalitetar utfyller kvarandre, gir ulike inngangar til lærestoffet og bidrar til heilskaplege og nyanserte framstillingar av tema.	2068
115	52	Læremiddelet har ein tiltalande design for målgruppa	2068
116	53	Læremiddelet strukturerer fagstoffet på ein god måte, slik at elevane kan sjå samanhengar	2068
117	54	Læremiddelet har ein tydeleg og intuitiv meny for navigasjon	2068
118	55	Læremiddelet har kort veg frå innlogginga til informasjonen eller oppgåva du søker etter	2068
119	56	Læremiddelet presenterer data frå elevaktivitetane på ein oversiktleg og forståeleg måte for læraren	2068
120	57	Læremiddelet har informasjon som alle målgrupper kan oppfatte	2068
121	58	Læremiddelet har navigeringsfunksjonar som alle brukarar kan betene	2068
122	59	Læremiddelet har oppgåver som legg til rette for å bruke ulike kognitive prosessar	2068
123	60	Læremiddelet har oppgåver som stiller høge kognitive krav til elevane	2068
124	61	Læremiddelet bruker ulike representasjonar og forklarer overgangen mellom dei	2068
125	62	Læremiddelet har oppgåver som eignar seg for samarbeid og diskusjon	2068
126	63	Læremiddelet legg opp til varierte arbeidsmåtar	2068
127	64	Læremiddelet gjer det mogleg å bruke varierte strategiar	2068
128	65	Læremiddelet bidrar til større engasjement, skaparglede og utforskartrong hos elevane	2068
129	66	Læremiddelet bidrar til at elevane får øve seg i kritisk tenking	2068
130	67	Læremiddelet bidrar til at elevane lærer å lære	2068
131	68	Læremiddelet har gode eksempler som viser hvordan eleven kan bruke ulike problemløsningsstrategier	2068
132	69	Læremiddelet har med problemløysingsoppgåver gjennomgåande og integrerte i dei ulike kunnskapsområda	2068
133	70	Læremiddelet har med ulike praktiske eksempel og oppgåver der matematikk blir brukt	2068
134	71	Læremiddelet synleggjer korleis vi kan bruke matematisk modellering til å løyse eit praktisk problem	2068
135	72	Læremiddelet synleggjer dei berande ideane i dei ulike resonnementa	2068
136	73	Læremiddelet har oppgåver og utfordringar der elevane ikkje berre må bruke reglar og prosedyrar, men sjølve finne resonnement	2068
137	74	Læremiddelet legg opp til at eleven må omsette mellom det matematiske symbolspråket og daglegspråket og mellom ulike representasjonar	2068
138	75	Læremiddelet legg opp til at elevane skal utvikle algebraisk tenking. Det vil seie at elevane sjølve skal kunne generalisere og finne samanhengar ut frå mønster og strukturar	2068
139	76	Læremiddelet har eit variert utval av tekstar på bokmål og nynorsk, frå norsk, nordisk og internasjonal litteratur frå fortid og notid som bidrar til å gi elevane felles referanserammer og historisk og kulturell forståing.	2068
140	77	Læremiddelet representerer og verdset språkleg, kulturelt og livssynsmessig mangfald og utnyttar variasjonen i erfaringsbakgrunnen til elevane.	2068
141	78	Læremiddelet støttar djupnelæring gjennom struktur, samanheng mellom kunnskapsområde og utforskande oppgåver og aktivitetar.	2068
142	79	Læremiddelet legg til rette for refleksjon over eigen læreprosess, og for eigenvurdering.	2068
143	80	Læremiddelet lar elevane utforske samanhengen mellom form, funksjon og innhald i ulike typar tekstar og støttar det meiningsskapande tekstarbeidet til eleven.	2068
144	81	Læremiddelet legg opp til at elevane får arbeide kreativt, samanliknande og utforskande med både sakprosa og skjønnlitteratur og både kortare tekstar og heile verk.	2068
145	82	Læremiddelet støttar eleven i å ta stilling til tekst på ein kunnskapsbasert, nyansert og kritisk måte.	2068
146	83	Læremiddelet legg til rette for god munnleg opplæring der læraren får støtte til å inkludere elevane i opne samtale- og læringsfellesskapar.	2068
147	84	Læremiddelet lar elevane få innta ulike skriveroller i meiningsfylte og relevante skriveoppgåver, både individuelt og i fellesskap.	2068
148	85	Læremiddelet legg opp til samanliknande, varierte og utforskande arbeid med språk der elevane blir inviterte til å ta i bruk eit språk om språket (metaspråk).	2068
149	86	Læremiddelet gir kunnskap om språksituasjonen i Noreg og inviterer til å reflektere over og forstå eigen og andres språklege situasjon.	2068
150	87	Læremiddelet gir god støtte i arbeidet med den første lese- og skriveopplæringa med utgangspunkt i føresetnadene til eleven.	2068
151	88	Læremiddelet støttar opplæringa i og den vidare utviklinga av dei grunnleggande ferdigheitene lesing og skriving, munnlege og digitale ferdigheter.	2068
152	89	Læremiddelet bidrar til at elevane utviklar si digitale dømmekraft, slik at dei opptrer etisk og reflektert i kommunikasjon med andre.	2068
153	90	Læremiddelet tilbyr støtte til differensiering og tilpassa opplæring, slik at elevane kan arbeide med tekstar og oppgåver på ulike nivå.	2068
154	91	Læremiddelet har interessante og relevante inngangar til fagstoffet og gir eleven hjelp til å forstå kva som er sentralt stoff i faget.	2068
155	92	Læremiddelet har relevante og varierte oppgåver på ulike nivå som kan løysast både individuelt og i samarbeid og ved bruk av ulike modalitetar.	2068
156	93	Læremiddelet har digitale funksjonar som bygger på eit læringssyn som er i tråd med verdigrunnlaget i læreplanen, og som presenterer arbeid og resultat frå elevaktivitetane på ein oversiktleg og formålstenleg måte for læraren og eleven sjølv.	2068
157	94	Digitale læremiddel oppfyller krav til personvern og universell utforming.	2068
158	95	Læremiddelet oppfyller kravet til tekstar på bokmål og nynorsk i tråd med kravet i opplæringslova.	2068
159	96	Læremiddelet har ei tiltalande og elevorientert utforming som utnyttar samspelet mellom tekst, bilete og andre meiningsskapande ressursar.	2068
160	97	Læremiddelet har ein ryddig og logisk struktur som gir oversikt og samanheng i framstillinga.	2068
161	98	Læremiddelet bruker eit tilgjengeleg og eksemplarisk språk som er tilpassa elevgruppa, og som kommuniserer med elevane.	2068
1	1	In hálit vástidit dán kategoriijas	1083
4	2	In hálit vástidit dán kategoriijas	1083
7	3	In hálit vástidit dán kategoriijas	1083
\.


--
-- TOC entry 3840 (class 0 OID 25489)
-- Dependencies: 226
-- Data for Name: stage_answers; Type: TABLE DATA; Schema: assessment; Owner: vfkladmin
--

COPY assessment.stage_answers (id, assessment_id_fk, question_id_fk, answertype_id_fk, reason) FROM stdin;
1	1	1	5	\N
2	1	2	5	\N
3	1	3	5	\N
4	2	4	1	test
5	2	5	2	test2
6	2	6	3	test3
7	2	7	4	test4
8	2	2	5	\N
9	2	3	5	\N
10	3	1	5	\N
11	3	8	1	\N
12	3	9	2	\N
13	3	10	3	\N
14	3	11	4	\N
15	3	12	5	\N
16	3	13	3	\N
17	3	3	5	\N
18	4	4	1	1.1. Læremiddelet oppleves som engasjerende for elevene i målgruppen.
19	4	5	2	1.2. Læremiddelet er oversiktlig og intuitivt å bruke for elever og lærere.
20	4	6	3	1.3. Læremiddelet bruker et språk som er tilpasset fagets terminologi og elevene i målgruppen.
21	4	7	4	1.4. Læremiddelet har multimodalitet som sammen støtter læring.
22	4	8	5	2.1. Læremiddelet støtter lærerens arbeid med tilpasset opplæring.
23	4	9	1	2.2. Læremiddelet har rikt og variert innhold.
24	4	10	2	2.3. Læremiddelet legger til rette for at elevene skal lære å lære.
25	4	11	3	2.4. Læremiddelet støtter elevene i å utvikle kritisk tenkning og etisk bevissthet.
26	4	12	4	2.5. Læremiddelet inviterer elevene til utforsking i læringsarbeidet.
27	4	13	5	2.6. Læremiddelet legger til rette for samhandling i eller utenfor læremiddelet.
28	4	3	5	\N
29	5	4	1	Dette var en fin ide. 
30	5	5	3	\N
31	5	6	1	\N
32	5	7	4	\N
33	5	8	3	\N
34	5	9	2	\N
35	5	10	1	\N
36	5	11	2	\N
37	5	12	1	\N
38	5	13	1	\N
39	5	3	5	\N
40	6	4	1	test
41	6	5	1	\N
42	6	6	2	\N
43	6	7	4	\N
44	6	8	3	\N
45	6	9	2	\N
46	6	10	4	test\n
47	6	11	1	test
48	6	12	4	test
49	6	13	5	test
50	6	3	5	\N
51	7	4	1	\N
52	7	5	2	\N
53	7	6	1	\N
54	7	7	1	\N
55	7	8	1	\N
56	7	9	2	\N
57	7	10	1	\N
58	7	11	2	\N
59	7	12	2	\N
60	7	13	1	\N
61	7	14	2	\N
62	7	15	5	\N
63	7	16	2	\N
64	7	17	2	\N
65	7	18	2	\N
66	7	19	1	\N
67	7	20	1	\N
68	7	21	1	\N
69	8	4	1	Oppgavene er varierende og utfordrer elevene i økende grad. Det er også lett å differensiere slik ungene får oppgaver som passer dem.
70	8	5	1	Brukergrensesnittet er enkelt.
71	8	6	1	Spesielt videoene er gode og forklarer fremmedord.
72	8	7	1	\N
73	8	8	1	Det er lett å differensiere oppgaver. 
74	8	9	1	\N
75	8	10	2	Lærer burde kunne fjerne "vis fasit" knapp. Denne blir ofte misbrukt.
76	8	11	2	\N
77	8	12	1	\N
78	8	13	1	\N
79	8	14	1	\N
80	8	15	5	\N
81	8	16	1	\N
82	8	17	1	\N
83	8	18	1	\N
84	8	19	1	\N
85	8	20	1	\N
86	8	21	2	"Vis fasit" kan brukes for ofte.
87	9	4	1	\N
88	9	5	1	\N
89	9	6	2	Noen av de litterære historiene kan være noe for lange for de små barna, men ellers så fungerer alt bra for målgruppen. 
90	9	7	1	\N
91	9	8	1	\N
92	9	9	1	\N
93	9	10	2	\N
94	9	11	2	\N
95	9	12	2	\N
96	9	13	1	\N
97	9	14	1	\N
98	9	15	1	\N
99	9	16	1	\N
100	9	17	1	\N
101	9	18	1	\N
102	9	19	2	\N
103	9	20	2	\N
104	9	21	2	\N
105	10	4	2	Elevene har ikke hatt pc selv, så de har hatt det i lekse. Jeg har inntrykk av at de som gjorde leksa syns at det var engasjerende. 
106	10	5	2	Jeg skulle ønske at jeg kunne plukke ut enkelte sider og sløyfe de sidene jeg syns er vanskelig/ikke relevant for gruppa. 
107	10	6	2	2.trinn. For noen var det litt høyt nivå. 
108	10	7	2	\N
109	10	8	2	Jeg savner å kunne plukke ut sider - ikke gi hele temaet på en gang. For noen blir det overveldende. 
110	10	9	2	\N
111	10	10	2	Elevene får ikke direkte tilbakemelding om det de gjør er riktig eller galt. De må vente på lærerens tilbakemelding. Noen leser kanskje ikke kommentarene fra læreren og det blir mye bortkastet arbeid (som det har vært i årevis med vanlige kladdebok - etter seks år med: "husk stor bokstav etter punktum" som eleven aldri gidder å lese. 
112	10	11	2	Dette vet jeg ikke
113	10	12	2	Dette vet jeg ikke
114	10	13	2	\N
115	10	14	5	\N
116	10	15	5	\N
117	10	16	2	variert innhold
118	10	17	1	\N
119	10	18	2	har brukt det for lite for å kunne vurdere dette
120	10	19	1	De får utfordringer nok
121	10	20	1	Da må man bruke det jevnlig og elevene bør ha hver sin enhet. 
122	10	21	1	\N
123	11	4	1	God visuell utforming som er spennende og motiverende for elevene i tråd med at elever trenger mer visuell støtte og "bevegelse" for å holde oppmerksomhet. 
124	11	5	1	Oversiktlig system og elevene ved hvor de finner tildelte oppgaver og hvor de befinner seg i læremiddelet. 
125	11	6	1	Eks. Fagebegreper er forklart ved at du kan klikke på boksene. 
126	11	7	1	Multimodaliteten er god, med animasjoner, filmer, bilder og tekster av ulike typer. 
127	11	8	2	Noen elever kan kunne miste litt oversikt i læremiddelet og da er det en magnet-funksjon som kan hente elvene dit læreren er. Ark og kopioriginaler kan lastes ned og printes dersom det er behov ved f. eks. rapportskriving.  
128	11	9	1	\N
129	11	10	1	\N
130	11	11	1	\N
131	11	12	1	I prøveperioden jobbet vi med naturfaglig forskningsmetode og det var flere gode eksempler til praktisk arbeid og utforsking underveis. 
132	11	13	2	\N
133	11	14	1	\N
134	11	15	1	\N
135	11	16	1	\N
136	11	17	1	\N
137	11	18	2	\N
138	11	19	1	\N
139	11	20	1	\N
140	11	21	1	\N
141	12	4	3	Aski Raski er engasjerende for elever som strever med lese- og skriveopplæringen. De kan øve og repetere lyder og bokstaver. 
142	12	5	2	Elevene klarer å bruke læremiddelet selv med instruksjon fra lærer. 
143	12	6	1	\N
144	12	7	2	Læremiddelet har koblet på lyd til fonemene, og det er bilder som støtter hva elevene skal lese og skrive. 
145	12	8	1	Dette læremiddelet støtter meget godt lærernes tilpassede opplæring i lese- og skriveopplæringen. Med bakgrunn i forskning som støtter at når man kobler lyd og bokstaver så får elevene sikrere kunnskap, og øker lese- og skrivekompetansen til eleven så er dette læremiddelet et godt supplement til opplæringen for alle barn på 1.trinn, og for elever som trenger mer repetisjon seinere. Læremiddelet brukes mye i spesialundervisningen på skolen. 
146	12	9	2	Læremiddelet kunne ha vært mer utviklet i henhold til innhold. 
147	12	10	3	\N
148	12	11	4	Dette læremiddelet er ikke et typisk læremiddel for å utvikle kritisk tenkning og etisk bevissthet. Det er et læremiddel for fonemisk bevissthet, og for lese- og skriveopplæringen. 
149	12	12	4	Se punkt ovenfor. 
150	12	13	2	\N
151	12	14	1	Dette læremiddelet fremmer inkludering, da elever som strever i lese- og skriveopplæringen får ekstra trening, og at man kan minske "gapet" mellom de og de andre. 
152	12	15	1	Dette læremiddelet er et supplement til lese- og skriveopplæringen. Det er ikke et generelt læremiddel. 
153	12	16	1	\N
154	12	17	1	\N
155	12	18	2	\N
156	12	19	1	\N
157	12	20	1	\N
158	12	21	2	Elevene og læreren får god oversikt over hvilke bokstaver og lyder eleven kan, og hvilke det må øves mer på. I tillegg så får man oversikt over den fonemiske utviklingen til elevene. I tillegg så kan man arbeide med ulike lesestrategier, og kunne gi elevene underveisvurdering på dette feltet. 
159	13	4	1	I 1.klasse har vi brukt denne siden felles på storskjerm. Det har vært fengende med "watch and listen" der det er sanger, fortellinger og tekster. "Shake breaks" med engelske danser har vi også brukt mye, og flere av spillene har vi brukt.  Siden har fungert fint for å variere undervisningen. Elevene har ikke brukt siden individuelt.
160	13	5	2	Det kan være vanskelig å navigere på siden pga at man må trykke på pil til høyre for å få opp alt i hovedmenyen. Det kan også være forvirrende at man kommer inn der man sist slapp, og hvordan man skal komme til starten på oppgaven igjen.
161	13	6	1	\N
162	13	7	2	\N
163	13	8	2	\N
164	13	9	2	\N
165	13	10	3	\N
166	13	11	3	\N
167	13	12	2	\N
168	13	13	2	\N
169	13	14	1	\N
170	13	15	4	\N
171	13	16	2	\N
172	13	17	2	\N
173	13	18	2	\N
174	13	19	1	\N
175	13	20	2	\N
176	13	21	5	\N
177	14	4	1	\N
178	14	5	1	\N
179	14	6	1	\N
180	14	7	1	Liker spesielt godt at man kan sette sammen det man selv ønsker av bilder, videoer og lenker til andre steder feks. Salaby eller annet. 
181	14	8	1	\N
182	14	9	1	Mye og bra innhold som gjorde at det var enkelt å tilpasse det man hadde lyst til å legge til eller trekke fra. Likte godt å ha den valgfriheten til å velge hva som passer for den gruppa jeg har. 
183	14	10	2	Jeg har ikke reflektert så mye over dette i den korte perioden jeg har brukt dette.  Jeg tenker at det er en naturlig del som jeg som lærer må passe på underveis. 
184	14	11	5	Siden det er noen uker siden jeg mistet tilgangen til dette, kan jeg ikke svare på dette.  
185	14	12	1	Jeg opplevde oppgavene som rike og varierte, dette gjør at elevene kan utforske det de skal lære. 
186	14	13	1	Synes dette var veldig bra og forholdsvis enkelt å bruke når man forsto mulighetene. 
187	14	14	1	Liker at det er auditivstøtte slik at dyslektikere og andre med språkvansker kan lytte. 
188	14	15	5	\N
189	14	16	1	\N
190	14	17	1	\N
191	14	18	3	Jeg kan ikke si at jeg umiddelbart husker at det var klare sammenhenger i opplæringen. Det hadde vært lettere å vurdere om jeg hadde brukt dette over lengre tid enn kun 4-6 uker. 
192	14	19	1	\N
193	14	20	1	\N
194	14	21	1	Veldig bra at man kan følge med på elevenes progresjon og se hva de gjør underveis. 
195	15	4	2	Fikk ikke altfor mye tid til å benytte meg av dette læremidlet, men det vi fikk gjort var positivt. Brukte det som et suplement til de lærebøkene vi jobber med
196	15	5	2	Fenget elevene og det var ovesrsiktlig for meg som lærer.
197	15	6	2	Språket er tilpasset elevgruppa.
198	15	7	2	Om jeg forstår det rett så var det samsvar med tekst og bilder som støttet opp om teksten. (uten å være "rotete")
199	15	8	1	Nå benyttet jeg læremiddelet i hel klasse hvor alle elevene fikk de samme oppgavene. Kunne ha gitt oppgaver som hadde vært tilpasset ulike nivåer i opplæringen om det hadde vært nødvendig. 
200	15	9	2	Fikk som tidligere nevnt ikke brukt læremiddelet lenge nok. Det jeg fikk sett/benyttet meg av virket variert og fengende for elevene.
417	28	18	2	\N
418	28	19	1	\N
201	15	10	5	Fikk ikke jobbet lenge nok med læremiddelet til at jeg kan uttale meg her.
202	15	11	5	Fikk ikke jobbet lenge nok med læremiddelet til at jeg kan uttale meg.
203	15	12	2	Elevene var positive til de oppgavene de fikk gjort i faget norsk.
204	15	13	5	Ikke nok tid
205	15	14	2	\N
206	15	15	5	I den perioden vi benyttet/prøvde ut verket var det ikke aktuelt å jobbe med samefolkets historie m.m.
207	15	16	2	Her må jeg si meg enig, selv med begrenset tidsbruk. 
208	15	17	1	Ebnig, da det var tydelig oppdelte temaer.
209	15	18	2	Utfra det vi fikk gjort var det "en rød tråd" hvor sammenhenger var tydelige.
210	15	19	2	\N
211	15	20	2	Kunne gitt mer utdypende svar dersom jeg hadde hatt bedre tid.
212	15	21	5	Ikke grunnlag for å svare. Tidsbruk
213	16	4	2	Jeg opplever at elevene er engasjerte når de jobber i Aski Raski. Det er et godt verktøy for å jobbe med bokstavlyder og fonologisklesing
214	16	5	2	Det kan være noe vanskelig for elevene å selvstendig finne fram, men etter å bli kjent med læreverket har det gått fint.
215	16	6	1	\N
216	16	7	1	Fint at bokstavlyden er så sentral i læreverket.
217	16	8	1	Aski Raski opplever jeg er et godt læreverk til å bruke i begynneropplæringen, til tilpasset undervisning og spesialundervisning.
218	16	9	2	\N
219	16	10	3	Dette er et norsk læreverk som støtter leseopplæringen og kan være en del av norsk undervisningen.
220	16	11	3	Dette er et norsk læreverk som støtter leseopplæringen.
221	16	12	3	Dette er et spesifikt læreverk i norsk som er støtter begynneropplæringen i lesing. 
222	16	13	5	\N
223	16	14	5	\N
224	16	15	5	\N
225	16	16	5	\N
226	16	17	2	Det er et godt læreverk til noen av kjerneelementene i norskfaget til begynneropplæringen i lesing
227	16	18	1	Aski Raki legger til rette for å se sammenhengen mellom bokstav og bokstavlyd.
228	16	19	1	Godt læreverk på 1. trinn
229	16	20	1	\N
230	16	21	1	Ved å bruke Aski Raski kan du observere hvilke bokstavlyder eleven kan, hvilke lesestrategier de bruker og du kan samtale med eleven. God læreverk i spesialpedagogikk.
231	17	4	1	Mange interaktive oppgaver, og tekst med lydstøtte.
232	17	5	2	Svært oversiktlig, men hadde noen ganger avdelt tekst og oppgaver slik at det ikke var helt selvfølgelig at de hørte sammen.
233	17	6	2	Et par ganger ganske avansert språk, som ikke favnet om alle elevenes språkforståelse 
234	17	7	1	\N
235	17	8	1	Mulighet for å tildele ulike oppgaver til elevene
236	17	9	1	God variasjon, og inneholdt rikelig med bl.a illustrasjon, tekst, grafer, oppgaver og samtaleemner. 
237	17	10	2	\N
238	17	11	2	\N
239	17	12	2	\N
240	17	13	1	\N
241	17	14	1	kan tilpasses alle elever, og har auditiv støtte. Det er også et mangfold i de som beskrives/illustreres i eksempeltekst/oppgaver/bilder
242	17	15	1	\N
243	17	16	1	\N
244	17	17	2	\N
245	17	18	2	\N
246	17	19	1	\N
247	17	20	1	\N
248	17	21	1	Mulighet for å se progresjonen til hver av elevene, og man kan gå inn å lese elevsvarene 
249	18	4	2	Blir engasjerte når det blir en liten konkurranse i å gjøre flest mulig oppgaver, men det kan og føre til at elevene bare klikker seg frem til riktig svar, uten at de helt vet hvordan de kom frem til svaret.
250	18	5	2	Savner en oversikt som viser hva som er tildelt tidligere (det som er tildelt kunne blitt tonet ned/fått en annen farge)
251	18	6	1	Benytter korrekte matematiske begreper
252	18	7	3	Lite bilder, savner video
253	18	8	1	Lett å tilpasse, forskjellige stier. Kan velge forskjellige trinn
254	18	9	2	Rikt innhold. Variasjonen kan diskuteres
255	18	10	3	Elevene kan klikke seg frem til riktig svar, uten at de helt vet hvordan de kom frem til svaret
256	18	11	3	Se over
257	18	12	3	Litt ensformige oppgaver. Lite variasjon og undring i oppgavetypene
258	18	13	1	Det er en integrert diskusjonsfunksjon
259	18	14	2	\N
260	18	15	5	\N
261	18	16	1	Følger kompetansemålene
262	18	17	2	Noen av funksjonene gir mulighet for dette
263	18	18	1	Det er en jamn progresjon
264	18	19	1	\N
265	18	20	1	Oppgavene bygger på hverandre, og har en fin stigning i vanskelighetsgraden. Dersom noe er for lett/vanskelig, er det enkelt å tildele oppgaver fra andre trinn
266	18	21	1	Kikora kommer med forslag om elever som kanskje trenger noe oppfølging, basert på tidsbruk, antall feil, bruk av fasit osv.
267	19	4	5	Har ikke prøvd ut læremidlet på elevene, men vil anta at læremidlet vil oppleves som nytt og spennende med mange muligheter, både for elevmedvirkning, tilpasning og fordypning. Det virker også tilrettelagt for underveisvurdering, oppfølging og kompetansemåling for hver elev.
268	19	5	1	\N
269	19	6	1	\N
270	19	7	1	\N
271	19	8	2	Burde vært mer auditiv støtte i tekster for mellomtrinnet.
272	19	9	1	\N
273	19	10	1	\N
274	19	11	1	\N
275	19	12	1	\N
276	19	13	1	\N
277	19	14	1	Utifra hva jeg husker, så mener jeg at læremidlet dekker inkludering og mangfold.
278	19	15	1	Mener å huske at læremidlet hadde temaer som dekker dette.
279	19	16	1	\N
280	19	17	1	\N
281	19	18	1	\N
282	19	19	1	\N
283	19	20	1	\N
284	19	21	1	\N
285	20	4	3	\N
286	20	5	2	\N
287	20	6	4	\N
288	20	7	2	\N
289	20	2	5	\N
290	20	3	5	\N
419	28	20	1	\N
291	21	4	3	Har en del bilder og tekst som er litt mer for de minste elevene.
292	21	5	2	Mange klikk - litt uoversiktlig. Opplever at elevene finner raskt frem og at de lett orienteres seg frem i oppgavene. Kunne vært fint om de kunne fått mulighet til å hake av for ferdige oppgaver. Det er viktig å informere elevene om at det er noen sider som man kan bla sidelengs. 
293	21	6	1	\N
294	21	7	2	Bra med skriveruter og enkle oppsett men opplever at læreverket er best tilpasset for 5 og kanskje 6 trinn eller til elever med lese og skrivevansker. Det er liten progresjon og differensiering i oppgavene. 
295	21	8	3	Jeg synes det er lite progresjon og få differensierte oppgaver. Det er også få oppgaver til å dekke et helt skoleår. Dersom dette skal være det eneste læremidlet i faget bør det kunne komplementeres med flere oppgaver og mer tekst. Lite variasjon i oppgavene for ulike trinn. Har man først brukt oppgavene/temaer  i 5. trinn - har man ikke flere oppgaver til 7. trinn. Jeg opplever oppgavene som svært enkle og egner seg best til 5. og 6. trinn. Men det er gode stopp og tenkoppgaver, som kan være til god hjelp med å få til gode refleksjoner sammen med elevene. 
296	21	9	3	Se begrunnelse over.
297	21	10	2	Det ser ut til at de dekker en del av områdene i kompetansemålene for faget. Men savner et bredere utvalg av oppgaver, samt større variasjon på oppgavene. 
298	21	11	3	\N
299	21	12	2	Elevene er helt avhengig av å bruke flere kilder for å få mer innhold i læringen. 
300	21	13	3	\N
301	21	14	2	Men læreverket i seg selv går ikke i dybden og det er for lite "tynt" innhold til at det kan brukes alene som eneste læreverk i 7. trinn
302	21	15	2	Samme begrunnelse som over.
303	21	16	1	Samme begrunnelse som over.
304	21	17	2	Samme begrunnelse som over.
305	21	18	3	\N
306	21	19	2	\N
307	21	20	4	Jeg synes det er lite progresjon og få differensierte oppgaver.
308	21	21	4	\N
309	22	4	2	\N
310	22	5	2	\N
311	22	6	2	\N
312	22	7	1	\N
313	22	8	1	\N
314	22	9	2	\N
315	22	10	1	\N
316	22	11	2	\N
317	22	12	2	\N
318	22	13	2	\N
319	22	14	2	\N
320	22	15	4	\N
321	22	16	1	\N
322	22	17	1	\N
323	22	18	2	\N
324	22	19	1	\N
325	22	20	2	\N
326	22	21	3	\N
327	23	4	1	\N
328	23	5	3	\N
329	23	6	4	\N
330	23	7	5	\N
331	23	8	1	\N
332	23	9	3	\N
333	23	10	2	\N
334	23	11	2	\N
335	23	12	2	\N
336	23	13	2	\N
337	23	3	5	\N
338	24	4	2	\N
339	24	5	5	Testing
340	24	6	1	\N
341	24	7	4	\N
342	24	8	1	\N
343	24	9	3	\N
344	24	10	1	\N
345	24	11	5	\N
346	24	12	3	\N
347	24	13	2	\N
348	24	3	5	\N
349	25	4	2	\N
350	25	5	3	\N
351	25	6	5	\N
352	25	7	3	\N
353	25	8	1	\N
354	25	9	2	\N
355	25	10	3	\N
356	25	11	2	\N
357	25	12	1	\N
358	25	13	3	\N
359	25	14	5	\N
360	25	15	3	\N
361	25	16	2	\N
362	25	17	3	\N
363	25	18	4	\N
364	25	19	1	\N
365	25	20	4	\N
366	25	21	1	\N
367	26	4	1	\N
368	26	5	1	\N
369	26	6	1	\N
370	26	7	1	\N
371	26	8	2	\N
372	26	9	1	\N
373	26	10	1	\N
374	26	11	2	\N
375	26	12	2	\N
376	26	13	2	\N
377	26	14	2	\N
378	26	15	1	\N
379	26	16	1	\N
380	26	17	2	\N
381	26	18	2	\N
382	26	19	2	\N
383	26	20	5	\N
384	26	21	2	\N
385	27	4	2	\N
386	27	5	2	\N
387	27	6	1	\N
388	27	7	1	\N
389	27	8	2	\N
390	27	9	2	\N
391	27	10	2	\N
392	27	11	1	\N
393	27	12	2	\N
394	27	13	2	\N
395	27	14	1	\N
396	27	15	1	\N
397	27	16	1	\N
398	27	17	1	\N
399	27	18	2	\N
400	27	19	1	\N
401	27	20	2	\N
402	27	21	2	\N
403	28	4	1	Vi har benyttet dette på 4. trinn og elevene har vært engasjerte og opplevd det å jobbe med "Skolen" som motiverende.
404	28	5	1	Elevene finner raskt frem til oppgaver og prosjekt som er tilsendt under "Fra lærer". \nDet er positivt at det er mulig å tilpasse de ulike læringsstiene til elevene og at vi kan merke egne oppgaver som "Lekse".
405	28	6	1	\N
406	28	7	1	\N
407	28	8	1	Vi kan tilpasse de ulike læringsstiene etter elevenes nivå og kompetanse, og vi kan gi tilpassede lekser. I tillegg kan vi gi skriftlige tilbakemeldinger på arbeid elevene jobber med.
408	28	9	2	Noe av innholdet har vært noe sparsomt til å begynne med, men det er tydelig at "Skolen" fortsatt blir tilpasset og innholdet hele tiden blir utvidet.
409	28	10	2	\N
410	28	11	5	\N
411	28	12	2	\N
412	28	13	1	\N
413	28	14	1	Alle elevene ser noen de kan sammenligne seg med og man får innblikk i ulike livssituasjoner og religioner.
414	28	15	1	\N
415	28	16	1	\N
416	28	17	1	\N
420	28	21	1	Det er veldig bra at vi får mulighet til å sende skriftlige tilbakemeldinger til elevene underveis i arbeid med ulike prosjekter.
\.


--
-- TOC entry 3841 (class 0 OID 25495)
-- Dependencies: 227
-- Data for Name: stage_answertype; Type: TABLE DATA; Schema: assessment; Owner: vfkladmin
--

COPY assessment.stage_answertype (answertype_id, name, description) FROM stdin;
1	heltenig	Helt enig
2	delvisenig	Delvis enig
3	delvisuenig	Delvis uenig
4	heltuenig	Helt uenig
5	ikkeaktuelt	ønsker ikke å svare/ikke aktuelt
\.


--
-- TOC entry 3842 (class 0 OID 25501)
-- Dependencies: 228
-- Data for Name: stage_answertypetextresources; Type: TABLE DATA; Schema: assessment; Owner: vfkladmin
--

COPY assessment.stage_answertypetextresources (id, answertype_id_fk, name, description, language_id_fk) FROM stdin;
1	1	heltenig	Helt enig	1083
2	2	delvisenig	Delvis enig	1083
3	3	delvisuenig	Delvis uenig	1083
4	4	heltuenig	Helt uenig	1083
5	5	ikkeaktuelt	ønsker ikke å svare/ikke aktuelt	1083
6	1	heltenig	Heilt enig	2068
7	2	delvisenig	Delvis enig	2068
8	3	delvisuenig	Delvis uenig	2068
9	4	heltuenig	Heilt uenig	2068
10	5	ikkeaktuelt	Ønsker ikkje å svara/Ikkje aktuelt	2068
\.


--
-- TOC entry 3843 (class 0 OID 25507)
-- Dependencies: 229
-- Data for Name: stage_assessment; Type: TABLE DATA; Schema: assessment; Owner: vfkladmin
--

COPY assessment.stage_assessment (assessment_id, user_id_fk, teachingaid, instance_id, groupassessment_id_fk, created_datetime) FROM stdin;
1	1	Formidling av læreplanen til skolepraksis	25284009-13fe-4654-bd16-94ff080c4bca	\N	2022-04-18
2	2	test	4b9a9593-3e77-43a2-9baa-dd1d511b6c41	wVEg1V9rEE6hYR6TYK7QBQ	2022-04-19
3	2	Tester alene	555e58e2-19f1-4258-abbf-33a3b4849386	\N	2022-04-19
4	3	Erlends matematikkbok	71009288-6d1b-478e-8c18-00d3e52cc928	QJ6DOGr-wkSRDSbdDqEflg	2022-04-19
5	4	Vi tester sammen	657d0962-a3ce-4db4-a182-cdb697c6a50d	Fctaey_-D0eUQxM4yubMKg	2022-04-20
6	5	Vi tester sammen	1113ca96-6a30-4c5d-82fd-8c1574674c0d	Fctaey_-D0eUQxM4yubMKg	2022-04-20
7	7	Campus Matte	f12b600c-74b8-4abd-9864-d89a0b3d9d19	Lmxf6Ui_JEq_ij_mAs8Bvw	2022-04-24
8	9	Campus Matte	eae3ab3b-946b-42b8-9b9e-c9de809d55dd	Lmxf6Ui_JEq_ij_mAs8Bvw	2022-04-26
9	10	Creaza Core	139ac16c-6787-4d24-afad-f376b97b35c5	T-ureqW6DkGw8w25S0_abQ	2022-04-26
10	11	Skolestudio	80fc2de3-22e8-4ac6-948b-09d0c8dcdf57	br1lq5vRMkya5Qz8Ftd65w	2022-04-26
11	12	Skolestudio	fe9007b9-1bf8-4fbb-b2c7-f45c2f474999	vmVZ89LIWEmF7r0GIe_R3Q	2022-04-26
12	13	Aski Raski	d6a2e335-cb36-48ef-9897-a2a10997c9be	ueuyyw7o5Ua3bXQ0PGk3Cg	2022-04-26
13	14	Aschehougs univers	d136d912-27b2-4205-9135-9e0728475fa5	B1fmNuZjgkqJvGVn0jJCSg	2022-04-26
14	15	Skolestudio	f621f30a-9e3d-4a08-b1eb-0d7a257d7f10	br1lq5vRMkya5Qz8Ftd65w	2022-04-26
15	16	Aschehougs univers	17dbe9eb-97da-4178-a140-4b4391bd3e2f	pzWs5cCxSU2ya661RXZLXw	2022-04-26
16	17	Aski Raski	b5b03a5d-d128-4138-96d3-3703d7e9ddfc	wTPf5Z4UwEGMzVl5sVcqSA	2022-04-26
17	18	Skolestudio	fbd81aa8-81e8-48f0-8ad4-3a8644268271	uppjFcLZhUS12VPRyIhYZA	2022-04-26
18	19	Kikora	113b7c52-423d-48c4-aee8-facd04fc3559	isfIfFemHECqsSiQO27GCw	2022-04-28
19	20	Aschehougs univers	fc3c3e93-c1c2-4b61-a07d-84eecc40cf4e	pzWs5cCxSU2ya661RXZLXw	2022-04-28
20	5	test	678b1bf7-0b38-42ca-acf1-41b06adff4ee	5ppUPw3_VEi8YmZ7iKRf-Q	2022-05-02
21	21	AUNIVERS - KRLE	518bbf19-2f49-4970-99c2-964cb252f4d6	\N	2022-05-02
22	22	Campus Matte	2b7c93da-d02a-4515-97b2-d0da3f4b2d16	Lmxf6Ui_JEq_ij_mAs8Bvw	2022-05-03
23	2	Test	ec84d853-baa6-468d-9f17-99cceacb8227	f0Dru_jh6UaVV2K12HR0FA	2022-05-04
24	24	Matte	ad6bdbb1-13bf-44a5-af3d-8a1c7b31b602	VZ2QP-HK8Emc33jKYjdxzw	2022-05-06
25	5	Salaby 5-7 Samfunnsfag	cf1e31b9-3969-43dc-a4b1-9dfcbec4dfc3	M4aihYaM7E-cZ0l7BB4WhQ	2022-05-08
26	25	Skolen (Cappelen Dam)	342856e6-1813-4370-8229-25235c43d667	VzH3vClwPEejOszRJzZnog	2022-05-12
27	26	Skolen (Cappelen Dam)	c3441d51-45c7-4d1f-89cb-adc17b61d652	VzH3vClwPEejOszRJzZnog	2022-05-12
28	27	Skolen (Cappelen Dam)	8c692157-f84f-40ab-b19e-0e794c029d48	VzH3vClwPEejOszRJzZnog	2022-05-12
\.


--
-- TOC entry 3844 (class 0 OID 25513)
-- Dependencies: 230
-- Data for Name: stage_category; Type: TABLE DATA; Schema: assessment; Owner: vfkladmin
--

COPY assessment.stage_category (category_id, name, description) FROM stdin;
1	design	design/utforming
2	pedagogisk	Pedagogisk og didaktisk kvalitet
3	læreplanverk	Bruk av læreplanverket
4	føringer	Føringer fra læreplanverket
5	kvalitet	Utforming og tekstlig kvalitet
6	kobling	Kobling til læreplanverket
\.


--
-- TOC entry 3845 (class 0 OID 25519)
-- Dependencies: 231
-- Data for Name: stage_categorytextresources; Type: TABLE DATA; Schema: assessment; Owner: vfkladmin
--

COPY assessment.stage_categorytextresources (id, category_id_fk, name, description, language_id_fk) FROM stdin;
1	1	design	Design/hábmen	1083
2	2	pedagogalaš	Pedagogalaš ja didaktihkalaškvalitehta	1083
3	3	oahppoplánabuktos	Oahppoplánabuktos a geavaheapmi	1083
4	1	design	Design/utforming	2068
5	2	pedagogisk	Pedagogisk og didaktisk kvalitet	2068
6	3	læreplanverk	Bruk av læreplanverket	2068
7	4	føringer	Føringar frå læreplanverket	2068
8	5	kvalitet	Utforming og tekstleg kvalitet	2068
9	6	kopling	Kopling til læreplanverket	2068
\.


--
-- TOC entry 3846 (class 0 OID 25525)
-- Dependencies: 232
-- Data for Name: stage_question; Type: TABLE DATA; Schema: assessment; Owner: vfkladmin
--

COPY assessment.stage_question (question_id, question, question_id_inform, category_id_fk, assessmenttype_id_fk) FROM stdin;
1	Jeg ønsker ikke å svare på denne kategorien	0	1	1
2	Jeg ønsker ikke å svare på denne kategorien	0	2	1
3	Jeg ønsker ikke å svare på denne kategorien	0	3	1
4	Læremiddelet oppleves som engasjerende for elevene i målgruppen	1.1	1	1
5	Læremiddelet er oversiktlig og intuitivt å bruke for elever og lærere	1.2	1	1
6	Læremiddelet bruker et språk som er tilpasset fagets terminologi og elevene i målgruppen	1.3	1	1
7	Læremiddelet har multimodalitet som sammen støtter læring	1.4	1	1
8	Læremiddelet støtter lærerens arbeid med tilpasset opplæring	2.1	2	1
9	Læremiddelet har rikt og variert innhold	2.2	2	1
10	Læremiddelet legger til rette for at elevene skal lære å lære	2.3	2	1
11	Læremiddelet støtter elevene i å utvikle kritisk tenkning og etisk bevissthet	2.4	2	1
12	Læremiddelet inviterer elevene til utforsking i læringsarbeidet	2.5	2	1
13	Læremiddelet legger til rette for samhandling i eller utenfor læremiddelet	2.6	2	1
14	Læremiddelet fremmer inkludering og mangfold	3.1	3	1
15	Læremiddelet bidrar til at elevene får innsikt i det samiske urfolkets historie, kultur, språk, samfunnsliv og rettigheter	3.2	3	1
16	Læremiddelet ivaretar fagets relevans og sentrale verdier	3.3	3	1
17	Læremiddelet gir mulighet til å arbeide med kjerneelementene i faget	3.4	3	1
18	Læremiddelet legger til rette for å se sammenhenger i opplæringen	3.5	3	1
19	Læremiddelet legger til rette for at elevene får utvikle og bruke grunnleggende ferdigheter i faget	3.6	3	1
20	Læremiddelet har god progresjon i tråd med kompetansemålene i faget	3.7	3	1
21	Læremiddelet støtter elevenes og lærerens arbeid med underveisvurdering	3.8	3	1
22	Læremiddelet har et rikt og variert utvalg av autentiske og tilpassede tekster som er relevante for elevenes trinn og utdanningsprogram og som lar seg tilpasse elevenes faglige interesser og mestring	1.1	4	2
23	Læremiddelet har et rikt og variert utvalg av narrative tekster i ulike sjangre, inkludert tekster relatert til barn og unges liv, erfaringer og interesser	1.2	4	2
24	Læremiddelet har tekster, illustrasjoner og aktiviteter som fremmer interkulturell kompetanse	1.3	4	2
25	Læremiddelet avspeiler det flerkulturelle og flerspråklige klasserommet	1.4	4	2
26	Læremiddelet inviterer eleven til prøving og utforsking i læringsarbeidet	1.5	4	2
27	Læremiddelet behandler tema fra ulike perspektiv, lar elevene fordype seg over tid og utfordrer elevene til å stille spørsmål, diskutere og reflektere	1.6	4	2
28	Læremiddelet legger til rette for at elevene skal kunne skape noe nytt med kunnskapen som blir presentert og dermed overføre det de kan og har lært til nye og ukjente situasjoner	1.7	4	2
29	Læremiddelet spør etter elevens opplevelser, syn, erfaringer og meninger	1.8	4	2
30	Læremiddelet legger til rette for egenvurdering ved å formidle formålet med oppgaver og aktiviteter, og ved å stille konkrete spørsmål og invitere eleven til refleksjon over egen læring	1.9	4	2
31	Læremiddelet opplyser om hvilke data det samler om eleven, til hvilke formål, og hvem som har tilgang til disse. Læremiddelet gjør rede for dette på en forståelig måte for elever og foresatte	1.10	4	2
32	Læremiddelet bygger på et elev- og læringssyn som samsvarer med verdiene og prinsippene for læring i læreplanverket og i opplæringsloven	1.11	4	2
33	Læremiddelet støtter opp under en kritisk tilnærming til tekst, også tekst formidlet av læremidler, og tematiserer hvordan mediet former kommunikasjonen	1.12	4	2
34	Læremiddelet åpner for elevenes ulike tolkninger og opplevelser av litterære tekster og andre kulturuttrykk	2.1	2	2
35	Læremiddelet fremmer en inkluderende holdning og aksept for ulike varianter av engelsk	2.2	2	2
36	Læremiddelet formidler flerspråklighet som ressurs i læringsarbeidet	2.3	2	2
37	Læremiddelet legger til rette for kommunikasjon og samhandling mellom elevene	2.4	2	2
38	Læremiddelet støtter elevene i å velge ut og bevisst bruke kommunikasjonsstrategier	2.5	2	2
39	Læremiddelet knytter arbeid med språkstrukturer til forskjellige tema, sammenhenger og kommunikative formål	2.6	2	2
40	Læremiddelet åpner for en undrende og utforskende tilnærming til språklige strukturer	2.7	2	2
41	Læremiddelet legger til rette for at elevene får lære språk i autentiske situasjoner	2.8	2	2
42	Læremiddelet støtter elevene i utviklingen av et stadig bredere og mer nyansert ordforråd og i å bruke ord de har lært, i kjente og nye situasjoner	2.9	2	2
43	Læremiddelet lar elevene reflektere over egen språkbruk og støtter utviklingen deres av språkbevissthet	2.10	2	2
44	Læremiddelet inkluderer metatekst om teksttyper og sjangre og viser tekst i prosess	2.11	2	2
45	Læremiddelet har tekster som gir gode modeller for elevenes egen tekstproduksjon og åpner for intertekstualitet som ressurs for tolking og tekstskaping	2.12	2	2
46	Læremiddelet inviterer til bruk av flere sanser, til å bruke praktisk-estetiske arbeidsmåter og til bruk av fysiske aktiviteter i læringsarbeidet	2.13	2	2
47	Læremiddelet legger opp til at eleven bearbeider og videreformidler lærestoff på ulike måter og ved bruk av ulike modaliteter	2.14	2	2
48	Læremiddelet har et design som kan appellere til målgruppen	3.1	5	2
49	Læremiddelet er oversiktlig og tydelig strukturert, og det er enkelt for læreren og elevene å navigere mellom delene i læremiddelet	3.2	5	2
50	Læremiddelet bruker tydelige definisjoner, forklaringer og referanser, til støtte for lærere og foresatte med variert kompetanse i engelskfaget	3.3	5	2
51	Læremiddelet er utformet slik at mediets affordanser tas i bruk og ulike modaliteter utfyller hverandre, gir ulike innganger til lærestoffet og bidrar til helhetlige og nyanserte framstillinger av tema	3.4	5	2
52	Læremiddelet har en tiltalende design for målgruppen	1.1	1	3
53	Læremiddelet har en struktur som gir oversikt og sammenheng i elevenes læring	1.2	1	3
54	Læremiddelet har en tydelig og intuitiv meny for navigasjon	1.3	1	3
55	Læremiddelet har kort vei fra innlogging til ønsket informasjon/ oppgave	1.4	1	3
56	Læremiddelet presenterer data fra elevaktivitetene på en oversiktlig og forståelig måte for læreren	1.5	1	3
57	Læremiddelet har informasjon som alle målgrupper kan oppfatte	1.6	1	3
58	Læremiddelet har navigeringsfunksjoner som alle brukere kan betjene	1.7	1	3
59	Læremiddelet har oppgaver som legger til rette for å bruke ulike kognitive prosesser	2.1	2	3
60	Læremiddelet har oppgaver som stiller høye kognitive krav til elevene	2.2	2	3
61	Læremiddelet bruker ulike representasjoner og forklarer overgangen mellom dem	2.3	2	3
62	Læremiddelet har oppgaver som er egnet for samarbeid og diskusjon	2.4	2	3
63	Læremiddelet legger opp til varierte arbeidsmåter	2.5	2	3
64	Læremiddelet gir mulighet for å bruke varierte strategier og metoder for problemløsning	2.6	2	3
65	Læremiddelet bidrar til at elevene får økt engasjement, skaperglede og utforsking	3.1	6	3
66	Læremiddelet bidrar til at elevene får øvelse i kritisk tenkning	3.2	6	3
67	Læremiddelet bidrar til at elevene lærer å lære	3.3	6	3
68	Læremiddelet har gode eksempler som viser hvordan eleven kan bruke ulike problemløsningsstrategier	3.4	6	3
69	Læremiddelet har med problemløsingsoppgaver gjennomgående og integrert i de ulike kunnskapsområdene	3.5	6	3
70	Læremiddelet har med ulike praktiske eksempler og oppgaver hvor matematikk anvendes	3.6	6	3
71	Læremiddelet synliggjør hvordan vi kan bruke matematisk modellering til å løse et praktisk problem	3.7	6	3
72	Læremiddelet synliggjør de bærende ideene i de ulike resonnementene som gjøres	3.8	6	3
73	Læremiddelet har oppgaver og utfordringer hvor elevene ikke bare må bruke regler og prosedyrer, men hvor de selv må finne resonnement	3.9	6	3
74	Læremiddelet legger opp til at eleven må oversette mellom det matematiske symbolspråket, dagligspråk og mellom ulike representasjoner	3.10	6	3
75	Læremiddelet legger opp til at elevene skal utvikle algebraisk tenkning. Det vil si at elevene selv skal kunne generalisere og finne sammenhenger ut fra mønstre og strukturer	3.11	6	3
76	Læremiddelet har et variert utvalg av tekster på bokmål og nynorsk, fra norsk, nordisk og internasjonal litteratur fra fortid og nåtid som bidrar til å gi elevene felles referanserammer og historisk og kulturell forståelse	1.1	4	4
77	Læremiddelet representerer og verdsetter språklig, kulturelt og livssynsmessig mangfold og utnytter variasjonen i elevenes erfaringsbakgrunn	1.2	4	4
78	Læremiddelet støtter dybdelæring gjennom struktur, sammenheng mellom kunnskapsområder og utforskende oppgaver og aktiviteter	1.3	4	4
79	Læremiddelet legger til rette for refleksjon over egen læreprosess, og for egenvurdering	1.4	4	4
80	Læremiddelet lar elevene utforske sammenhengen mellom form, funksjon og innhold i ulike typer tekster og støtter elevens meningsskapende tekstarbeid	1.5	4	4
81	Læremiddelet legger opp til at elevene får arbeide kreativt, sammenlignende og utforskende med både sakprosa og skjønnlitteratur og både kortere tekster og hele verk	1.6	4	4
82	Læremiddelet støtter eleven i å ta stilling til tekst på en kunnskapsbasert, nyansert og kritisk måte	1.7	4	4
83	Læremiddelet legger til rette for god muntlig opplæring der læreren får støtte til å inkludere elevene i åpne samtale- og læringsfellesskap	1.8	4	4
84	Læremiddelet lar elevene få innta ulike skriveroller i meningsfylte og relevante skriveoppgaver, både individuelt og i fellesskap	1.9	4	4
85	Læremiddelet legger opp til sammenlignende, varierte og utforskende arbeid med språk der elevene inviteres til å ta i bruk et språk om språket (metaspråk)	1.10	4	4
86	Læremiddelet gir kunnskap om språksituasjonen i Norge og inviterer til å reflektere over og forstå egen og andres språklige situasjon	1.11	4	4
87	Læremiddelet gir god støtte i arbeidet med den første lese- og skriveopplæringen med utgangspunkt i elevens forutsetninger	1.12	4	4
88	Læremiddelet støtter opplæringen i og den videre utviklingen av de grunnleggende ferdighetene lesing og skriving, muntlige- og digitale ferdigheter	1.13	4	4
89	Læremiddelet bidrar til at elevene utvikler sin digitale dømmekraft, slik at de opptrer etisk og reflektert i kommunikasjon med andre	1.14	4	4
90	Læremiddelet tilbyr støtte til differensiering og tilpasset opplæring slik at elevene kan arbeide med tekster og oppgaver på ulike nivå	2.1	2	4
91	Læremiddelet har interessante og relevante innganger til fagstoffet og gir eleven hjelp til å forstå hva som er sentralt stoff i faget	2.2	2	4
92	Læremiddelet har relevante og varierte oppgaver på ulike nivå som kan løses både individuelt og i samarbeid og ved bruk av ulike modaliteter	2.3	2	4
93	Læremiddelet har digitale funksjoner som bygger på et læringssyn som er i tråd med verdigrunnlaget i læreplanen, og som presenterer arbeider og resultater fra elevaktivitetene på en oversiktlig og formålstjenlig måte for læreren og eleven selv	2.4	2	4
94	Digitale læremidler oppfyller krav til personvern og universell utforming	3.1	5	4
95	Læremiddelet oppfyller kravet til tekster på bokmål og nynorsk i tråd med kravet i opplæringsloven	3.2	5	4
96	Læremiddelet har en tiltalende og elevorientert utforming som utnytter samspillet mellom tekst, bilde og andre meningsskapende ressurser	3.3	5	4
97	Læremiddelet har en ryddig og logisk struktur som gir oversikt og sammenheng i framstillingen	3.4	5	4
98	Læremiddelet bruker et tilgjengelig og eksemplarisk språk som er tilpasset elevgruppen, og som kommuniserer med elevene	3.5	5	4
\.


--
-- TOC entry 3847 (class 0 OID 25531)
-- Dependencies: 233
-- Data for Name: stage_questiontextresources; Type: TABLE DATA; Schema: assessment; Owner: vfkladmin
--

COPY assessment.stage_questiontextresources (text_id, question_id_fk, question, language_id_fk) FROM stdin;
1	1	Jeg ønsker ikke å svare på denne kategorien	1083
2	1	Jeg ønsker ikke å svare på denne kategorien	6203
3	1	Jeg ønsker ikke å svare på denne kategorien	4155
4	2	Jeg ønsker ikke å svare på denne kategorien	1083
5	2	Jeg ønsker ikke å svare på denne kategorien	6203
6	2	Jeg ønsker ikke å svare på denne kategorien	4155
7	3	Jeg ønsker ikke å svare på denne kategorien	1083
8	3	Jeg ønsker ikke å svare på denne kategorien	6203
9	3	Jeg ønsker ikke å svare på denne kategorien	4155
10	4	Oahpponeavvu lea ulbmiljoavkku ohppiid mielas miellagiddevaš	1083
11	5	Oahpponeavvu lea čorgat ja áddehahtti geavahit ohppiide ja oahpaheddjiide	1083
12	6	Oahpponeavvus lea giella mii lea heivehuvvon fága terminologiijai ja ulbmiljoavkku ohppiide	1083
13	7	Oahpponeavvus lea multimodalitehta mii ovttas doarju oahppama	1083
14	8	Oahpponeavvu doarju oahpaheddjiid barggu heivehuvvon oahpahusain	1083
15	9	Oahpponeavvus lea viiddes ja máŋggabealat sisdoallu	1083
16	10	Oahpponeavvu láhčá nu, ahte oahppit galget oahppat	1083
17	11	Oahpponeavvu doarju ohppiid ovdánahttit kritihkalaš jurddašeami ja etihkalaš dihtomielalašvuođa	1083
18	12	Oahpponeavvu hástá ohppiid suokkardit oahpadettiin	1083
19	13	Oahpponeavvu láhčá ovttasdoaibmamii oahpponeavvus dahje dan olggobealde	1083
20	14	Oahpponeavvu ovddida searvadahttima ja girjáivuođa	1083
21	15	Oahpponeavvu veahkeha ohppiid áddet sámi historjjá, kultuvrra, giela, servodateallima ja vuoigatvuođaid	1083
22	16	Oahpponeavvu fuolaha fága relevánssa ja guovddáš árvvuid	1083
23	17	Oahpponeavvu addá vejolašvuođa bargat fága guovddášelemeanttaiguin	1083
24	18	Oahpponeavvu láhčá oaidnit oktavuođaid oahpahusas	1083
25	19	Oahpponeavvu láhčá nu, ahte oahppit besset ovdánahttit ja geavahit vuođđogálggaid fágas	1083
26	20	Oahpponeavvus lea buorre progrešuvdna fága gealbomihttomeriid olis	1083
27	21	Oahpponeavvu doarju ohppiid ja oahpaheddjiid dađistaga árvvoštallama bargguin.	1083
28	4	Learohkh ulmiedåehkesne tuhtjieh learoevierhtie lea ïedtjije	6203
29	5	Learoevierhtie lea tjyölkehke jïh aelhkie guarkedh jïh nuhtjedh learoehkidie jïh lohkehtæjjide	6203
30	6	Learoevierhtie gïelem nuhtjie mij lea sjïehtedamme faagen terminologijese jïh learoehkidie ulmiedåehkesne	6203
31	7	Learoevierhtien lea multimodaliteete mij ektesne lïeremem dåarjohte	6203
32	8	Learoevierhtie lohkehtæjjan barkoem sjïehtedamme lïerehtimmine dåarjohte	6203
33	9	Learoevierhtien lea ræjhkoes jïh jeereldihkie sisvege	6203
34	10	Learoevierhtie sjïehteladta ihke learohkh edtjieh lïeredh lïeredh	6203
35	11	Learoevierhtie learoehkidie dåarjohte laejhtehks ussjedimmiem jïh etihkeles voerkesvoetem evtiedidh	6203
36	12	Learoevierhtie learoehkidie böörede liemmebarkosne goerehtidh	6203
37	13	Learoevierhtieh sjïehteladta aktivyöki barkose learoevierhtesne jallh learoevierhtien ålkolen	6203
38	14	Learoevierhtie feerhmemem jïh gellievoetem eevtjie	6203
39	15	Learoevierhtie viehkehte guktie learohkh daajroem åadtjoeh saemien aalkoeåålmegen histovrijen, kultuvren, gïelen, seabradahkejieleden jïh reaktaj bïjre.	6203
40	16	Learoevierhtie faagen relevaansem jïh vihkeles aarvoeh gorrede	6203
41	17	Learoevierhtie nuepiem vadta jarngebiehkiejgujmie faagesne barkedh	6203
42	18	Learoevierhtie sjïehteladta ektiedimmieh vuejnedh lïerehtimmesne	6203
43	19	Learoevierhtie sjïehteladta ihke learohkh åadtjoeh vihkeles tjiehpiesvoeth faagesne evtiedidh jïh nuhtjedh	6203
44	20	Learoevierhtie hijven progresjovnem åtna maahtoeulmiej mietie faagesne	6203
45	21	Learoevierhtie learohki jïh lohkehtæjjan barkoem jaabnan vuarjasjimmine dåarjohte	6203
46	4	Oahpponævvo la dakkir mij båktå berustimev ulmmejuohkusa oahppij gaskan	4155
47	5	Álgge l gávnnat majt galggá ja oahpponævvo la intuitijvva oahppijda ja åhpadiddjijda	4155
48	6	Oahpponævvo adná gielav mij la hiebadum fáhka terminologijjaj ja ulmmejuohkusa oahppijda	4155
49	7	Oahpponævon la multimodalitiehtta mij aktan oahppamav doarjju	4155
50	8	Oahpponævvo doarjju åhpadiddje bargov hiebadam åhpadimijn	4155
51	9	Oahpponævon la valjes ja målsudahkes sisadno	4155
52	10	Oahpponævvo dilev láhtjá váj oahppe galggi oahppat oahppat	4155
53	11	Oahpponævvo doarjju oahppijt váj sijá lájttális ájádallam ja etalasj diedulasjvuohta nanniduvvá	4155
54	12	Oahpponævvo gåhttju oahppijt åtsådit oahppambargon	4155
55	13	Oahpponævvo dilev láhtjá aktisasjbargguj oahpponævon jali dan ålggolin	4155
56	14	Oahpponævvo åvdet sebradahttemav ja moattebelakvuodav	4155
57	15	Oahppopládna la viehkken váj oahppe bessi oahpásmuvvat sáme álggoálmmuga histåvrråj, kultuvrraj, giellaj, sebrudakiellemij ja riektájda	4155
58	16	Oahpponævvo várajda válldá fága relevánsav ja guovdásj árvojt	4155
59	17	Oahpponævon bæssá fága guovdásj elementaj barggat	4155
60	18	Oahpponævo baktu vuojnná tjanástagájt åhpadimen	4155
61	19	Oahppopládna dilev láhtjá váj oahppe bessi adnet ja åvddånahttet fága vuodulasj tjehpudagájt	4155
62	20	Oahpponævon la buorre progresjåvnnå fága máhtudakulmij gáktuj	4155
63	21	Oahpponævvo doarjju oahppe ja åhpadiddje bargov åhpadattijn árvustallamijn	4155
64	1	Ønsker ikkje å svare på denne kategorien	2068
65	2	Ønsker ikkje å svare på denne kategorien	2068
66	3	Ønsker ikkje å svare på denne kategorien	2068
67	4	Læremiddelet blir opplevd som engasjerande for elevane i målgruppa.	2068
68	5	Læremiddelet er oversiktleg og intuitivt å bruke for elevar og lærarar.	2068
69	6	Læremiddelet bruker eit språk som er tilpassa terminologien i faget og tilpassa elevane i målgruppa.	2068
70	7	Læremiddelet har multimodalitet som saman støttar læring.	2068
71	8	Læremiddelet støttar arbeidet til læraren med tilpassa opplæring.	2068
72	9	Læremiddelet har rikt og variert innhald.	2068
73	10	Læremiddelet legg til rette for at elevane skal lære å lære.	2068
74	11	Læremiddelet støttar elevane i å utvikle kritisk tenking og etisk medvit.	2068
75	12	Læremiddelet inviterer elevane til utforsking i læringsarbeidet.	2068
76	13	Læremiddelet legg til rette for samhandling i eller utanfor læremiddelet.	2068
77	14	Læremiddelet fremjar inkludering og mangfald.	2068
78	15	Læremiddelet bidreg til at elevane får innsikt i historia, kulturen, språket, samfunnslivet og rettane til det samiske urfolket.	2068
79	16	Læremiddelet tek vare på fagrelevans og sentrale verdiar.	2068
80	17	Læremiddelet gir moglegheit til å arbeide med kjerneelementa i faget.	2068
81	18	Læremiddelet legg til rette for å sjå samanhengar i opplæringa.	2068
82	19	Læremiddelet legg til rette for at elevane får utvikle og bruke grunnleggjande ferdigheiter i faget.	2068
83	20	Læremiddelet har god progresjon i tråd med kompetansemåla i faget.	2068
84	21	Læremiddelet støttar arbeidet med undervegsvurdering for elevane og læraren.	2068
85	22	Læremiddelet har eit rikt og variert utval av autentiske og tilpassa tekstar som er relevante for årstrinn og utdanningsprogram, og som lar seg tilpasse faglege interesser og meistring.	2068
86	23	Læremiddelet har eit rikt og variert utval av narrative tekstar i ulike sjangrar, inkludert tekstar som er relaterte til barn og unges liv, erfaringar og interesser.	2068
87	24	Læremiddelet har tekstar, illustrasjonar og aktivitetar som fremmar interkulturell kompetanse.	2068
88	25	Læremiddelet speglar det fleirkulturelle og fleirspråklege klasserommet.	2068
89	26	Læremiddelet inviterer eleven til prøving og utforsking i læringsarbeidet.	2068
90	27	Læremiddelet behandlar tema frå ulike perspektiv, lar elevane fordjupe seg over tid og utfordrar elevane til å stille spørsmål, diskutere og reflektere.	2068
91	28	Læremiddelet legg til rette for at elevane skal kunne skape noko nytt med kunnskapen som blir presentert, og dermed overføre det dei kan og har lært, til nye og ukjende situasjonar.	2068
92	29	Læremiddelet spør etter eleven sine opplevingar, syn, erfaringar og meiningar.	2068
93	30	Læremiddelet legg til rette for eigenvurdering ved å formidle formålet med oppgåver og aktivitetar og ved å stille konkrete spørsmål og invitere eleven til refleksjon over eiga læring.	2068
94	31	Læremiddelet opplyser om kva data det samlar om eleven, til kva formål, og kven som har tilgang til dei. Læremiddelet gjer greie for dette på ein forståeleg måte for elevar og føresette.	2068
95	32	Læremiddelet bygger på eit elev- og læringssyn som samsvarer med verdiane og prinsippa for læring i læreplanverket og i opplæringslova.	2068
96	33	Læremiddelet støttar opp under ei kritisk tilnærming til tekst, også tekst som er formidla av læremiddel, og tematiserer korleis mediet formar kommunikasjonen.	2068
97	34	Læremiddelet opnar for ulike tolkingar og opplevingar frå elevane si side av litterære tekstar og andre kulturuttrykk.	2068
98	35	Læremiddelet fremmar ei inkluderande haldning og aksept for ulike variantar av engelsk.	2068
99	36	Læremiddelet formidlar fleirspråklegheit som ressurs i læringsarbeidet.	2068
100	37	Læremiddelet legg til rette for kommunikasjon og samhandling mellom elevane.	2068
101	38	Læremiddelet støttar elevane i å velje ut og bevisst bruke kommunikasjonsstrategiar.	2068
102	39	Læremiddelet knyter arbeid med språkstrukturar til ulike tema, samanhengar og kommunikative formål.	2068
103	40	Læremiddelet opnar for ei undrande og utforskande tilnærming til språklege strukturar.	2068
104	41	Læremiddelet legg til rette for at elevane får lære språk i autentiske situasjonar.	2068
105	42	Læremiddelet støttar elevane i utviklinga av eit stadig vidare og meir nyansert ordforråd, og i å bruke ord dei har lært, i kjende og nye situasjonar.	2068
106	43	Læremiddelet lar elevane reflektere over eigen språkbruk og støttar utviklinga deira av språkbevisstheit.	2068
107	44	Læremiddelet inkluderer metatekst om teksttypar og sjangrar og viser tekst i prosess.	2068
108	45	Læremiddelet har tekstar som gir gode modellar for elevane sin eigen tekstproduksjon og opnar for intertekstualitet som ressurs for tolking og tekstskaping.	2068
109	46	Læremiddelet inviterer til bruk av fleire sansar, til å bruke praktisk-estetiske arbeidsmåtar og til bruk av fysiske aktivitetar i læringsarbeidet.	2068
110	47	Læremiddelet legg opp til at eleven bearbeider og vidareformidlar lærestoff på ulike måtar og ved bruk av ulike modalitetar.	2068
111	48	Læremiddelet har eit design som kan appellere til målgruppa.	2068
112	49	Læremiddelet er oversiktleg og tydeleg strukturert, og det er enkelt for læraren og elevane å navigere mellom delane i læremiddelet.	2068
113	50	Læremiddelet bruker tydelege definisjonar, forklaringer og referansar, til støtte for lærarar og føresette med variert kompetanse i engelskfaget.	2068
114	51	Læremiddelet er utforma slik at affordansane til mediet blir tatt i bruk og ulike modalitetar utfyller kvarandre, gir ulike inngangar til lærestoffet og bidrar til heilskaplege og nyanserte framstillingar av tema.	2068
115	52	Læremiddelet har ein tiltalande design for målgruppa	2068
116	53	Læremiddelet strukturerer fagstoffet på ein god måte, slik at elevane kan sjå samanhengar	2068
117	54	Læremiddelet har ein tydeleg og intuitiv meny for navigasjon	2068
118	55	Læremiddelet har kort veg frå innlogginga til informasjonen eller oppgåva du søker etter	2068
119	56	Læremiddelet presenterer data frå elevaktivitetane på ein oversiktleg og forståeleg måte for læraren	2068
120	57	Læremiddelet har informasjon som alle målgrupper kan oppfatte	2068
121	58	Læremiddelet har navigeringsfunksjonar som alle brukarar kan betene	2068
122	59	Læremiddelet har oppgåver som legg til rette for å bruke ulike kognitive prosessar	2068
123	60	Læremiddelet har oppgåver som stiller høge kognitive krav til elevane	2068
124	61	Læremiddelet bruker ulike representasjonar og forklarer overgangen mellom dei	2068
125	62	Læremiddelet har oppgåver som eignar seg for samarbeid og diskusjon	2068
126	63	Læremiddelet legg opp til varierte arbeidsmåtar	2068
127	64	Læremiddelet gjer det mogleg å bruke varierte strategiar	2068
128	65	Læremiddelet bidrar til større engasjement, skaparglede og utforskartrong hos elevane	2068
129	66	Læremiddelet bidrar til at elevane får øve seg i kritisk tenking	2068
130	67	Læremiddelet bidrar til at elevane lærer å lære	2068
131	68	Læremiddelet har gode eksempler som viser hvordan eleven kan bruke ulike problemløsningsstrategier	2068
132	69	Læremiddelet har med problemløysingsoppgåver gjennomgåande og integrerte i dei ulike kunnskapsområda	2068
133	70	Læremiddelet har med ulike praktiske eksempel og oppgåver der matematikk blir brukt	2068
134	71	Læremiddelet synleggjer korleis vi kan bruke matematisk modellering til å løyse eit praktisk problem	2068
135	72	Læremiddelet synleggjer dei berande ideane i dei ulike resonnementa	2068
136	73	Læremiddelet har oppgåver og utfordringar der elevane ikkje berre må bruke reglar og prosedyrar, men sjølve finne resonnement	2068
137	74	Læremiddelet legg opp til at eleven må omsette mellom det matematiske symbolspråket og daglegspråket og mellom ulike representasjonar	2068
138	75	Læremiddelet legg opp til at elevane skal utvikle algebraisk tenking. Det vil seie at elevane sjølve skal kunne generalisere og finne samanhengar ut frå mønster og strukturar	2068
139	76	Læremiddelet har eit variert utval av tekstar på bokmål og nynorsk, frå norsk, nordisk og internasjonal litteratur frå fortid og notid som bidrar til å gi elevane felles referanserammer og historisk og kulturell forståing.	2068
140	77	Læremiddelet representerer og verdset språkleg, kulturelt og livssynsmessig mangfald og utnyttar variasjonen i erfaringsbakgrunnen til elevane.	2068
141	78	Læremiddelet støttar djupnelæring gjennom struktur, samanheng mellom kunnskapsområde og utforskande oppgåver og aktivitetar.	2068
142	79	Læremiddelet legg til rette for refleksjon over eigen læreprosess, og for eigenvurdering.	2068
143	80	Læremiddelet lar elevane utforske samanhengen mellom form, funksjon og innhald i ulike typar tekstar og støttar det meiningsskapande tekstarbeidet til eleven.	2068
144	81	Læremiddelet legg opp til at elevane får arbeide kreativt, samanliknande og utforskande med både sakprosa og skjønnlitteratur og både kortare tekstar og heile verk.	2068
145	82	Læremiddelet støttar eleven i å ta stilling til tekst på ein kunnskapsbasert, nyansert og kritisk måte.	2068
146	83	Læremiddelet legg til rette for god munnleg opplæring der læraren får støtte til å inkludere elevane i opne samtale- og læringsfellesskapar.	2068
147	84	Læremiddelet lar elevane få innta ulike skriveroller i meiningsfylte og relevante skriveoppgåver, både individuelt og i fellesskap.	2068
148	85	Læremiddelet legg opp til samanliknande, varierte og utforskande arbeid med språk der elevane blir inviterte til å ta i bruk eit språk om språket (metaspråk).	2068
149	86	Læremiddelet gir kunnskap om språksituasjonen i Noreg og inviterer til å reflektere over og forstå eigen og andres språklege situasjon.	2068
150	87	Læremiddelet gir god støtte i arbeidet med den første lese- og skriveopplæringa med utgangspunkt i føresetnadene til eleven.	2068
151	88	Læremiddelet støttar opplæringa i og den vidare utviklinga av dei grunnleggande ferdigheitene lesing og skriving, munnlege og digitale ferdigheter.	2068
152	89	Læremiddelet bidrar til at elevane utviklar si digitale dømmekraft, slik at dei opptrer etisk og reflektert i kommunikasjon med andre.	2068
153	90	Læremiddelet tilbyr støtte til differensiering og tilpassa opplæring, slik at elevane kan arbeide med tekstar og oppgåver på ulike nivå.	2068
154	91	Læremiddelet har interessante og relevante inngangar til fagstoffet og gir eleven hjelp til å forstå kva som er sentralt stoff i faget.	2068
155	92	Læremiddelet har relevante og varierte oppgåver på ulike nivå som kan løysast både individuelt og i samarbeid og ved bruk av ulike modalitetar.	2068
156	93	Læremiddelet har digitale funksjonar som bygger på eit læringssyn som er i tråd med verdigrunnlaget i læreplanen, og som presenterer arbeid og resultat frå elevaktivitetane på ein oversiktleg og formålstenleg måte for læraren og eleven sjølv.	2068
157	94	Digitale læremiddel oppfyller krav til personvern og universell utforming.	2068
158	95	Læremiddelet oppfyller kravet til tekstar på bokmål og nynorsk i tråd med kravet i opplæringslova.	2068
159	96	Læremiddelet har ei tiltalande og elevorientert utforming som utnyttar samspelet mellom tekst, bilete og andre meiningsskapande ressursar.	2068
160	97	Læremiddelet har ein ryddig og logisk struktur som gir oversikt og samanheng i framstillinga.	2068
161	98	Læremiddelet bruker eit tilgjengeleg og eksemplarisk språk som er tilpassa elevgruppa, og som kommuniserer med elevane.	2068
\.


--
-- TOC entry 3825 (class 0 OID 25191)
-- Dependencies: 210
-- Data for Name: invitations; Type: TABLE DATA; Schema: invitations; Owner: vfkladmin
--

COPY invitations.invitations (user_id_fk, gv_id, frist, laeremiddel, laereplan, mottaker_eposter, opprettet_dato, assessmenttype_id_fk, laereplankode, bortvalgtsporsmaal, laeremiddel_leverandor) FROM stdin;
1	A8KsTvyjR0-Q9jdb1bh4nQ	2022-05-05	Salaby 1-7	Grunnleggende norsk for språklige minoriteter (NOR07-02)	d.a.gopalswamy@accenture.com	4/29/2022 11:14:49 AM	\N	\N	\N	\N
3	fQYqJoi0aEObrZLwYOTv7A	2022-05-13	test	Læreplan i treningslære	bjorn.hakon.solberg@udir.no	5/5/2022 10:10:10 AM	\N	\N	\N	\N
4	pn2ggEViu0KKNRZxSaQAHg	2022-05-22	Geometri og seilbåter	Matematikk 1.–10. trinn (MAT01-05)	eth@udir.no	5/7/2022 12:57:51 PM	\N	\N	\N	\N
3	bHIrQoLJbUyAGh7WjRcP7A	2022-05-15	Salaby 5-7 Samfunnsfag	Samfunnsfag (SAF01-04)	bjorn.hakon.solberg@udir.no;bjrnhknslbrg@gmail.com	5/8/2022 7:34:00 PM	\N	\N	\N	\N
3	wItTT1tXokyacv3tvdeorQ	2022-05-22	Salaby 5-7 Musikk	Musikk (MUS01-02)	bjrnhknslbrg@gmail.com;bjorn.hakon.solberg@udir.no	5/8/2022 8:39:49 PM	\N	\N	\N	\N
2	bemOLm7-wkejM4bujYeT8w	2022-05-31	Tester ny versjon i prod 2	Matematikk fellesfag 2P-Y – Vg3 påbygging til generell studiekompetanse	alexandra.vedeler@accenture.com;d.a.gopalswamy@accenture.com	5/9/2022 9:03:21 AM	4	MAT06-04	1.7,3.6,3.7,3.8,3.9,3.10,3.11	\N
4	tvMcTBVq40ySGTyQ1KkOKw	2022-05-29	Les og lær av Lester Lærheim	Fremmedspråk	eth@udir.no;mathias.meier.nilsen@udir.no	5/9/2022 9:21:44 AM	2	FSP01-02	1.14,1.13,1.12,1.11,1.10,1.9,1.8,1.7,1.6,1.5,1.4,1.3,1.2,2.3,2.4,3.1,3.2,3.3,3.4,3.5	\N
2	nj8Ywgmr302ASeGrm37DbA	2022-05-28	Tester Engelsk Flyt	Engelsk for elever med tegnspråk	alexandra.vedeler@accenture.com	5/9/2022 9:29:39 AM	3	ENG02-04	1.7,1.8,1.9,1.10,1.11,1.12,2.9,2.10,2.11,2.12,2.13,2.14,3.3	\N
2	RsAfBGka_Eqr9fpD3UY0LA	2022-05-31	Tester Norsk Flyt	Norsk for språklige minoriteter med kort botid i Norge - videregående opplæring	alexandra.vedeler@accenture.com	5/9/2022 9:33:56 AM	2	NOR09-04	1.8,1.9,1.10,1.11,1.12,1.13,1.14,1.1	\N
3	fFcTNIs6ikyMDqWpVI087g	2022-05-11	Læremiddel 1 - leverandør 1	Naturfag	Rune.Stromme@udir.no;Lars.Kvenshagen.Gimse@udir.no;Rolf-Erik.Osteras@udir.no;Erlend.Thune@udir.no;Mathias.Meier.Nilsen@udir.no;May-Hege.Marthinussen@udir.no	5/10/2022 2:53:15 PM	1	NAT01-04	\N	\N
3	a_vYw1HmT0W6G-50tUEE_w	2022-05-11	Læremiddel 2 - leverandør 2	Naturfag	Rune.Stromme@udir.no;Lars.Kvenshagen.Gimse@udir.no;Rolf-Erik.Osteras@udir.no;Erlend.Thune@udir.no;Mathias.Meier.Nilsen@udir.no;May-Hege.Marthinussen@udir.no	5/10/2022 2:55:30 PM	1	NAT01-04	\N	\N
3	iZC99uFp20efdGr0m5W-1w	2022-05-11	Læremiddel 3 - leverandør 1	Samfunnsfag	Rune.Stromme@udir.no;Lars.Kvenshagen.Gimse@udir.no;Rolf-Erik.Osteras@udir.no;Erlend.Thune@udir.no;Mathias.Meier.Nilsen@udir.no;May-Hege.Marthinussen@udir.no	5/10/2022 2:57:40 PM	1	SAF01-04	\N	\N
3	HuXUknizlkCMu1Rhcv6KnQ	2022-05-11	Læremiddel 4 - leverandør 2	Samfunnsfag	Rune.Stromme@udir.no;Lars.Kvenshagen.Gimse@udir.no;Rolf-Erik.Osteras@udir.no;Erlend.Thune@udir.no;Mathias.Meier.Nilsen@udir.no;May-Hege.Marthinussen@udir.no	5/10/2022 2:59:11 PM	1	SAF01-04	\N	\N
3	09iN76O64UmXIl_StZ1msQ	2022-05-11	Læremiddel 6 - leverandør 1	Programområde for mediedesign - felles programfag Vg3	bjrnhknslbrg@gmail.com	5/10/2022 3:12:18 PM	1	MDE3-02	1.3,1.2,1.1,2.1,2.2,2.3,2.6,3.1,3.2,3.5	\N
5	JP1q3a1HYkC4D0vdhAeiZA	2022-05-12	Naturfagseksperten	Naturfag	bjorn.hakon.solberg@udir.no;Julie-Kathrine.Skoglund@udir.no;Lars.Kvenshagen.Gimse@udir.no;May-Hege.Marthinussen@udir.no;Ragnhild.Daae.Bekkevoll@udir.no	5/10/2022 4:40:45 PM	1	NAT01-04	1.1,1.2,1.3,2.3,3.2,3.1,3.4	\N
3	b0j4OZtTMUiGkGjx-wKXoQ	2022-05-12	Læremiddel 11 - leverandør 1	Samfunnsfag	bjrnhknslbrg@gmail.com	5/11/2022 5:13:19 AM	1	SAF01-04	\N	\N
3	8IMNnvjftkKcvnFvXprajA	2022-05-15	Læremiddel 12 - leverandør 1	Samfunnsfag	bjorn.hakon.solberg@udir.no;bjrnhknslbrg@gmail.com	5/11/2022 5:48:02 AM	1	SAF01-04	\N	\N
3	Go-ia8nYRkWb-qKxghf9oA	2022-05-18	Læremiddel 14 - leverandør 2	Samfunnsfag	bjrnhknslbrg@gmail.com;bjorn.hakon.solberg@udir.no	5/12/2022 5:39:51 AM	1	SAF01-04	1.1,1.2,1.3	\N
3	WAntk-sbM0CSpw13FPo3ww	2022-05-15	Læremiddel 15 - leverandør 5	Danseteknikker	bjrnhknslbrg@gmail.com	5/12/2022 7:48:20 AM	1	MDD04-02	1.1,1.2,1.3,2.1,2.2,2.3,2.4,3.1,3.2,3.3,3.4,3.5	\N
3	ftO408OwH0qa781mFf1pvA	2022-05-22	Læremiddel 1	Samfunnsfag	bjorn.hakon.solberg@udir.no	5/12/2022 8:57:44 AM	1	SAF01-04	1.1,1.2	\N
9	4y19H2F1KEenlrvxATWz6w	2022-05-27	Test	Norsk	Atle.strandli@gyldendal.no	5/12/2022 12:58:45 PM	2	NOR01-06	\N	\N
10	DTcW-sS5EE2WkYuKbxavqA	2022-05-16	Citizens	Engelsk	aleksander.tysseng.reutz@cappelendamm.no;jarle.havnes@cappelendamm.no	5/12/2022 1:11:27 PM	3	ENG01-04	\N	\N
3	eYbWm8VRVEWKcaExWZalbw	2022-05-20	Læremiddel 1	Samfunnsfag	bjorn.hakon.solberg@udir.no;torill.sommerlund@udir.no	5/12/2022 1:13:43 PM	1	SAF01-04	\N	\N
11	YOIz6hLMTU-2K9nPhUQ1yw	2022-05-14	Test	Fremmedspråk	julie.ostlyng@ou.trondheim.kommune.no	5/13/2022 9:56:03 AM	1	FSP01-02	\N	\N
3	-YHUxcqvR0Ck8zlxjW89YA	2022-05-21	Salaby 5-7 Kroppsøving	Kroppsøving	bjorn.hakon.solberg@udir.no;bjrnhknslbrg@gmail.com	5/15/2022 7:40:53 PM	1	KRO01-05	\N	\N
12	IsWjSfKV0Em7kuIsv0BeMQ	2022-05-26	Campus Inkrement	Matematikk 1.–10. trinn	havard.osthus@stavanger.kommune.no	5/18/2022 8:33:06 AM	4	MAT01-05	1.7	\N
13	Z5NidRfs5Uu4EA7502jHDg	2022-05-19	Aschehoug Aunivers	Matematikk 1.–10. trinn	hime01@lillestrom.kommune.no	5/18/2022 12:27:25 PM	4	MAT01-05	\N	\N
14	g4AipKuLh0yMzjBHLKMS6g	2022-05-24	Multi	Matematikk 1.–10. trinn	frode.sundstrom@molde.kommune.no;kenneth.ellingseter@molde.kommune.no	5/20/2022 9:30:55 AM	4	MAT01-05	\N	\N
15	xVCwg6n1RE2SxYW8J51drQ	2022-05-08	Salaby	Mat og helse, samisk plan	Kjetil.Helgeland@udir.no;ida.large@udir.no;Are.Solstad@udir.no;Atle.Teksum@udir.no;Oystein.Nilsen@udir.no	5/23/2022 7:28:14 AM	1	MHE02-02	\N	\N
3	sencTIhrCEWVMfy2nnfPbQ	2022-05-25	Test 230522	Breddeidrett	bjorn.hakon.solberg@udir.no;bjrnhknslbrg@gmail.com	5/23/2022 11:24:31 AM	1	IDR06-03	\N	\N
16	jsVZFhfY2k6LgSOAVaeTZA	2022-05-31	Element	Naturfag	heifos@kvam.kommune.no	5/24/2022 8:48:30 AM	1	NAT01-04	\N	\N
18	5aNRQcD5ok65nsG_2yFYkQ	2022-06-07	Cappelen - Skolen	Norsk	tor.andreas.aartun@bomlo.kommune;Heidi.vold.adnanes@bomlo.kommune.no;gerd.turid.ersland.roksund@bomlo.kommune.no;monika.fylkesnes@bomlo.kommune.no;mariann.habbestad@bomlo.kommune.no;anita.joy.nesse@bomlo.kommune.no;Lindy.sonstabo.helland@bomlo.kommune.no;siv-kristin.larsen@bomlo.kommune.no;Odny.laurhammer@bomlo.kommune.no;trude.nedrebo@bomlo.kommune.no;ragna.alvsvag.folgero@bomlo.kommune.no;monica.rolfsnes.fardal@bomlo.kommune.no;anette.sortland.eikemo@bomlo.kommune.no;solveig.maeland@bomlo.kommune.no;Ingvild.snuggerud.urheim@bomlo.kommune.no;jorunn.rasmussen@bomlo.kommune.no;daniel.vage.nilsen@bomlo.kommune.no;kari.frendem.folgero@bomlo.kommune.no;camilla.rubach@bomlo.kommune.no;marianne.vassvik@bomlo.kommune.no;nils.eriksen.meling@bomlo.kommune.no;ida.maeland.amundsen@bomlo.kommune.no	5/24/2022 10:42:42 AM	2	NOR01-06	\N	\N
16	KscAkz-TpEm4xhFnVncL-A	2022-05-26	Element 1	Naturfag	heifos@kvam.kommune.no;frsa@kvam.kommune.no;svfy@kvam.kommune.no;eliaar@kvam.kommune.no	5/25/2022 9:58:09 AM	1	NAT01-04	\N	\N
5	kI6lMANlb0WK0MeJ7xZmYw	2022-05-26	Gladmatte	Matematikk 1.–10. trinn	bhso@udir.no	5/25/2022 11:54:05 AM	4	MAT01-05	\N	\N
26	oWf42pZRhEOhILATD0Hbhw	2022-06-10	Mattemagisk	Matematikk 1.–10. trinn	Fredrik.Christensen@bomlo.kommune.no;Linn.Marit.Halleraker@bomlo.kommune.no;83133@bomlo.kommune.no	5/25/2022 12:15:47 PM	4	MAT01-05	\N	\N
28	jq2K6jtK70KvPMP1-g6wDw	2022-06-02	Engelsk Cappelen Damm	Engelsk	Linn.cathrine.sodal@kristiansand.kommune.no;Ragnhild.maria.oye.viken@kristiansand.kommune.no;Siren.Hartmark.Fjukstad@kristiansand.kommune.no	5/25/2022 1:31:30 PM	1	ENG01-04	\N	\N
28	UTbaWXOPoEm0gg75xF1p0w	2022-06-02	Quest	Engelsk	Hedvig.gronvold@kristiansand.kommune.no;Vegard.Berg2@kristiansand.kommune.no;Nancy.Ann.Mathisen@kristiansand.kommune.no;Ole.Mathis.Grimstad@kristiansand.kommune.no	5/25/2022 1:33:22 PM	1	ENG01-04	\N	\N
28	-4nQciwINUunfBWX1TIvLg	2022-06-02	SALTO Gyldendal 5-7	Norsk	marius.pedersen@kristiansand.kommune.no;Thor.Einar.Ekberg@kristiansand.kommune.no	5/25/2022 1:40:20 PM	1	NOR01-06	\N	\N
28	69yxn6ld-EaG3laKHjsDxA	2022-06-02	Norsk Cappelen Damm	Norsk	Amalie.falkum@kristiansand.kommune.no;Annette.w.gjerseth@kristiansand.kommune.no	5/25/2022 1:41:49 PM	1	NOR01-06	\N	\N
28	ZF3bvU7T9ECVbhDNWRg29g	2022-06-02	Zeppelin 1-4	Norsk	Janne.lillian.hoel.nilsen@kristiansand.kommune.no;Hanne.herum.bakken@kristiansand.kommune.no	5/25/2022 1:50:26 PM	1	NOR01-06	\N	\N
28	snhFQzT0YEm149Ha-0OtlA	2022-06-02	Ordriket 1-4	Norsk	Cathrine.jacobsene@kristiansand.kommune.no	5/25/2022 1:51:34 PM	1	NOR01-06	\N	\N
28	pPMG5oT_d0SEg2a_FhOpMQ	2022-06-02	Norsk 1 og skolen	Norsk	Kirsti.myhre@kristiansand.kommune.no;Aina.lovdal.kindervaag@kristiansand.kommune.no	5/25/2022 1:53:02 PM	1	NOR01-06	\N	\N
28	0vF06PTGXESm2Lj9Ty1nwQ	2022-06-02	Minecraft Education	Matematikk 1.–10. trinn	Cato.jakobsen@kristiansand.kommune.no;magnus.larsen@kristiansand.kommune.no	5/25/2022 1:56:33 PM	1	MAT01-05	\N	\N
28	qryJ-D_bsU6yJkc7fjBGlQ	2022-06-02	Numetry	Matematikk 1.–10. trinn	Runo.G.Kvas@kristiansand.kommune.no;Thomas.gjellestad@kristiansand.kommune.no	5/25/2022 1:58:26 PM	1	MAT01-05	\N	\N
28	TSoeoTBIJ0Cc_Lt43jl_6g	2022-06-02	Matematikk Cappelen Damm	Matematikk 1.–10. trinn	Svein.arild.syvertsen@kristiansand.kommune.no;Atle.jakobsen@kristiansand.kommune.no	5/25/2022 2:00:26 PM	1	MAT01-05	\N	\N
28	F9nDh8xvA0Gc63KBOTy1tQ	2022-06-02	CDU skolen Samfunnsfag	Samfunnsfag	Marthe.skahjem@kristiansand.kommune.no	5/25/2022 2:07:22 PM	1	SAF01-04	\N	\N
28	nnhwGrbmhUC6L9NEsaqeXg	2022-06-02	Refleks samfunnsfag	Samfunnsfag	Oivind.nardal@kristiansand.kommune.no	5/25/2022 2:09:02 PM	1	SAF01-04	\N	\N
28	IYp3PAGWv0ClFPJua_Whgw	2022-06-02	CDU skolen naturfag	Naturfag	Kirsten.stangenes@kristiansand.kommune.no;Marte.marie.johannessen@kristiansand.kommune.no;Marianne.husebye.andersen@kristiansand.kommune.no	5/25/2022 2:10:42 PM	1	NAT01-04	\N	\N
28	pbpJo586qEmh5ewZjvR5gA	2022-06-02	Refleks Naturfag	Naturfag	kristian.engebretsen@kristiansand.kommune.no;Erik.martinsen@kristiansand.kommune.no	5/25/2022 2:12:16 PM	1	NAT01-04	\N	\N
28	ojIesQx1r0SrBOMugOLr9w	2022-06-02	CDU skolen naturfag	Naturfag	Kjetil.Johansen@kristiansand.kommune.no	5/25/2022 2:17:58 PM	1	NAT01-04	\N	\N
28	ia0ZUkbJ4kiOcDScfm8LLg	2022-06-02	Matematikk Cappelen Damm	Matematikk 1.–10. trinn	Petter.Nordhus@kristiansand.kommune.no	5/25/2022 2:19:54 PM	1	MAT01-05	\N	\N
16	qkR20HzX2U2yn5t2d7bEew	2022-06-01	Element 3	Naturfag	svfy@kvam.kommune.no;eliaar@kvam.kommune.no;frsa@kvam.kommune.no;lindjo@kvam.kommune.no	5/30/2022 11:28:43 AM	1	NAT01-04	\N	\N
34	mXZ8c9hR_02C_eN18j9PKA	2022-06-07	Aschehoug Univers: Matemagisk	Matematikk 1.–10. trinn	Per.Harald.Gjerde@bomlo.kommune.no;Laila.Saeverud@bomlo.kommune.no;lisbeth.solheim@bomlo.kommune.no;Aasbjorg.Husevik@bomlo.kommune.no;Signe.Strand.Dorheim@bomlo.kommune.no;Anne.Grete.Espevik@bomlo.kommune.no;Malin.Aga.Glaerum@bomlo.kommune.no;Kari.Janne.Helleve.Habbestad@bomlo.kommune.no;Anne.Laurentse.Ljosdal@bomlo.kommune.no;Asmund.Nesse@bomlo.kommune.no	5/30/2022 12:43:44 PM	4	MAT01-05	\N	\N
3	fxqzPiryQUSq-XmiEqxkpg	2022-06-10	test	Naturfag	bjorn.hakon.solberg@udir.no	5/31/2022 11:33:06 AM	1	NAT01-04	\N	\N
42	95tEHuK0rk-vVI1hnDdscQ	2022-06-30	Link	Engelsk	Thor.Oyvind.Nilsen@tromso.kommune.no;Pal.Arild.Larsen@tromso.kommune.no;Anna.Lukaszek@tromso.kommune.no;Runar.Rognmo@tromso.kommune.no;Charlotte.Hansen.Knudsen@tromso.kommune.no;Annicken.With.Eidsmo@tromso.kommune.no	5/31/2022 12:33:42 PM	3	ENG01-04	\N	\N
42	4YUlzkkqPkO-8zzpwb83nQ	2022-06-02	Engelsk	Engelsk	Annicken.With.Eidsmo@tromso.kommune.no;Thor.Oyvind.Nilsen@tromso.kommune.no;Pal.Arild.Larsen@tromso.kommune.no;Anna.Lukaszek@tromso.kommune.no;Charlotte.Hansen.Knudsen@tromso.kommune.no;Runar.Rognmo@tromso.kommune.no	5/31/2022 12:36:59 PM	3	ENG01-04	\N	\N
28	70Nf648xc0iVaGFY8hBGzA	2022-06-02	Norsk 1 og skolen	Norsk	Aina.lovdal.kindervaag@kristiansand.kommune.no	5/31/2022 1:45:36 PM	1	NOR01-06	\N	\N
60	pjg8hn5WskKKrzE5VJVTpg	2022-12-31	Dypdykk i algebra	Matematikk 1.–10. trinn	brian.jorgensen@osloskolen.no;kjersti.bjonness@osloskolen.no	6/7/2022 4:43:01 PM	4	MAT01-05	\N	\N
61	grLoC_xZzU6IomONszHOBg	2022-06-22	Norsk	Norsk	hanne.stenbakk@tromso.kommune.no	6/7/2022 5:14:38 PM	2	NOR01-06	1.1,1.2,1.11,2.4,3.1,3.2,3.3,3.4,3.5	\N
62	PPXK2mi9XESsr9X_TCBfJA	2022-06-09	Fabel	Norsk	frode.boe@sandnes.kommune.no	6/8/2022 8:09:18 AM	2	NOR01-06	\N	\N
63	9ZK66k1Qf0-v2JgyDjp7vg	2022-06-10	Norsk Cappelen damm	Norsk	line.horgen@ou.trondheim.kommune.no	6/9/2022 3:41:57 PM	2	NOR01-06	\N	\N
3	7CpSLn_nUEeoBAi-O69QkA	2022-06-17	Læremiddel 130622	Mat og helse	bjorn.hakon.solberg@udir.no;bjrnhknslbrg@gmail.com	6/13/2022 8:10:47 AM	1	MHE01-02	1.1,2.1,3.1	\N
7	rZ35FW-sqEyPvZdIM4JnJA	2022-06-25	Altinn kaffe	Mat og helse, samisk plan	mathias.meier.nilsen@udir.no	6/23/2022 7:01:18 AM	1	MHE02-02	\N	\N
5	ZeOiIDPzeEyCoICUuQqrXA	2022-07-04	test	Naturfag	onl@udir.no	7/1/2022 8:05:49 AM	1	NAT01-04	\N	\N
8	_Sy5C1fJaEKEU3pBWMcLRg	2022-07-01	sdfghshsfgh	Fordypning i engelsk	lgi@udir.no	7/1/2022 8:26:32 AM	4	ENG03-02	\N	\N
7	HN3qGSKxn0GE54PROvrkjg	2022-07-21	test	Kvensk eller finsk som andrespråk	mathias.meier.nilsen@udir.no	7/20/2022 7:39:52 AM	4	KEF01-01	\N	\N
3	mJCI2hRyzkONwslLqR-ZDQ	2022-08-10	Test 080822	Musikk	bjrnhknslbrg@gmail.com	8/8/2022 8:08:53 AM	1	MUS01-02	\N	\N
7	RP5qj8cAc0qAXnMkNSmyag	1900-01-02	test testesen	Musikk	mathias.meier.nilsen@udir.no	8/11/2022 7:08:29 AM	1	MUS01-02	\N	\N
67	MXiUZ2DskUufMaeMorPWIQ	2022-11-01	Engelsk	Engelsk	Mats-Ehrnholm.Gynnild@malvik.kommune.no	8/15/2022 5:58:16 AM	3	ENG01-04	\N	\N
68	5SlM_Mq3PkS2azqFOTzyvw	2022-08-19	Spansk	Fremmedspråk	hege.solberg@malvik.kommune.no	8/15/2022 7:17:37 AM	1	FSP01-02	\N	\N
42	R9jJygzrtECB0OXrJGG4Vg	2022-08-18	engelsk	Engelsk	hildegunn.elvestad@tromso.kommune.no	8/17/2022 10:32:06 AM	3	ENG01-04	\N	\N
73	EWLH_bnXIEy-JJ0mM1tvqg	2023-05-19	Cappelen Damm Norsk	Norsk	hansmed@granskole.no;marmath@granskole.no	8/24/2022 4:10:03 PM	2	NOR01-06	1.2,1.11,3.1,3.2	\N
75	cMAGV3aD9kikJ0OjkNt6nA	2022-09-01	Matematikk	Matematikk 1.–10. trinn	janne.kristine.johansen@tromso.kommmune.no	8/31/2022 11:10:40 AM	4	MAT01-05	\N	\N
79	6dWvw07C_EGDWiTE450Tfg	2022-11-04	Salto 5-7	Norsk	solvar.b.lilleng@folldal.kommune.no	9/8/2022 10:41:36 AM	2	NOR01-06	\N	\N
79	ZjdzCiybE0Cn7DzABbaopQ	2022-11-04	Kontekst 8-10 Ny utgave	Norsk	solvi.nordeng@folldal.kommune.no	9/8/2022 10:43:08 AM	2	NOR01-06	\N	\N
79	pdIV19Kb30iYU0-yKmfMhw	2022-11-04	Salto 5-7	Norsk	solvar.b.lilleeng@folldal.kommune.no	9/8/2022 10:46:10 AM	2	NOR01-06	\N	\N
85	fRpOuCvZ00uu8beH2ajjgw	2022-10-31	Matematikk	Matematikk 1.–10. trinn	Kristin.tjelle@stavangerskolen.no	9/13/2022 12:10:23 PM	4	MAT01-05	\N	\N
86	zKZWrHDHAkyaNaYTi7yrcg	2022-09-21	Fabel 	Norsk	eirin.tollaksen.oldeide@stavangerskolen.no;steffen.dahl.boifot@stavangerskolen.no;thomas.hamre@stavangerskolen.no;sverre.ur.storberget@stavangerskolen.no	9/13/2022 12:11:42 PM	2	NOR01-06	\N	\N
85	rNGyuZKYg0KR4d-0ytM_pA	2022-10-31	Matemagisk	Matematikk 1.–10. trinn	anna.kristine.forre@stavangerskolen.no;tove.j.mork@stavangerskolen.no;sissel.sveren.osterbo@stavangerskolen.no;astrid.norheim@stavangerskolen.no;emilie.borresen@stavangerskolen.no;ingrid.bygdevoll.ormoy@stavangerskolen.no	9/13/2022 12:25:14 PM	4	MAT01-05	\N	\N
87	ueztiYdu6065vZhOfmjJ7g	2022-09-30	Naturfag	Naturfag	tove.j.mork@stavangerskolen.no;anna.kristine.forre@stavangerskolen.no;astrid.norheim@stavangerskolen.no;ingrid.bygdevoll.ormoy@stsavnngerskolen.no	9/13/2022 12:40:12 PM	1	NAT01-04	\N	\N
3	0cZ9QPrOVkiCdXE1lrNrZw	2022-09-30	Test internjuridisk	Musikk	ana.rita.silva@udir.no;Ingrid.Stark.Husby@udir.no;Lene.Frang@udir.no	9/19/2022 8:39:00 AM	1	MUS01-02	\N	\N
79	iuAZfi26PUeV5MT89Fj81w	2022-10-30	Salto 5-7	Norsk	marit.eide@folldal.kommune.no;solvar.b.lilleeng@folldal.kommune.no;espen.vestby.moseng@folldal.kommune.no;marius.sjovold.markhus@folldal.kommune.no	9/20/2022 12:12:03 PM	2	NOR01-06	\N	\N
79	kMz9fGogT0KuAIGHhZbVNA	2022-10-30	Multi 5-7	Matematikk 1.–10. trinn	marit.eide@folldal.kommune.no;anne.helga.b.oian@folldal.kommune.no;thor-hakon.lokken@folldal.kommune.no;elin.odden@folldal.kommune.no	9/20/2022 12:16:43 PM	4	MAT01-05	\N	\N
79	oJ5bo-fvpEChesb07xouKw	2022-10-30	Explore 5-7	Engelsk	espen.vestby.moseng@folldal.kommune.no;marius.sjovold.markhus@folldal.kommune.no;mari.laul.ugelstad@folldal.kommune.no;oyvind.oien@folldal.kommune.no	9/20/2022 12:18:48 PM	3	ENG01-04	\N	\N
79	b0nGXbz6zk6mLDuZJ3YYrg	2022-10-30	Norsk 5-7	Norsk	marit.eide@folldal.kommune.no;solvar.b.lilleeng@folldal.kommune.no;marius.sjovold.markhus@folldal.kommune.no;espen.vestby.moseng@folldal.kommune.no	9/20/2022 12:25:24 PM	2	NOR01-06	\N	\N
79	SrsYBUhkmUqTedVvV2RBlQ	2022-10-30	Matematikk 5-7	Matematikk 1.–10. trinn	thor.hakon.lokken@folldal.kommune.no;anne.helga.b.oian@folldal.kommune.no;marit.eide@folldal.kommune.no;elin.odden@folldal.kommune.no	9/20/2022 12:27:07 PM	4	MAT01-05	\N	\N
79	u23-vaTvIUiySh5XLWaVtw	2022-10-30	Engelsk 5-7 	Engelsk	marius.sjovold.markhus@folldal.kommune.no;espen.vestby.moseng@folldal.kommune.no;oivind.oien@folldal.komune.no;mari.laul.ugelstad@folldal.kommune.no	9/20/2022 12:28:06 PM	3	ENG01-04	\N	\N
79	6gTFqFYib0KS1CRYjgsyhg	2022-10-30	Fabel 5-7	Norsk	marit.eide@folldal.kommune.no;solvar.b.lilleeng@folldal.kommune.no;marius.sjovold.markhus@folldal.kommune.no;espen.vestby.moseng@folldal.kommune.no	9/20/2022 12:32:16 PM	2	NOR01-06	\N	\N
79	hXa3Ad7Txkyj9U8LdRJCVw	2022-10-30	Matemagisk 5-7	Matematikk 1.–10. trinn	thor.hakon.lokken@folldal.kommune.no;anne.helga.b.oian@folldal.kommune.no;marit.eide@folldal.kommune.no;elin.odden@folldal.kommune.no	9/20/2022 12:34:14 PM	4	MAT01-05	\N	\N
79	iRCq68mwc0yHe41KzhGFaQ	2022-10-30	Quest 5-7	Engelsk	marius.sjovold.markhus@folldal.kommune.no;espen.vestby.moseng@folldal.kommune.no;oivind.oien@folldal.komune.no;mari.laul.ugelstad@folldal.kommune.no	9/20/2022 12:36:43 PM	3	ENG01-04	\N	\N
94	QIE1qDItp06vE9ejU_57Og	2022-10-31	Stages 9	Engelsk	linn.castro@skaun.kommune.no;ragnhild.grotli.ulseth@skaun.kommune.no	9/20/2022 12:46:22 PM	3	ENG01-04	\N	\N
79	A1a8WIg8AE-k0uLDXIVFyw	2022-10-30	Kontekst 8-10	Norsk	henny.oddveig.kveen.brustad@folldal.kommune.no;bente.fossum@folldal.kommune.no;solvi.nordeng@folldal.kommune.no;bente.kristoffersen@folldal.kommune.no	9/20/2022 12:56:50 PM	2	NOR01-06	\N	\N
79	fY9_xjoFIUqFYZ9p_ww7Vg	2022-10-30	Norsk 8-10	Norsk	henny.oddveig.kveen.brustad@folldal.kommune.no;bente.fossum@folldal.kommune.no;solvi.nordeng@folldal.kommune.no;bente.kristoffersen@folldal.kommune.no	9/20/2022 12:57:34 PM	2	NOR01-06	\N	\N
79	lYfGA8kosECc2Oyf_8DrWw	2022-10-30	Fabel 8-10	Norsk	henny.oddveig.kveen.brustad@folldal.kommune.no;bente.fossum@folldal.kommune.no;solvi.nordeng@folldal.kommune.no;bente.kristoffersen@folldal.kommune.no	9/20/2022 12:58:16 PM	2	NOR01-06	\N	\N
79	1jDdwtkEDUmNk6c0NCqDgQ	2022-10-30	Relevans 8-10	Samfunnsfag	henny.oddveig.kveen.brustad@folldal.kommune.no;bente.fossum@folldal.kommune.no;solvi.nordeng@folldal.kommune.no;helle.lie.jakobsen@folldal.kommune.no	9/20/2022 12:59:07 PM	1	SAF01-04	\N	\N
79	lWmgRN_dAUWNwrpVWIX1Og	2022-10-30	Samfunnsfag 8-10	Samfunnsfag	henny.oddveig.kveen.brustad@folldal.kommune.no;bente.fossum@folldal.kommune.no;solvi.nordeng@folldal.kommune.no;helle.lie.jakobsen@folldal.kommune.no	9/20/2022 12:59:51 PM	1	SAF01-04	\N	\N
79	JDG-WZgfd0KlQCpv2B-U6A	2022-10-30	Arena 8-10	Samfunnsfag	henny.oddveig.kveen.brustad@folldal.kommune.no;bente.fossum@folldal.kommune.no;solvi.nordeng@folldal.kommune.no;helle.lie.jakobsen@folldal.kommune.no	9/20/2022 1:00:31 PM	1	SAF01-04	\N	\N
79	KEYx13qquk2hj5JpFRlCpA	2022-10-30	Element 8-10	Naturfag	hakon-edvard.nesset@folldal.kommune.no;thor-hakon.lokken@folldal.komune.no;bente.kristoffersen@folldal.kommune.no	9/20/2022 1:01:19 PM	1	NAT01-04	\N	\N
79	S4byIfdIjUGvquaREVzSrA	2022-10-30	Naturfag 8-10	Naturfag	hakon-edvard.nesset@folldal.kommune.no;thor-hakon.lokken@folldal.komune.no;bente.kristoffersen@folldal.kommune.no	9/20/2022 1:02:03 PM	1	NAT01-04	\N	\N
79	ik5isMPmjkKzmpqtQxaK2A	2022-10-30	Solaris 8-10	Naturfag	hakon-edvard.nesset@folldal.kommune.no;thor-hakon.lokken@folldal.komune.no;bente.kristoffersen@folldal.kommune.no	9/20/2022 1:02:46 PM	1	NAT01-04	\N	\N
7	YwbIH3e-S0iYJOrgGHh67A	1900-01-04	VFKL - qliksense prod test	Duodji	mathias.meier.nilsen@udir.no	9/23/2022 7:24:46 AM	3	KHV02-02	\N	\N
101	1nNkna7TGkqQTfNvNUml8w	2022-10-28	Campus Inkrement	Matematikk 1.–10. trinn	sindre.magnus.jacobsen@gmail.com	10/7/2022 9:54:29 AM	4	MAT01-05	\N	\N
79	6RUOk4zPfEyawoailVqPvg	2022-10-30	Matematikk 5-7	Matematikk 1.–10. trinn	bard.havard.solli@folldal.kommune.no	10/10/2022 5:31:15 AM	4	MAT01-05	\N	\N
79	77rS-HPpXUiKDP_QtMuVPw	2022-10-30	Matemagisk 5-7	Matematikk 1.–10. trinn	thor-hakon.lokken@folldal.kommune.no	10/10/2022 5:32:36 AM	4	MAT01-05	\N	\N
79	-RJaWfeqgUy9i_BY4TAN4Q	2022-10-30	Matematikk 5-7	Matematikk 1.–10. trinn	thor-hakon.lokken@folldal.kommune.no	10/10/2022 5:43:07 AM	4	MAT01-05	\N	\N
7	ZfJNhtEjjUKy-h7s2vxskQ	2022-10-22	test	Grunnleggende norsk for språklige minoriteter	mathias.meier.nilsen@udir.no	10/13/2022 12:18:05 PM	1	NOR07-02	\N	\N
7	UJRCZUJX4UuDhOF09FT_-Q	2022-10-20	Workshop1710	Mat og helse, samisk plan	mathias.meier.nilsen@udir.no	10/17/2022 8:48:06 AM	1	MHE02-02	\N	\N
79	3SoMCIx6o0uTUUXZ8UsVsA	2022-10-30	Eureka! Naturfag 8-10	Naturfag	bard.havard.solli@folldal.kommune.no	10/17/2022 10:25:37 AM	1	NAT01-04	\N	\N
79	Os62jWLTHky21IOijpdNvw	2022-10-30	Naturfag 8-10	Naturfag	bard.havard.solli@folldal.kommune.no	10/17/2022 10:26:53 AM	1	NAT01-04	\N	\N
79	8D-A79qNpEO7p9h4VdqzKQ	2022-10-30	Solaris 8-10	Naturfag	bard.havard.solli@folldal.kommune.no	10/17/2022 10:27:59 AM	1	NAT01-04	\N	\N
104	XgADr5exBkikxi9Jn90YOA	2022-10-28	Quest	Engelsk	mona.skogen-svihus@stavangerskolen.no;vetle.tonne@stavangerskolen.no;stine.sjursen.log@stavangerskolen.no	10/18/2022 12:52:16 PM	3	ENG01-04	\N	\N
2	eQq7J-4UgEuU2Qfm4nQkLw	2022-10-22	Testerboka	Glassblåserfaget	bjorn.hakon.solberg@udir.no;;alexandra.vedeler@accenture.com	10/19/2022 8:27:45 AM	1	GBF03-01	1.2,2.3,2.5,2.6,3.6,3.7,3.8	\N
7	PUBy8TBadkOKUY4vGCpVFQ	2022-10-14	test	Matematikk 1.–10. trinn	bjorn.hakon.solberg@udir.no;mathias.meier.nilsen@udir.no;alexandra.vedeler@accenture.com	10/19/2022 8:40:59 AM	1	MAT01-05	\N	\N
106	Az3W6koe1UqGi72HUuaexA	2022-10-27	Norsk for matematikere	Matematikk 1.–10. trinn	erlend.thune@bouvet.no	10/20/2022 6:38:33 AM	4	MAT01-05	\N	\N
3	CuXCn5-rnUqRsIT7KFxekA	2022-10-28	Test 261022	Kvensk eller finsk som andrespråk	bjorn.hakon.solberg@udir.no	10/26/2022 7:29:29 AM	1	KEF01-01	1.2,1.3,1.4,2.2,2.3,2.4,2.5,2.6,3.2,3.3,3.4,3.5,3.6,3.7,3.8	\N
2	KFaCt4COj0CC8H077Li_yA	2022-11-18	Salaby 1-7	Matematikk 1.–10. trinn	d.a.gopalswamy@accenture.com	10/28/2022 7:36:54 AM	4	MAT01-05	\N	\N
2	_nmaT0mi90qyoZT8wNzDRA	2022-11-17	Naturfag 1	Naturfag	d.a.gopalswamy@accenture.com;alexandra.vedeler@accenture.com	10/28/2022 7:43:18 AM	1	NAT01-04	\N	\N
114	uLefFHWeB06UpSFayJ1z_A	2022-11-04	Naturfag Cappelen Damm	Naturfag	gaute.solberg.aasebostol@trondheim.kommune.no;ragnhild-vesteng.andersen@trondheim.kommune.no;joachim.berg-jensen@trondheim.kommune.no;marita.hestnes@trondheim.kommune.no;sophie.munkejord@trondheim.kommune.no;rune.ratdal@trondheim.kommune.no;kristin.reitstoen@trondheim.kommune.no	10/31/2022 2:20:30 PM	1	NAT01-04	\N	\N
115	RTbyxzR_Bkm31HCrPe0VPw	2022-11-16	Norsk Salto og cappelen damm Norsk	Norsk	gsb@edu.hamar.kommune.no	11/1/2022 12:00:50 PM	2	NOR01-06	\N	\N
117	u4usJgRVpU6szrsw9P8kZw	2022-11-30	Multi	Matematikk 1.–10. trinn	Mihaiela-Maria.Austveg@asker.kommune.no;Adrian.Langleite.Miyata-Jancey@asker.kommune.no;Thomas.Kaasa@asker.kommune.no;Lise.Luca.Volent.Lindberg@asker.kommune.no	11/9/2022 12:25:07 PM	4	MAT01-05	\N	\N
117	IiSseb_VkEyxrQqHgT1X9Q	2022-11-30	Matematikk	Matematikk 1.–10. trinn	Kari.Therese.Waitz@asker.kommune.no;Mihaiela-Maria.Austveg@asker.kommune.no;Adrian.Langleite.Miyata-Jancey@asker.kommune.no;Thomas.Kaasa@asker.kommune.no;Lise.Luca.Volent.Lindberg@asker.kommune.no	11/9/2022 12:26:42 PM	4	MAT01-05	\N	\N
117	OqgieetLrkavNeVZAq8UOw	2022-11-30	Matemagisk	Matematikk 1.–10. trinn	Kari.Therese.Waitz@asker.kommune.no;Mihaiela-Maria.Austveg@asker.kommune.no;Adrian.Langleite.Miyata-Jancey@asker.kommune.no;Thomas.Kaasa@asker.kommune.no;Lise.Luca.Volent.Lindberg@asker.kommune.no	11/9/2022 12:27:46 PM	4	MAT01-05	\N	\N
117	yXBwgXclYESsqKz4_8KSJw	2022-11-30	Volum	Matematikk 1.–10. trinn	Kari.Therese.Waitz@asker.kommune.no;Mihaiela-Maria.Austveg@asker.kommune.no;Adrian.Langleite.Miyata-Jancey@asker.kommune.no;Thomas.Kaasa@asker.kommune.no;Lise.Luca.Volent.Lindberg@asker.kommune.no	11/9/2022 12:28:34 PM	4	MAT01-05	\N	\N
118	t0GsuvUfWUqF27syqr8FkQ	2022-11-23	Gyldendal	Norsk	Margrethe.Aune@nes.kommune.no	11/16/2022 9:31:13 AM	2	NOR01-06	\N	\N
118	DL5uOUpCMUKUc7iq8tYG9A	2022-11-23	Gyldendal	Matematikk 1.–10. trinn	Solveig-Anita.Pettersen@nes.kommune.no	11/16/2022 9:34:26 AM	4	MAT01-05	\N	\N
118	rb8jsA5OE0SUw-Oci0kEQg	2022-11-23	Gyldendal	Engelsk	Christina.Solli@nes.kommune.no	11/16/2022 9:36:48 AM	3	ENG01-04	\N	\N
118	g7dtCkRGOUqNMjTZmhnEBQ	2022-12-07	Gyldendal Multi 5-7	Matematikk 1.–10. trinn	Knut.Gunnar.Stoyle@nes.kommune.no	11/23/2022 8:22:02 AM	4	MAT01-05	\N	\N
118	LQUZ6H8ibEmS9xDRqSaOdg	2022-12-08	Cappelen Damm Engelsk 	Engelsk	Christina.Solli@nes.kommune.no	11/23/2022 10:22:34 AM	3	ENG01-04	\N	\N
125	TLu6RapCVUOU4gNJKcUKIg	2022-12-31	Tester ny versjon i prod 05.12.2022	Kristendom, religion, livssyn og etikk (KRLE), samisk plan	alexandra.vedeler@accenture.com	12/5/2022 9:58:42 AM	1	RLE02-03	1.4,2.4,2.5,2.6,3.5,3.6,3.7,3.8	Accenture
3	NMQQQxRuqU62CMIHZFYWUA	2022-12-10	Test 060222	Matematikk 1.–10. trinn	bjorn.hakon.solberg@udir.no;bjrnhknslbrg@gmail.com	12/6/2022 11:52:43 AM	1	MAT01-05	\N	Testleverandør 060222
126	0vr_kl_1HkaMRH4-5fzAfQ	2023-02-28	Salto	Norsk	Gunhild.tjernstad@nes.kommune.no;Tommy.holmen@nes.kommune.no;Ingvild.Bratland.holt@nes.kommune.no	1/25/2023 12:38:20 PM	2	NOR01-06	\N	Gyldendal
2	861uEgTSYE61_dReQPT4lQ	2022-04-29	Naturfag 1	Naturfag (NAT01-04)	d.a.gopalswamy@accenture.com	4/19/2022 8:55:17 AM	\N	\N	\N	\N
2	R_NBuq01iUOVPtXiaVakvQ	2022-04-21	Salaby 1-7	Engelsk (ENG01-04)	d.a.gopalswamy@accenture.com	4/18/2022 6:07:05 PM	\N	\N	\N	\N
127	f0Dru_jh6UaVV2K12HR0FA	2022-05-31	Test	- Ingen spesifikk læreplan -	alexandra.vedeler@accenture.com	5/4/2022 10:00:45 AM	\N	\N	\N	\N
127	Fctaey_-D0eUQxM4yubMKg	2022-04-20	Vi tester sammen	Valgfaget utvikling av produkter og tjenester (PVT01-02)	Erlend.Thune@udir.no;d.a.gopalswamy@udir.no;bjorn.hakon.solberg@udir.no;mathias.meier.nilsen@udir.no	4/19/2022 2:23:10 PM	\N	\N	\N	\N
127	wVEg1V9rEE6hYR6TYK7QBQ	2022-04-30	test	Musikk (MUS01-02)	alexandra.vedeler@accenture.com	4/19/2022 2:10:10 PM	\N	\N	\N	\N
127	dgGfGBgUnUmAjnZSI-aBsg	2022-04-30	Geogebra	Kroppsøving  (KRO01-05)	alexandra.vedeler@accenture.com	4/19/2022 1:17:11 PM	\N	\N	\N	\N
127	d3Ce98LXE06k2Va9BXJbFg	2022-04-30	Geogebra	Mat og helse, samisk plan (MHE02-02)	alexandra.vedeler@accenture.com	4/19/2022 12:44:36 PM	\N	\N	\N	\N
127	JJfinMnryUq3MUoH9x1JbQ	2022-04-30	Geogebra	Musikk (MUS01-02)	alexandra.vedeler@accenture.com	4/19/2022 10:10:56 AM	\N	\N	\N	\N
127	LXuriL3Q7kqpmlUuKMvaeg	2022-04-30	Geogebra	Mat og helse (MHE01-02)	alexandra.vedeler@accenture.com	4/19/2022 10:06:27 AM	\N	\N	\N	\N
127	zKPFqUWi4kyP8umh08ZqkQ	2022-04-30	Geogebra	Engelsk (ENG01-04)	alexandra.vedeler@accenture.com	4/19/2022 10:04:27 AM	\N	\N	\N	\N
127	Ot0ZiFvajkajV-Sc5Qcz7w	2022-04-30	Geogebra	Kvensk eller finsk som andrespråk (KEF01-01)	alexandra.vedeler@accenture.com	4/19/2022 9:53:41 AM	\N	\N	\N	\N
127	Bu1YggNGRESa7CXdXBK43A	2022-04-30	Geogebra	Matematikk 1.–10. trinn (MAT01-05)	alexandra.vedeler@accenture.com	4/19/2022 9:51:58 AM	\N	\N	\N	\N
127	BMEffzCpvkChPNwS0R22mA	2022-04-30	Geogebra	Kristendom, religion, livssyn og etikk (KRLE), samisk plan (RLE02-03)	alexandra.vedeler@accenture.com	4/19/2022 8:47:48 AM	\N	\N	\N	\N
127	HHlpF-Wjh0KoWoEAti8R2g	2022-04-30	Naturboka	Fordypning i norsk (NOR06-02)	alexandra.vedeler@accenture.com	4/19/2022 8:37:21 AM	\N	\N	\N	\N
4	OhuPbjriJEWVwqJafXOwtQ	2022-04-29	Matte for andre	Fordypning i engelsk (ENG03-02)	eth@udir.no	4/26/2022 1:10:31 PM	\N	\N	\N	\N
4	QUKxtYhsnUGWJjYE_DzCKg	2022-04-27	Digiær.no	Matematikk 1.–10. trinn (MAT01-05)	erlend.thune@udir.no	4/20/2022 8:17:57 AM	\N	\N	\N	\N
4	QJ6DOGr-wkSRDSbdDqEflg	2022-04-26	Erlends matematikkbok	Matematikk 1.–10. trinn (MAT01-05)	erlend.thune@udir.no	4/19/2022 8:32:10 PM	\N	\N	\N	\N
3	M4aihYaM7E-cZ0l7BB4WhQ	2022-05-15	Salaby 5-7 Samfunnsfag	Samfunnsfag (SAF01-04)	bjorn.hakon.solberg@udir.no;bjrnhknslbrg@gmail.com	5/8/2022 7:33:54 PM	\N	\N	\N	\N
3	5ppUPw3_VEi8YmZ7iKRf-Q	2022-05-04	test	Morsmål for språklige minoriteter (NOR08-02)	bjorn.hakon.solberg@udir.no	5/2/2022 8:49:12 AM	\N	\N	\N	\N
3	ci_0-pDUIkuhlCChXudrCQ	2022-04-28	Test 270422	Musikk (MUS01-02)	bjorn.hakon.solberg@udir.no	4/27/2022 7:58:40 AM	\N	\N	\N	\N
128	T-ureqW6DkGw8w25S0_abQ	2022-05-05	Creaza Core	Samfunnsfag (SAF01-04)	caol@fredrikstad.kommune.no;ranofs@fredrikstad.kommune.no;simh@fredrikstad.kommune.no	4/21/2022 10:37:12 AM	\N	\N	\N	\N
128	Lmxf6Ui_JEq_ij_mAs8Bvw	2022-05-05	Campus Matte	Matematikk 1.–10. trinn (MAT01-05)	geiaug@fredrikstad.kommune.no;kxjo@fredrikstad.kommune.no;carsor@fredrikstad.kommune.no	4/21/2022 6:41:02 AM	\N	\N	\N	\N
130	wTPf5Z4UwEGMzVl5sVcqSA	2022-05-02	Aski Raski	Norsk (NOR01-06)	lbec@fredrikstad.kommune.no	4/26/2022 12:17:47 PM	\N	\N	\N	\N
130	br1lq5vRMkya5Qz8Ftd65w	2022-05-02	Skolestudio	Engelsk (ENG01-04)	evalaa@fredrikstad.kommune.no;tonnyb@fredrikstad.kommune.no	4/26/2022 12:16:44 PM	\N	\N	\N	\N
130	Nm85Hc-LtECNpPBUt46iqw	2022-05-02	Skolestudio	Norsk (NOR01-06)	tonnyb@fredrikstad.kommune.no	4/26/2022 12:14:19 PM	\N	\N	\N	\N
130	uppjFcLZhUS12VPRyIhYZA	2022-05-02	Skolestudio	Norsk (NOR01-06)	linhof@fredrikstad.kommune.no	4/26/2022 11:21:37 AM	\N	\N	\N	\N
130	vmVZ89LIWEmF7r0GIe_R3Q	2022-05-02	Skolestudio	Naturfag (NAT01-04)	tokp@fredrikstad.kommune.no	4/26/2022 8:37:54 AM	\N	\N	\N	\N
130	XpWsmTVxM0ySw9kLO1v8xw	2022-05-02	Aschehougs univers	Kristendom, religion, livssyn og etikk (KRLE) (RLE01-03)	mdah@fredrikstad.kommune.no	4/26/2022 8:36:42 AM	\N	\N	\N	\N
130	B1fmNuZjgkqJvGVn0jJCSg	2022-05-02	Aschehougs univers	Engelsk (ENG01-04)	silmoh@fredrikstad.kommune.no;mavi@fredrikstad.kommune.no	4/26/2022 8:35:05 AM	\N	\N	\N	\N
130	pzWs5cCxSU2ya661RXZLXw	2022-05-02	Aschehougs univers	Norsk (NOR01-06)	tpet@fredrikstad.kommune.no;ahvi@fredrikstad.kommune.no	4/26/2022 8:33:15 AM	\N	\N	\N	\N
130	isfIfFemHECqsSiQO27GCw	2022-05-02	Kikora	Matematikk 1.–10. trinn (MAT01-05)	lasfro@fredrikstad.kommune.no;tomand@fredrikstad.kommune.no	4/26/2022 8:31:04 AM	\N	\N	\N	\N
130	ueuyyw7o5Ua3bXQ0PGk3Cg	2022-05-02	Aski Raski	Norsk (NOR01-06)	akkj@fredrikstad.kommune.no	4/26/2022 8:28:00 AM	\N	\N	\N	\N
145	VzH3vClwPEejOszRJzZnog	2022-05-13	Skolen (Cappelen Dam)	- Ingen spesifikk læreplan -	aheg@fredrikstad.kommune.no;ttjo@fredrikstad.kommune.no;rutops@fredrikstad.kommune.no	5/5/2022 6:15:25 AM	\N	\N	\N	\N
1	VZ2QP-HK8Emc33jKYjdxzw	2022-05-10	Matte	Matematikk 1.–10. trinn (MAT01-05)	radha.rajagopalan@accenture.com	5/6/2022 10:23:46 AM	\N	\N	\N	\N
149	xeP0Nk9W9U65qqEWueSg7g	2023-02-28	Matematikk 5-10	Matematikk 1.–10. trinn	gcsilei@colegio.no;lskogen@colegio.no;hrasmussen@colegio.no;gctonho@colegio.no;gclivkl@colegio.no;gcteral@colegio.no;gcingjo@colegio.no	1/30/2023 2:07:19 PM	4	MAT01-05	\N	Gyldendal, Cappelen, Aschehoug
3	TZdDyUxkl0ytzlFjnAurwg	2023-02-04	Test vfkl prod 010223	Musikk	bjorn.hakon.solberg@udir.no;bjrnhknslbrg@gmail.com	2/1/2023 8:46:15 AM	2	MUS01-02	\N	Testlæremiddel
3	cY_Y9TlHSUuCfy-1oUqCsQ	2023-02-10	Test 080223	Matematikk 1.–10. trinn	bjorn.hakon.solberg@udir.no	2/8/2023 11:37:06 AM	1	MAT01-05	1.1	Leverandør 1
7	aMnAhH5n1UG0p7Z14_qkIw	2023-02-24	test 02.21	Kristendom, religion, livssyn og etikk (KRLE)	mathias.meier.nilsen@udir.no	2/21/2023 8:27:19 AM	1	RLE01-03	\N	Test 02.21
153	Av6wLHZvPkGpvGpQGe5c6Q	2023-02-24	lese	Fordypning i norsk	synko@udir.no	2/23/2023 1:08:59 PM	2	NOR06-02	3.1	Lese
156	D6LdhulImEyMA2tUn7FFqg	2023-03-22	Salto	Norsk	joaeli@skole.alstahaug.no;ingmof@skole.alstahaug.no;erlbal@skole.alstahaug.no	3/7/2023 12:22:27 PM	2	NOR01-06	1.12,2.4,3.1	Gyldendal
156	-ao7R_kkc0-oOjy_pCW6fA	2023-03-22	Fabel	Norsk	erlbal@skole.alstahaug.no	3/8/2023 8:15:33 AM	2	NOR01-06	1.12,2.4,3.1	Aschehoug
156	-92UuHlJyEKAtAsFZ1bJxQ	2023-03-22	Norsk 5.-7.	Norsk	joaeli@skole.alstahaug.no	3/8/2023 8:18:41 AM	2	NOR01-06	1.12,2.4,3.1	Cappelen Damm
156	LF1BUw8x3kCjOsWw7zhNBw	2023-03-22	Salto ny	Norsk	Joaeli@skole.alstahaug.no	3/8/2023 11:16:00 AM	2	NOR01-06	1.12,2.4,3.1	Gyldendal
156	ktcv6AsSWUWn1goqZvu6ew	2023-03-22	Fabel ny	Norsk	ingmof@skole.alstahaug.no	3/8/2023 11:18:17 AM	2	NOR01-06	1.12,2.4,3.1	Aschehoug
156	rg7g9eFx9E2xTRrGz8qVlQ	2023-03-22	Norsk 5.-7.	Norsk	erlbal@skole.alstahaug.no	3/8/2023 11:19:35 AM	2	NOR01-06	1.12,2.4,3.1	Cappelen Damm
158	-qD08LX1D026-LoMjjPDCQ	2023-03-31	Norsk 1-4; Salto 1-7; Fabel 1-7	Norsk	marianne.slupphaug@orkland.kommune.no	3/13/2023 3:19:51 PM	2	NOR01-06	\N	Aschehoug; Cappelen; Gyldendal
156	1qCcJSUDJ0ueAIi8KGtQxQ	2023-03-31	Salto	Norsk	Joaeli@skole.alsthaug.no	3/29/2023 8:23:01 AM	2	NOR01-06	2.4,3.1	Gyldendal
156	LOZm5ATThkmwgXb4qq11sA	2023-03-31	Fabel	Norsk	elimar1@skole.alstahaug.no	3/29/2023 8:24:33 AM	2	NOR01-06	2.4,3.1	Ascheoug
156	-lgZPSTLOEO113VF8iEcrg	2023-03-31	Norsk 5-7	Norsk	erlbal@skole.alstahaug.no	3/29/2023 8:25:23 AM	2	NOR01-06	2.4,3.1	Cappelen
\.


--
-- TOC entry 3848 (class 0 OID 25537)
-- Dependencies: 234
-- Data for Name: stage_invitations; Type: TABLE DATA; Schema: invitations; Owner: vfkladmin
--

COPY invitations.stage_invitations (user_id_fk, gv_id, frist, laeremiddel, laereplan, mottaker_eposter, opprettet_dato) FROM stdin;
1	R_NBuq01iUOVPtXiaVakvQ	2022-04-21	Salaby 1-7	Engelsk (ENG01-04)	d.a.gopalswamy@accenture.com	4/18/2022 6:07:05 PM
2	HHlpF-Wjh0KoWoEAti8R2g	2022-04-30	Naturboka	Fordypning i norsk (NOR06-02)	alexandra.vedeler@accenture.com	4/19/2022 8:37:21 AM
2	BMEffzCpvkChPNwS0R22mA	2022-04-30	Geogebra	Kristendom, religion, livssyn og etikk (KRLE), samisk plan (RLE02-03)	alexandra.vedeler@accenture.com	4/19/2022 8:47:48 AM
1	861uEgTSYE61_dReQPT4lQ	2022-04-29	Naturfag 1	Naturfag (NAT01-04)	d.a.gopalswamy@accenture.com	4/19/2022 8:55:17 AM
2	Bu1YggNGRESa7CXdXBK43A	2022-04-30	Geogebra	Matematikk 1.–10. trinn (MAT01-05)	alexandra.vedeler@accenture.com	4/19/2022 9:51:58 AM
2	Ot0ZiFvajkajV-Sc5Qcz7w	2022-04-30	Geogebra	Kvensk eller finsk som andrespråk (KEF01-01)	alexandra.vedeler@accenture.com	4/19/2022 9:53:41 AM
2	zKPFqUWi4kyP8umh08ZqkQ	2022-04-30	Geogebra	Engelsk (ENG01-04)	alexandra.vedeler@accenture.com	4/19/2022 10:04:27 AM
2	LXuriL3Q7kqpmlUuKMvaeg	2022-04-30	Geogebra	Mat og helse (MHE01-02)	alexandra.vedeler@accenture.com	4/19/2022 10:06:27 AM
2	JJfinMnryUq3MUoH9x1JbQ	2022-04-30	Geogebra	Musikk (MUS01-02)	alexandra.vedeler@accenture.com	4/19/2022 10:10:56 AM
2	d3Ce98LXE06k2Va9BXJbFg	2022-04-30	Geogebra	Mat og helse, samisk plan (MHE02-02)	alexandra.vedeler@accenture.com	4/19/2022 12:44:36 PM
2	dgGfGBgUnUmAjnZSI-aBsg	2022-04-30	Geogebra	Kroppsøving  (KRO01-05)	alexandra.vedeler@accenture.com	4/19/2022 1:17:11 PM
2	wVEg1V9rEE6hYR6TYK7QBQ	2022-04-30	test	Musikk (MUS01-02)	alexandra.vedeler@accenture.com	4/19/2022 2:10:10 PM
2	Fctaey_-D0eUQxM4yubMKg	2022-04-20	Vi tester sammen	Valgfaget utvikling av produkter og tjenester (PVT01-02)	Erlend.Thune@udir.no;d.a.gopalswamy@udir.no;bjorn.hakon.solberg@udir.no;mathias.meier.nilsen@udir.no	4/19/2022 2:23:10 PM
3	QJ6DOGr-wkSRDSbdDqEflg	2022-04-26	Erlends matematikkbok	Matematikk 1.–10. trinn (MAT01-05)	erlend.thune@udir.no	4/19/2022 8:32:10 PM
3	QUKxtYhsnUGWJjYE_DzCKg	2022-04-27	Digiær.no	Matematikk 1.–10. trinn (MAT01-05)	erlend.thune@udir.no	4/20/2022 8:17:57 AM
6	Lmxf6Ui_JEq_ij_mAs8Bvw	2022-05-05	Campus Matte	Matematikk 1.–10. trinn (MAT01-05)	geiaug@fredrikstad.kommune.no;kxjo@fredrikstad.kommune.no;carsor@fredrikstad.kommune.no	4/21/2022 6:41:02 AM
6	T-ureqW6DkGw8w25S0_abQ	2022-05-05	Creaza Core	Samfunnsfag (SAF01-04)	caol@fredrikstad.kommune.no;ranofs@fredrikstad.kommune.no;simh@fredrikstad.kommune.no	4/21/2022 10:37:12 AM
8	ueuyyw7o5Ua3bXQ0PGk3Cg	2022-05-02	Aski Raski	Norsk (NOR01-06)	akkj@fredrikstad.kommune.no	4/26/2022 8:28:00 AM
8	isfIfFemHECqsSiQO27GCw	2022-05-02	Kikora	Matematikk 1.–10. trinn (MAT01-05)	lasfro@fredrikstad.kommune.no;tomand@fredrikstad.kommune.no	4/26/2022 8:31:04 AM
8	pzWs5cCxSU2ya661RXZLXw	2022-05-02	Aschehougs univers	Norsk (NOR01-06)	tpet@fredrikstad.kommune.no;ahvi@fredrikstad.kommune.no	4/26/2022 8:33:15 AM
8	B1fmNuZjgkqJvGVn0jJCSg	2022-05-02	Aschehougs univers	Engelsk (ENG01-04)	silmoh@fredrikstad.kommune.no;mavi@fredrikstad.kommune.no	4/26/2022 8:35:05 AM
8	XpWsmTVxM0ySw9kLO1v8xw	2022-05-02	Aschehougs univers	Kristendom, religion, livssyn og etikk (KRLE) (RLE01-03)	mdah@fredrikstad.kommune.no	4/26/2022 8:36:42 AM
8	vmVZ89LIWEmF7r0GIe_R3Q	2022-05-02	Skolestudio	Naturfag (NAT01-04)	tokp@fredrikstad.kommune.no	4/26/2022 8:37:54 AM
8	uppjFcLZhUS12VPRyIhYZA	2022-05-02	Skolestudio	Norsk (NOR01-06)	linhof@fredrikstad.kommune.no	4/26/2022 11:21:37 AM
8	Nm85Hc-LtECNpPBUt46iqw	2022-05-02	Skolestudio	Norsk (NOR01-06)	tonnyb@fredrikstad.kommune.no	4/26/2022 12:14:19 PM
8	br1lq5vRMkya5Qz8Ftd65w	2022-05-02	Skolestudio	Engelsk (ENG01-04)	evalaa@fredrikstad.kommune.no;tonnyb@fredrikstad.kommune.no	4/26/2022 12:16:44 PM
8	wTPf5Z4UwEGMzVl5sVcqSA	2022-05-02	Aski Raski	Norsk (NOR01-06)	lbec@fredrikstad.kommune.no	4/26/2022 12:17:47 PM
3	OhuPbjriJEWVwqJafXOwtQ	2022-04-29	Matte for andre	Fordypning i engelsk (ENG03-02)	eth@udir.no	4/26/2022 1:10:31 PM
5	ci_0-pDUIkuhlCChXudrCQ	2022-04-28	Test 270422	Musikk (MUS01-02)	bjorn.hakon.solberg@udir.no	4/27/2022 7:58:40 AM
5	5ppUPw3_VEi8YmZ7iKRf-Q	2022-05-04	test	Morsmål for språklige minoriteter (NOR08-02)	bjorn.hakon.solberg@udir.no	5/2/2022 8:49:12 AM
2	f0Dru_jh6UaVV2K12HR0FA	2022-05-31	Test	- Ingen spesifikk læreplan -	alexandra.vedeler@accenture.com	5/4/2022 10:00:45 AM
23	VzH3vClwPEejOszRJzZnog	2022-05-13	Skolen (Cappelen Dam)	- Ingen spesifikk læreplan -	aheg@fredrikstad.kommune.no;ttjo@fredrikstad.kommune.no;rutops@fredrikstad.kommune.no	5/5/2022 6:15:25 AM
24	VZ2QP-HK8Emc33jKYjdxzw	2022-05-10	Matte	Matematikk 1.–10. trinn (MAT01-05)	radha.rajagopalan@accenture.com	5/6/2022 10:23:46 AM
5	M4aihYaM7E-cZ0l7BB4WhQ	2022-05-15	Salaby 5-7 Samfunnsfag	Samfunnsfag (SAF01-04)	bjorn.hakon.solberg@udir.no;bjrnhknslbrg@gmail.com	5/8/2022 7:33:54 PM
\.


--
-- TOC entry 3838 (class 0 OID 25335)
-- Dependencies: 223
-- Data for Name: assessmenttype; Type: TABLE DATA; Schema: public; Owner: vfkladmin
--

COPY public.assessmenttype (assessmenttype_id, name, description) FROM stdin;
1	Allefag	Allefag
2	Engelsk	Engelsk
3	Matte	Matte
4	Norsk	Norsk
\.


--
-- TOC entry 3830 (class 0 OID 25258)
-- Dependencies: 215
-- Data for Name: languagetype; Type: TABLE DATA; Schema: public; Owner: vfkladmin
--

COPY public.languagetype (language_id, language_code, language_title) FROM stdin;
1044	nb-NO	Bokmål
2068	nn-NO	Nynorsk
1083	se-NO	Nordsamisk
4155	se-NO	Lulesamisk
6203	se-NO	Sørsamisk
\.


--
-- TOC entry 3849 (class 0 OID 25543)
-- Dependencies: 235
-- Data for Name: stage_assessmenttype; Type: TABLE DATA; Schema: public; Owner: vfkladmin
--

COPY public.stage_assessmenttype (assessmenttype_id, name, description) FROM stdin;
1	Allefag	Allefag
2	Engelsk	Engelsk
3	Matte	Matte
4	Norsk	Norsk
\.


--
-- TOC entry 3850 (class 0 OID 25549)
-- Dependencies: 236
-- Data for Name: stage_languagetype; Type: TABLE DATA; Schema: public; Owner: vfkladmin
--

COPY public.stage_languagetype (language_id, language_code, language_title) FROM stdin;
1044	nb-NO	Bokmål
2068	nn-NO	Nynorsk
1083	se-NO	Nordsamisk
4155	se-NO	Lulesamisk
6203	se-NO	Sørsamisk
\.


--
-- TOC entry 3851 (class 0 OID 25555)
-- Dependencies: 237
-- Data for Name: stage_userprofile; Type: TABLE DATA; Schema: userprofile; Owner: vfkladmin
--

COPY userprofile.stage_userprofile (user_id, feide_id, personnummer, name) FROM stdin;
1	45f3cb70-0fe7-4901-9972-895612968d4e	\N	Sara Svendsen
2	60773c83-b9ca-4fb5-9258-362f766d1bdb	\N	Finn Nilsen
3	d52f6a3b-060f-42eb-a295-ba230f621ace	\N	Erlend Thune
4	d7a6d678-a4af-4596-8624-d1909a194a83	\N	Mathias Meier Nilsen
5	dd17fa85-725f-436e-8691-11522671620f	\N	Bjørn Håkon Solberg
6	f7b6a907-65fa-4175-84a6-a512e6601286	\N	Rita Solheim Foss
7	cc24c2b3-b57c-4209-9a90-c3fd3d0e7d3d	\N	Kristin Johannessen
8	2179fc15-d6e3-467b-a765-6d160a7436ef	\N	Solveig Ringsell Martinsen
9	e1328ce1-cd3c-4a6e-bdeb-78b0c787a784	\N	Geir Tell Augustin
10	bde314ee-3d1c-4b60-b269-9b149135b033	\N	Simon Walther Høidahl
11	e882de91-7cca-4d40-ac9d-9d3824ca9c37	\N	Eva Lahaj
12	dd9ca17f-9d78-4110-942f-efe3151eab13	\N	Tor-Kristian Pettersen
13	1cf58ab7-b6f9-4656-86c5-f695dd24ecc7	\N	Ann-Kristin Kjølholdt
14	70624d9a-0564-4cff-913d-8a91411c3721	\N	Silje Kristin Moheim Fosdahl
15	3894ff7f-807d-421a-82ad-d072437f145b	\N	Tone Mette Nybøle
16	be119fa7-c8cd-4174-866d-9e691cb878a8	\N	Toril Pettersen Bangor
17	fa13a704-4676-46b2-8377-3491ca26b66e	\N	Lindy Marie Beck Dypedahl
18	de42294f-3126-49cd-a408-a85396a3c805	\N	Linnea Marie Hofgaard
19	e0a39d75-141f-4e81-b14a-cf469f3163e8	\N	Lasse Frøshaug
20	890c8917-c0ae-467d-a6d4-82995a8b6cd1	\N	Arild Helge Vik
21	d1178821-f125-4b23-8d18-6ebada7875e4	\N	Mona Cathrine Dahl
22	46148394-1e67-4f9e-972c-662d80f78e57	\N	Caroline Elde Hoti
23	3769cb19-e0d7-440d-be57-9dd13bd542b4	\N	Tom Richard Berg
24	0132b35f-8479-4086-af68-2e4a71ff1906	\N	Ann ElevG Berntsen
25	b1026382-748e-423a-8ff4-f3b1adb80820	\N	Hege Andresen
26	91a29d0f-331c-4439-b1a3-9a02955a2346	\N	Torunn Johannessen
27	5d2788dd-56f4-439b-bfed-f4db1649b4c2	\N	Ruth Astrid Opstad
\.


--
-- TOC entry 3824 (class 0 OID 25182)
-- Dependencies: 209
-- Data for Name: userprofile; Type: TABLE DATA; Schema: userprofile; Owner: vfkladmin
--

COPY userprofile.userprofile (user_id, feide_id, personnummer, name) FROM stdin;
1	0132b35f-8479-4086-af68-2e4a71ff1906	\N	Ann ElevG Berntsen
2	45f3cb70-0fe7-4901-9972-895612968d4e	\N	Sara Svendsen
3	dd17fa85-725f-436e-8691-11522671620f	\N	Bjørn Håkon Solberg
4	d52f6a3b-060f-42eb-a295-ba230f621ace	\N	Erlend Thune
5	1398faf5-13eb-4ed8-a26c-846151e20cb3	\N	Torill Sommerlund
6	45a2df68-b8a1-4d4a-a1bb-b687c2d67c0a	\N	Julie-Kathrine Skoglund
7	d7a6d678-a4af-4596-8624-d1909a194a83	\N	Mathias Meier Nilsen
8	e129e2f9-23e8-4f53-9cc5-9a8c3970e443	\N	Lars Kvenshagen Gimse
9	9c96d590-8e93-45d9-9191-bfe331aac451	\N	Frank Foreleser Føllesen
10	7a269ae0-9554-49d2-b541-29e1dc2f7ee6	\N	Jarle Havnes
11	b0fe87b9-8f9a-4295-931d-bf3553c26fa0	\N	Oddøy Krister
12	26704b02-5de2-48c9-afb8-36e855dc99e0	\N	Håvard Østhus
13	6d54a5b1-6649-4ea1-93e6-8f5d3845ef88	\N	Stine Bjørnsdatter Nygård
14	6c776343-4b42-4ac9-a4da-b01a2a232622	\N	Bo Anton Nielsen
15	42b80b26-ee31-4413-8587-9472f9ddeb50	\N	Øystein Nilsen
16	8b9687cb-b544-400c-a2bf-5df0209a82e8	\N	Frode Sandven
17	10ee2e95-6fe5-49de-9382-32f1ccb61fea	\N	Heidi Fossdal
18	816e4c30-7ee0-4431-9ac3-6a9d1f558e8e	\N	Kari Østensen
19	3238a029-a6e4-43c8-86b6-cda5ed3dc1af	\N	Anita Joy Nesse
20	53c2db28-47e7-4e6a-a9f8-9f2c3c67f655	\N	Ingvild Snuggerud Urheim
21	4cc8f6c9-d3e5-45da-a611-2a63b6d06c32	\N	Ragna Alvsvåg Folgerø
22	9b2d11b1-de86-489b-8f25-f6ac8f6a32fd	\N	Monica Rolfsnes Fardal
23	0d6fdfca-fc2f-4307-a90d-aab831b501a5	\N	Kari Frendem Folgerø
24	ce3b7854-120c-4fc6-bb34-14dad55a7982	\N	Nils Eriksen Meling
25	99b4189c-8f71-4e97-b8c1-51018d5619be	\N	Siv-Kristin Larsen
26	54993e3a-1794-4683-bf40-358810980664	\N	Vibeke Dahl
27	72656021-61be-4958-b015-80b1e5572642	\N	Elisabeth Beau
28	5a41a4ca-8ac0-4a55-a6c0-f2ba6fe52c02	\N	Hilde Gjelstad Johnsen
29	c32f7704-3926-4301-a9b9-44e92df33447	\N	Ragnhild Maria Øye Viken
30	082613fe-5f5f-4d79-834f-c3b4ef7cbe1b	\N	Hedvig Grønvold
31	1feca489-39c3-468c-82fd-ad3461a6557d	\N	Thomas Gjellestad
32	79224dc3-b757-4a2d-8d34-54feb399d5a5	\N	Vegard Berg
33	8d7a835a-00bb-454c-b0a7-7a7acd8c686b	\N	Svein S Fykse
34	7cae3fc3-cae8-47f5-87d0-bf9bc3579069	\N	Ervin Hoti
35	4dda8bf5-5a5a-4e49-9e22-e79249a95eed	\N	Marius Pedersen
36	95441670-76fb-4065-9a92-abe1ec3b4e3b	\N	Øivind Nærdal
37	0d913f95-f5d0-4c76-90ee-bea7e0cc275c	\N	Atle Jakobsen
38	d9a26be7-0366-4823-8e45-561a5ec97586	\N	Linn Cathrine Refstie Sødal
39	e255044b-1aa2-4616-89fa-7d21bee69dd9	\N	Nancy Ann Mathisen
40	75381b1f-6f80-4410-ac6a-0e4af0d00097	\N	Marthe Skahjem
41	b405f719-fe20-49f6-b963-b6fff4c9241d	\N	Magnus Larsen
42	df950f54-bcda-4fb3-9149-1f6812a1fc86	\N	Hildegunn Elvestad
43	fc425f86-656f-432b-b29c-5930cf18cc05	\N	Runar Rognmo
44	5b64a938-2908-400f-9274-844435bef6d5	\N	Pål Arild Larsen
45	72cc49d6-bd57-4536-ad3b-54155caeed2b	\N	Anna Lukaszek
46	2b7feccc-3ef4-4a18-bc4b-c55a6182cd7b	\N	Kirsti Myhre
47	9cf7ea5a-294b-4f6a-8604-3c11a121dd86	\N	Thor Einar Ekberg
48	1ed1b01c-cdc2-40e9-a315-8a7abde209c7	\N	Marianne Husebye Andersen
49	58d06690-23af-43b3-a15a-216d24e78c4a	\N	Erik Martinsen
50	e42b4884-42c5-4b54-bcc1-be0cdaabef3b	\N	Kjetil Johansen
51	95021a3f-bf7f-46d0-8303-63690e4e3a5c	\N	Amalie Falkum
52	d156a3f5-24eb-4eac-a1a0-c064357563b9	\N	Marte Marie Johannessen
53	2e86eaf0-c0d4-40cf-a3ff-7c76e80d5ccb	\N	Annette W Gjerseth
54	b90dc5c1-f09d-466f-8c15-0fd819692102	\N	Ole Mathis Grimstad
55	e470b5cb-f385-44b6-bd72-e2765cfab7f7	\N	Linn Marit Halleråker
56	e33de2f8-8b18-48ad-afda-4d402ccc10d1	\N	Signe Strand Dørheim
57	9438474b-b7fd-491b-96b4-2ebd05c60693	\N	Anne Grete Espevik
58	918e80f4-6640-439a-a8ee-5b8777706e79	\N	Aasbjørg Husevik
59	1f868655-fa9d-4bcf-8494-132bfae81f36	\N	Thor Øyvind Nilsen
60	e0b864ba-ee12-47eb-afe1-4ca8a2005b9c	\N	Brian Karmisholt Jørgensen
61	14016b01-28ee-47e3-803f-6da054337246	\N	Ann-Sissel Westgård
62	49be67cf-38f5-4c74-8568-e9c93b6fa695	\N	Atle Sømme
63	ba6dbec4-dd1b-43ee-ab81-149e3750b254	\N	Horgen Line Merete
64	5589e881-f897-4058-a4ec-b932b2812a5d	\N	Francis Nyang-Jørgensen
65	4ae9b326-5914-428a-9983-0a66bfee7471	\N	Ingunn Marita Kjerstad
66	2717d812-a349-4cd9-9899-6bb93698cdfb	\N	Britt Kleveland
67	093d05b6-bfaf-463f-b81f-b9184240b85e	\N	Kristel Linset
68	4b40d7d6-6a24-4d22-b72a-bf2ef95d9012	\N	Unn Aarre
69	864590cb-9b6e-42a0-bf2b-6803e48270a4	\N	Erlend Enget
70	4f0611ae-e20f-4e17-bf8d-99230b5ec57f	\N	Håkon Aleksander Ingebrigtsen Holte
71	dfb1162e-9fc8-48f1-ad94-9a24ec2eaa65	\N	Kari Haugdal
72	94b6e571-a305-49a1-8f5b-15b6a708d4f1	\N	Trude Kristin Johannessen
73	890cdce8-3a19-4e11-bade-f8e7236d6e5c	\N	Kari Staubo
74	c3847eff-c498-43a8-bc3e-5064d7d03ba6	\N	Kari Sødal Gjestvang
75	7cd491d4-009e-49be-b49c-eda50bee4d8d	\N	Janne Kristine Johansen
76	e49fceaf-3d79-42ec-97ae-6b7dce2734cb	\N	Aronsen Linn-Cecilie
77	2bf93106-3d7f-4838-925d-e4926a3f24ce	\N	Kylling Sissel
78	213e9580-4599-4296-bba4-6c6010327727	\N	Myhra Jens Petter
79	d8a8fc7e-ad78-4536-9362-6b712bba26e1	\N	Bente Kristoffersen
80	1d208524-bd6f-48b1-ac15-4fe0a15e5b5c	\N	Merete Bjørnø
81	66d4c440-9d1b-4c22-9250-347ba2595f95	\N	Marius Foss Sveen
82	793038f9-2ec5-4dc7-b231-c0f079c2b857	\N	Anne Kristin Torgersen
83	ccea7d6d-8654-45ae-b693-df072e33d7d7	\N	Anne Elin Lunåsmo
84	3129f9e0-7587-402e-8aaf-8ae4722e60d8	\N	Wenche Engebråten
85	cff4dbc7-b963-481d-ada0-653b0354408c	\N	Tove Johannessen Mørk
86	4f859dac-d665-4b4b-aff6-8640ff4a598a	\N	Kristin Tjelle
87	79b0f859-7148-4fbb-a45c-43d8adeb327c	\N	Berte Emilie Børresen
88	477e25f5-5073-4708-8b2c-eb88c31581fc	\N	Eirin Tollaksen Oldeide
89	63559ec9-f44d-4c17-94b9-84a9a1979019	\N	Sissel Sværen Østerbø
90	d7367253-cbc9-4601-a374-69579b6c54cb	\N	Langmo Rita Helen
91	ce523e76-d5be-40e1-befb-1bdb76a6f0af	\N	Thomas Hamre
92	d1a1905d-96a9-4169-8ab6-24132d85933b	\N	Ellingsen Hans Eirik
93	06b3883b-0147-4442-a20d-63dbdc49d34a	\N	Sandvik Anne Marie
94	3175bd26-072d-417e-aa1c-cdba98faf2f2	\N	Erik Øien
95	1a04ed5a-d3f6-4b6b-91b8-67bcf8b5ae1b	\N	Ragnhild Grotli Ulseth
96	c5a17637-ac7b-4582-8ead-5794077289c5	\N	Solvår Brustad Lilleeng
97	dd29ac16-c792-4cd0-ad2d-167b05c5b050	\N	Espen Vestby Moseng
98	c9cce72c-3153-459f-b830-c9fc5250db36	\N	Marius Sjøvold Markhus
99	bbe257bf-92bc-4a3a-8acd-0a5be5d2f7e8	\N	Thor Håkon Løkken
100	3e32f9c1-af8c-4a35-8385-25736bb8db77	\N	Bente Fossum
101	c178f683-161d-41bb-b85e-8739ce01a014	\N	Sindre Magnus Jacobsen
102	ee28be25-98ba-4ae3-abbf-70f2e21d495b	\N	Helena Da Silva-Tønnessen
103	c21ffd5b-9de9-4389-b42e-d11c56f86e53	\N	Håkon Edvard Nesset
104	ad9e527a-4010-4132-99ec-173efa069b75	\N	Sigrid Heitmann Aksland
105	232031a5-b5bc-46d2-b405-c597da24602b	\N	Hanne Blålid
106	f62f2169-d246-432d-90eb-743284a7bd83	\N	Bjørg LærerG Olsen
107	91ab6c74-b624-4fce-b03a-a2231dccb20b	\N	Sølvi Nordeng
108	268dbfe6-80ca-4f6f-b0ca-13b5fe950e84	\N	Henny Oddveig Kveen Brustad
109	9cb6561f-7216-4b30-99fc-f039137decb6	\N	Bård Håvard Solli
110	e3c1293a-087d-48d8-a3ca-0c6f4189bb5b	\N	Marit Eide
111	ee4da702-4ecf-4bd5-9b94-9dffdfd77ea1	\N	Anne Maren Meland
112	cb62da5d-b8b7-4d92-be65-862de908de37	\N	Martine Rosland
113	a2b3d851-f78d-472a-8969-43338cfaf009	\N	Øyvind Øien
114	0c9dde86-4f73-4775-9fa0-e68e724d6b4e	\N	Pedersen Pål Ulseth
115	43794386-54a4-4a0e-9227-760190cf5c9f	\N	Gitte Schjerven Bakksjø
116	2e34846f-03f9-4877-8610-599984eef53f	\N	Lena Nerås
117	c2438f55-0311-4b59-a372-e9285d969f51	\N	Bjørn Erik Rannestad
118	e49dedc0-3f2b-4f6a-91d5-7dc017fe50d1	\N	Joakim Westerbakk
119	938b23ad-bda2-406b-8980-2ae856c92722	\N	Solveig-Anita Pettersen
120	930e16b2-2780-4b85-a895-de929b840621	\N	Beate Christina Karlson Solli
121	0b119bbe-173d-4c89-ac93-e1abdca55fe6	\N	Knut Gunnar Støyle
122	663cceb4-61fa-4189-a401-744fa18fb20b	\N	Margrethe Aune
123	6a426f08-a00e-4adb-b329-daa22cc827c8	\N	Tore Angel
124	5e965376-71ec-4359-81ba-e6a3fed0f8ef	\N	Bjørg LærerG Olsen
125	2c8c2c8d-1f2d-41c4-ad8c-2d3755de29ba	\N	Ditvfklen
126	4d9a50d9-e679-41d1-a902-fc4199929bea	\N	Ida Marie Opaker Hermansson
127	60773c83-b9ca-4fb5-9258-362f766d1bdb	\N	Finn Nilsen
128	f7b6a907-65fa-4175-84a6-a512e6601286	\N	Rita Solheim Foss
129	cc24c2b3-b57c-4209-9a90-c3fd3d0e7d3d	\N	Kristin Johannessen
130	2179fc15-d6e3-467b-a765-6d160a7436ef	\N	Solveig Ringsell Martinsen
131	e1328ce1-cd3c-4a6e-bdeb-78b0c787a784	\N	Geir Tell Augustin
132	bde314ee-3d1c-4b60-b269-9b149135b033	\N	Simon Walther Høidahl
133	e882de91-7cca-4d40-ac9d-9d3824ca9c37	\N	Eva Lahaj
134	dd9ca17f-9d78-4110-942f-efe3151eab13	\N	Tor-Kristian Pettersen
135	1cf58ab7-b6f9-4656-86c5-f695dd24ecc7	\N	Ann-Kristin Kjølholdt
136	70624d9a-0564-4cff-913d-8a91411c3721	\N	Silje Kristin Moheim Fosdahl
137	3894ff7f-807d-421a-82ad-d072437f145b	\N	Tone Mette Nybøle
138	be119fa7-c8cd-4174-866d-9e691cb878a8	\N	Toril Pettersen Bangor
139	fa13a704-4676-46b2-8377-3491ca26b66e	\N	Lindy Marie Beck Dypedahl
140	de42294f-3126-49cd-a408-a85396a3c805	\N	Linnea Marie Hofgaard
141	e0a39d75-141f-4e81-b14a-cf469f3163e8	\N	Lasse Frøshaug
142	890c8917-c0ae-467d-a6d4-82995a8b6cd1	\N	Arild Helge Vik
143	d1178821-f125-4b23-8d18-6ebada7875e4	\N	Mona Cathrine Dahl
144	46148394-1e67-4f9e-972c-662d80f78e57	\N	Caroline Elde Hoti
145	3769cb19-e0d7-440d-be57-9dd13bd542b4	\N	Tom Richard Berg
146	b1026382-748e-423a-8ff4-f3b1adb80820	\N	Hege Andresen
147	91a29d0f-331c-4439-b1a3-9a02955a2346	\N	Torunn Johannessen
148	5d2788dd-56f4-439b-bfed-f4db1649b4c2	\N	Ruth Astrid Opstad
149	d30f0243-04d8-49c9-a899-626c3f472a0e	\N	Kjartan Paulsen
150	ac4ac689-674f-4a79-9cbc-314658ab0070	\N	Tone Iren Holmen
151	5fa6e203-e1b6-4ec2-8be0-92a9f52b60cd	\N	Arne Berg
152	96ac6512-7f2f-4614-9cea-e4d08d6dd736	\N	Elisabeth Merete Engum
153	ba267102-429d-45ec-b41c-aad74d3038ed	\N	Synne Klaseie Kokaas
154	8e45a870-4928-4c9f-a276-b03c1a6d66cf	\N	Thomas Bysting
155	6e7d127c-2c56-42ec-a8b9-de165aac2b02	\N	Trine Snekvik Fagerli
156	73e96e85-7cc4-47aa-8b02-849a35b115f8	\N	Andrè Aleksandersen
157	81c67c82-a352-4226-b245-3bd317f7a52c	\N	Tone Pedersen
158	dcc605f8-96b4-43d4-ac77-283582264dc2	\N	Solveig Melby
159	d44e2e18-b1a9-4ec9-bcaa-b0b51b99fa4b	\N	Anny Aasvang
160	a0ac6613-c638-46c7-a916-e4575c0987e4	\N	Joakim Langseth Eliassen
161	13aaa2c9-0d0c-482f-a90f-3613dc690134	\N	Elisabeth Marthinussen
162	25801676-3700-427b-8dc5-e4cb66d2ea8c	\N	Erlend Balseth
\.


--
-- TOC entry 3944 (class 0 OID 0)
-- Dependencies: 213
-- Name: answers_id_seq; Type: SEQUENCE SET; Schema: assessment; Owner: vfkladmin
--

SELECT pg_catalog.setval('assessment.answers_id_seq', 4122, true);


--
-- TOC entry 3945 (class 0 OID 0)
-- Dependencies: 206
-- Name: answertype_answertype_id_seq; Type: SEQUENCE SET; Schema: assessment; Owner: vfkladmin
--

SELECT pg_catalog.setval('assessment.answertype_answertype_id_seq', 5, true);


--
-- TOC entry 3946 (class 0 OID 0)
-- Dependencies: 218
-- Name: answertypetextresources_id_seq; Type: SEQUENCE SET; Schema: assessment; Owner: vfkladmin
--

SELECT pg_catalog.setval('assessment.answertypetextresources_id_seq', 25, true);


--
-- TOC entry 3947 (class 0 OID 0)
-- Dependencies: 211
-- Name: assessment_assessment_id_seq; Type: SEQUENCE SET; Schema: assessment; Owner: vfkladmin
--

SELECT pg_catalog.setval('assessment.assessment_assessment_id_seq', 207, true);


--
-- TOC entry 3948 (class 0 OID 0)
-- Dependencies: 204
-- Name: category_category_id_seq; Type: SEQUENCE SET; Schema: assessment; Owner: vfkladmin
--

SELECT pg_catalog.setval('assessment.category_category_id_seq', 6, true);


--
-- TOC entry 3949 (class 0 OID 0)
-- Dependencies: 216
-- Name: categorytextresources_id_seq; Type: SEQUENCE SET; Schema: assessment; Owner: vfkladmin
--

SELECT pg_catalog.setval('assessment.categorytextresources_id_seq', 15, true);


--
-- TOC entry 3950 (class 0 OID 0)
-- Dependencies: 220
-- Name: questiontextresources_text_id_seq; Type: SEQUENCE SET; Schema: assessment; Owner: vfkladmin
--

SELECT pg_catalog.setval('assessment.questiontextresources_text_id_seq', 161, true);


--
-- TOC entry 3951 (class 0 OID 0)
-- Dependencies: 222
-- Name: assessmenttype_assessmenttype_id_seq; Type: SEQUENCE SET; Schema: public; Owner: vfkladmin
--

SELECT pg_catalog.setval('public.assessmenttype_assessmenttype_id_seq', 4, true);


--
-- TOC entry 3952 (class 0 OID 0)
-- Dependencies: 208
-- Name: userprofile_user_id_seq; Type: SEQUENCE SET; Schema: userprofile; Owner: vfkladmin
--

SELECT pg_catalog.setval('userprofile.userprofile_user_id_seq', 162, true);


--
-- TOC entry 3663 (class 2606 OID 25230)
-- Name: answers answers_pkey; Type: CONSTRAINT; Schema: assessment; Owner: vfkladmin
--

ALTER TABLE ONLY assessment.answers
    ADD CONSTRAINT answers_pkey PRIMARY KEY (id);


--
-- TOC entry 3655 (class 2606 OID 25163)
-- Name: answertype answertype_pkey; Type: CONSTRAINT; Schema: assessment; Owner: vfkladmin
--

ALTER TABLE ONLY assessment.answertype
    ADD CONSTRAINT answertype_pkey PRIMARY KEY (answertype_id);


--
-- TOC entry 3669 (class 2606 OID 25297)
-- Name: answertypetextresources answertypetextresources_pkey; Type: CONSTRAINT; Schema: assessment; Owner: vfkladmin
--

ALTER TABLE ONLY assessment.answertypetextresources
    ADD CONSTRAINT answertypetextresources_pkey PRIMARY KEY (id);


--
-- TOC entry 3661 (class 2606 OID 25209)
-- Name: assessment assessment_pkey; Type: CONSTRAINT; Schema: assessment; Owner: vfkladmin
--

ALTER TABLE ONLY assessment.assessment
    ADD CONSTRAINT assessment_pkey PRIMARY KEY (assessment_id);


--
-- TOC entry 3653 (class 2606 OID 25152)
-- Name: category category_pkey; Type: CONSTRAINT; Schema: assessment; Owner: vfkladmin
--

ALTER TABLE ONLY assessment.category
    ADD CONSTRAINT category_pkey PRIMARY KEY (category_id);


--
-- TOC entry 3667 (class 2606 OID 25276)
-- Name: categorytextresources categorytextresources_pkey; Type: CONSTRAINT; Schema: assessment; Owner: vfkladmin
--

ALTER TABLE ONLY assessment.categorytextresources
    ADD CONSTRAINT categorytextresources_pkey PRIMARY KEY (id);


--
-- TOC entry 3675 (class 2606 OID 25375)
-- Name: question question_pkey; Type: CONSTRAINT; Schema: assessment; Owner: vfkladmin
--

ALTER TABLE ONLY assessment.question
    ADD CONSTRAINT question_pkey PRIMARY KEY (question_id);


--
-- TOC entry 3671 (class 2606 OID 25318)
-- Name: questiontextresources questiontextresources_pkey; Type: CONSTRAINT; Schema: assessment; Owner: vfkladmin
--

ALTER TABLE ONLY assessment.questiontextresources
    ADD CONSTRAINT questiontextresources_pkey PRIMARY KEY (text_id);


--
-- TOC entry 3659 (class 2606 OID 25198)
-- Name: invitations invitations_pkey; Type: CONSTRAINT; Schema: invitations; Owner: vfkladmin
--

ALTER TABLE ONLY invitations.invitations
    ADD CONSTRAINT invitations_pkey PRIMARY KEY (gv_id);


--
-- TOC entry 3673 (class 2606 OID 25343)
-- Name: assessmenttype assessmenttype_pkey; Type: CONSTRAINT; Schema: public; Owner: vfkladmin
--

ALTER TABLE ONLY public.assessmenttype
    ADD CONSTRAINT assessmenttype_pkey PRIMARY KEY (assessmenttype_id);


--
-- TOC entry 3665 (class 2606 OID 25265)
-- Name: languagetype languagetype_pkey; Type: CONSTRAINT; Schema: public; Owner: vfkladmin
--

ALTER TABLE ONLY public.languagetype
    ADD CONSTRAINT languagetype_pkey PRIMARY KEY (language_id);


--
-- TOC entry 3657 (class 2606 OID 25190)
-- Name: userprofile userprofile_pkey; Type: CONSTRAINT; Schema: userprofile; Owner: vfkladmin
--

ALTER TABLE ONLY userprofile.userprofile
    ADD CONSTRAINT userprofile_pkey PRIMARY KEY (user_id);


--
-- TOC entry 3679 (class 2606 OID 25241)
-- Name: answers fk_answertype; Type: FK CONSTRAINT; Schema: assessment; Owner: vfkladmin
--

ALTER TABLE ONLY assessment.answers
    ADD CONSTRAINT fk_answertype FOREIGN KEY (answertype_id_fk) REFERENCES assessment.answertype(answertype_id);


--
-- TOC entry 3684 (class 2606 OID 25298)
-- Name: answertypetextresources fk_answertypeid; Type: FK CONSTRAINT; Schema: assessment; Owner: vfkladmin
--

ALTER TABLE ONLY assessment.answertypetextresources
    ADD CONSTRAINT fk_answertypeid FOREIGN KEY (answertype_id_fk) REFERENCES assessment.answertype(answertype_id);


--
-- TOC entry 3680 (class 2606 OID 25231)
-- Name: answers fk_assessment; Type: FK CONSTRAINT; Schema: assessment; Owner: vfkladmin
--

ALTER TABLE ONLY assessment.answers
    ADD CONSTRAINT fk_assessment FOREIGN KEY (assessment_id_fk) REFERENCES assessment.assessment(assessment_id);


--
-- TOC entry 3687 (class 2606 OID 25376)
-- Name: question fk_category; Type: FK CONSTRAINT; Schema: assessment; Owner: vfkladmin
--

ALTER TABLE ONLY assessment.question
    ADD CONSTRAINT fk_category FOREIGN KEY (category_id_fk) REFERENCES assessment.category(category_id);


--
-- TOC entry 3682 (class 2606 OID 25277)
-- Name: categorytextresources fk_categoryid; Type: FK CONSTRAINT; Schema: assessment; Owner: vfkladmin
--

ALTER TABLE ONLY assessment.categorytextresources
    ADD CONSTRAINT fk_categoryid FOREIGN KEY (category_id_fk) REFERENCES assessment.category(category_id);


--
-- TOC entry 3677 (class 2606 OID 25215)
-- Name: assessment fk_groupid; Type: FK CONSTRAINT; Schema: assessment; Owner: vfkladmin
--

ALTER TABLE ONLY assessment.assessment
    ADD CONSTRAINT fk_groupid FOREIGN KEY (groupassessment_id_fk) REFERENCES invitations.invitations(gv_id);


--
-- TOC entry 3685 (class 2606 OID 25303)
-- Name: answertypetextresources fk_language_answertype; Type: FK CONSTRAINT; Schema: assessment; Owner: vfkladmin
--

ALTER TABLE ONLY assessment.answertypetextresources
    ADD CONSTRAINT fk_language_answertype FOREIGN KEY (language_id_fk) REFERENCES public.languagetype(language_id);


--
-- TOC entry 3683 (class 2606 OID 25282)
-- Name: categorytextresources fk_language_category; Type: FK CONSTRAINT; Schema: assessment; Owner: vfkladmin
--

ALTER TABLE ONLY assessment.categorytextresources
    ADD CONSTRAINT fk_language_category FOREIGN KEY (language_id_fk) REFERENCES public.languagetype(language_id);


--
-- TOC entry 3686 (class 2606 OID 25319)
-- Name: questiontextresources fk_language_question; Type: FK CONSTRAINT; Schema: assessment; Owner: vfkladmin
--

ALTER TABLE ONLY assessment.questiontextresources
    ADD CONSTRAINT fk_language_question FOREIGN KEY (language_id_fk) REFERENCES public.languagetype(language_id);


--
-- TOC entry 3681 (class 2606 OID 25386)
-- Name: answers fk_question; Type: FK CONSTRAINT; Schema: assessment; Owner: vfkladmin
--

ALTER TABLE ONLY assessment.answers
    ADD CONSTRAINT fk_question FOREIGN KEY (question_id_fk) REFERENCES assessment.question(question_id);


--
-- TOC entry 3688 (class 2606 OID 25381)
-- Name: question fk_question_assessmenttype; Type: FK CONSTRAINT; Schema: assessment; Owner: vfkladmin
--

ALTER TABLE ONLY assessment.question
    ADD CONSTRAINT fk_question_assessmenttype FOREIGN KEY (assessmenttype_id_fk) REFERENCES public.assessmenttype(assessmenttype_id);


--
-- TOC entry 3678 (class 2606 OID 25210)
-- Name: assessment fk_user; Type: FK CONSTRAINT; Schema: assessment; Owner: vfkladmin
--

ALTER TABLE ONLY assessment.assessment
    ADD CONSTRAINT fk_user FOREIGN KEY (user_id_fk) REFERENCES userprofile.userprofile(user_id);


--
-- TOC entry 3676 (class 2606 OID 25345)
-- Name: invitations fk_assessmenttype; Type: FK CONSTRAINT; Schema: invitations; Owner: vfkladmin
--

ALTER TABLE ONLY invitations.invitations
    ADD CONSTRAINT fk_assessmenttype FOREIGN KEY (assessmenttype_id_fk) REFERENCES public.assessmenttype(assessmenttype_id);


--
-- TOC entry 3857 (class 0 OID 0)
-- Dependencies: 6
-- Name: SCHEMA public; Type: ACL; Schema: -; Owner: azure_pg_admin
--

REVOKE USAGE ON SCHEMA public FROM PUBLIC;
GRANT ALL ON SCHEMA public TO PUBLIC;


--
-- TOC entry 3859 (class 0 OID 0)
-- Dependencies: 257
-- Name: FUNCTION pg_replication_origin_advance(text, pg_lsn); Type: ACL; Schema: pg_catalog; Owner: azuresu
--

GRANT ALL ON FUNCTION pg_catalog.pg_replication_origin_advance(text, pg_lsn) TO azure_pg_admin;


--
-- TOC entry 3860 (class 0 OID 0)
-- Dependencies: 258
-- Name: FUNCTION pg_replication_origin_create(text); Type: ACL; Schema: pg_catalog; Owner: azuresu
--

GRANT ALL ON FUNCTION pg_catalog.pg_replication_origin_create(text) TO azure_pg_admin;


--
-- TOC entry 3861 (class 0 OID 0)
-- Dependencies: 259
-- Name: FUNCTION pg_replication_origin_drop(text); Type: ACL; Schema: pg_catalog; Owner: azuresu
--

GRANT ALL ON FUNCTION pg_catalog.pg_replication_origin_drop(text) TO azure_pg_admin;


--
-- TOC entry 3862 (class 0 OID 0)
-- Dependencies: 260
-- Name: FUNCTION pg_replication_origin_oid(text); Type: ACL; Schema: pg_catalog; Owner: azuresu
--

GRANT ALL ON FUNCTION pg_catalog.pg_replication_origin_oid(text) TO azure_pg_admin;


--
-- TOC entry 3863 (class 0 OID 0)
-- Dependencies: 261
-- Name: FUNCTION pg_replication_origin_progress(text, boolean); Type: ACL; Schema: pg_catalog; Owner: azuresu
--

GRANT ALL ON FUNCTION pg_catalog.pg_replication_origin_progress(text, boolean) TO azure_pg_admin;


--
-- TOC entry 3864 (class 0 OID 0)
-- Dependencies: 262
-- Name: FUNCTION pg_replication_origin_session_is_setup(); Type: ACL; Schema: pg_catalog; Owner: azuresu
--

GRANT ALL ON FUNCTION pg_catalog.pg_replication_origin_session_is_setup() TO azure_pg_admin;


--
-- TOC entry 3865 (class 0 OID 0)
-- Dependencies: 263
-- Name: FUNCTION pg_replication_origin_session_progress(boolean); Type: ACL; Schema: pg_catalog; Owner: azuresu
--

GRANT ALL ON FUNCTION pg_catalog.pg_replication_origin_session_progress(boolean) TO azure_pg_admin;


--
-- TOC entry 3866 (class 0 OID 0)
-- Dependencies: 264
-- Name: FUNCTION pg_replication_origin_session_reset(); Type: ACL; Schema: pg_catalog; Owner: azuresu
--

GRANT ALL ON FUNCTION pg_catalog.pg_replication_origin_session_reset() TO azure_pg_admin;


--
-- TOC entry 3867 (class 0 OID 0)
-- Dependencies: 265
-- Name: FUNCTION pg_replication_origin_session_setup(text); Type: ACL; Schema: pg_catalog; Owner: azuresu
--

GRANT ALL ON FUNCTION pg_catalog.pg_replication_origin_session_setup(text) TO azure_pg_admin;


--
-- TOC entry 3868 (class 0 OID 0)
-- Dependencies: 266
-- Name: FUNCTION pg_replication_origin_xact_reset(); Type: ACL; Schema: pg_catalog; Owner: azuresu
--

GRANT ALL ON FUNCTION pg_catalog.pg_replication_origin_xact_reset() TO azure_pg_admin;


--
-- TOC entry 3869 (class 0 OID 0)
-- Dependencies: 267
-- Name: FUNCTION pg_replication_origin_xact_setup(pg_lsn, timestamp with time zone); Type: ACL; Schema: pg_catalog; Owner: azuresu
--

GRANT ALL ON FUNCTION pg_catalog.pg_replication_origin_xact_setup(pg_lsn, timestamp with time zone) TO azure_pg_admin;


--
-- TOC entry 3870 (class 0 OID 0)
-- Dependencies: 238
-- Name: FUNCTION pg_show_replication_origin_status(OUT local_id oid, OUT external_id text, OUT remote_lsn pg_lsn, OUT local_lsn pg_lsn); Type: ACL; Schema: pg_catalog; Owner: azuresu
--

GRANT ALL ON FUNCTION pg_catalog.pg_show_replication_origin_status(OUT local_id oid, OUT external_id text, OUT remote_lsn pg_lsn, OUT local_lsn pg_lsn) TO azure_pg_admin;


--
-- TOC entry 3871 (class 0 OID 0)
-- Dependencies: 268
-- Name: FUNCTION pg_stat_reset(); Type: ACL; Schema: pg_catalog; Owner: azuresu
--

GRANT ALL ON FUNCTION pg_catalog.pg_stat_reset() TO azure_pg_admin;


--
-- TOC entry 3872 (class 0 OID 0)
-- Dependencies: 269
-- Name: FUNCTION pg_stat_reset_shared(text); Type: ACL; Schema: pg_catalog; Owner: azuresu
--

GRANT ALL ON FUNCTION pg_catalog.pg_stat_reset_shared(text) TO azure_pg_admin;


--
-- TOC entry 3873 (class 0 OID 0)
-- Dependencies: 271
-- Name: FUNCTION pg_stat_reset_single_function_counters(oid); Type: ACL; Schema: pg_catalog; Owner: azuresu
--

GRANT ALL ON FUNCTION pg_catalog.pg_stat_reset_single_function_counters(oid) TO azure_pg_admin;


--
-- TOC entry 3874 (class 0 OID 0)
-- Dependencies: 270
-- Name: FUNCTION pg_stat_reset_single_table_counters(oid); Type: ACL; Schema: pg_catalog; Owner: azuresu
--

GRANT ALL ON FUNCTION pg_catalog.pg_stat_reset_single_table_counters(oid) TO azure_pg_admin;


--
-- TOC entry 3883 (class 0 OID 0)
-- Dependencies: 98
-- Name: COLUMN pg_config.name; Type: ACL; Schema: pg_catalog; Owner: azuresu
--

GRANT SELECT(name) ON TABLE pg_catalog.pg_config TO azure_pg_admin;


--
-- TOC entry 3884 (class 0 OID 0)
-- Dependencies: 98
-- Name: COLUMN pg_config.setting; Type: ACL; Schema: pg_catalog; Owner: azuresu
--

GRANT SELECT(setting) ON TABLE pg_catalog.pg_config TO azure_pg_admin;


--
-- TOC entry 3885 (class 0 OID 0)
-- Dependencies: 95
-- Name: COLUMN pg_hba_file_rules.line_number; Type: ACL; Schema: pg_catalog; Owner: azuresu
--

GRANT SELECT(line_number) ON TABLE pg_catalog.pg_hba_file_rules TO azure_pg_admin;


--
-- TOC entry 3886 (class 0 OID 0)
-- Dependencies: 95
-- Name: COLUMN pg_hba_file_rules.type; Type: ACL; Schema: pg_catalog; Owner: azuresu
--

GRANT SELECT(type) ON TABLE pg_catalog.pg_hba_file_rules TO azure_pg_admin;


--
-- TOC entry 3887 (class 0 OID 0)
-- Dependencies: 95
-- Name: COLUMN pg_hba_file_rules.database; Type: ACL; Schema: pg_catalog; Owner: azuresu
--

GRANT SELECT(database) ON TABLE pg_catalog.pg_hba_file_rules TO azure_pg_admin;


--
-- TOC entry 3888 (class 0 OID 0)
-- Dependencies: 95
-- Name: COLUMN pg_hba_file_rules.user_name; Type: ACL; Schema: pg_catalog; Owner: azuresu
--

GRANT SELECT(user_name) ON TABLE pg_catalog.pg_hba_file_rules TO azure_pg_admin;


--
-- TOC entry 3889 (class 0 OID 0)
-- Dependencies: 95
-- Name: COLUMN pg_hba_file_rules.address; Type: ACL; Schema: pg_catalog; Owner: azuresu
--

GRANT SELECT(address) ON TABLE pg_catalog.pg_hba_file_rules TO azure_pg_admin;


--
-- TOC entry 3890 (class 0 OID 0)
-- Dependencies: 95
-- Name: COLUMN pg_hba_file_rules.netmask; Type: ACL; Schema: pg_catalog; Owner: azuresu
--

GRANT SELECT(netmask) ON TABLE pg_catalog.pg_hba_file_rules TO azure_pg_admin;


--
-- TOC entry 3891 (class 0 OID 0)
-- Dependencies: 95
-- Name: COLUMN pg_hba_file_rules.auth_method; Type: ACL; Schema: pg_catalog; Owner: azuresu
--

GRANT SELECT(auth_method) ON TABLE pg_catalog.pg_hba_file_rules TO azure_pg_admin;


--
-- TOC entry 3892 (class 0 OID 0)
-- Dependencies: 95
-- Name: COLUMN pg_hba_file_rules.options; Type: ACL; Schema: pg_catalog; Owner: azuresu
--

GRANT SELECT(options) ON TABLE pg_catalog.pg_hba_file_rules TO azure_pg_admin;


--
-- TOC entry 3893 (class 0 OID 0)
-- Dependencies: 95
-- Name: COLUMN pg_hba_file_rules.error; Type: ACL; Schema: pg_catalog; Owner: azuresu
--

GRANT SELECT(error) ON TABLE pg_catalog.pg_hba_file_rules TO azure_pg_admin;


--
-- TOC entry 3894 (class 0 OID 0)
-- Dependencies: 138
-- Name: COLUMN pg_replication_origin_status.local_id; Type: ACL; Schema: pg_catalog; Owner: azuresu
--

GRANT SELECT(local_id) ON TABLE pg_catalog.pg_replication_origin_status TO azure_pg_admin;


--
-- TOC entry 3895 (class 0 OID 0)
-- Dependencies: 138
-- Name: COLUMN pg_replication_origin_status.external_id; Type: ACL; Schema: pg_catalog; Owner: azuresu
--

GRANT SELECT(external_id) ON TABLE pg_catalog.pg_replication_origin_status TO azure_pg_admin;


--
-- TOC entry 3896 (class 0 OID 0)
-- Dependencies: 138
-- Name: COLUMN pg_replication_origin_status.remote_lsn; Type: ACL; Schema: pg_catalog; Owner: azuresu
--

GRANT SELECT(remote_lsn) ON TABLE pg_catalog.pg_replication_origin_status TO azure_pg_admin;


--
-- TOC entry 3897 (class 0 OID 0)
-- Dependencies: 138
-- Name: COLUMN pg_replication_origin_status.local_lsn; Type: ACL; Schema: pg_catalog; Owner: azuresu
--

GRANT SELECT(local_lsn) ON TABLE pg_catalog.pg_replication_origin_status TO azure_pg_admin;


--
-- TOC entry 3898 (class 0 OID 0)
-- Dependencies: 99
-- Name: COLUMN pg_shmem_allocations.name; Type: ACL; Schema: pg_catalog; Owner: azuresu
--

GRANT SELECT(name) ON TABLE pg_catalog.pg_shmem_allocations TO azure_pg_admin;


--
-- TOC entry 3899 (class 0 OID 0)
-- Dependencies: 99
-- Name: COLUMN pg_shmem_allocations.off; Type: ACL; Schema: pg_catalog; Owner: azuresu
--

GRANT SELECT(off) ON TABLE pg_catalog.pg_shmem_allocations TO azure_pg_admin;


--
-- TOC entry 3900 (class 0 OID 0)
-- Dependencies: 99
-- Name: COLUMN pg_shmem_allocations.size; Type: ACL; Schema: pg_catalog; Owner: azuresu
--

GRANT SELECT(size) ON TABLE pg_catalog.pg_shmem_allocations TO azure_pg_admin;


--
-- TOC entry 3901 (class 0 OID 0)
-- Dependencies: 99
-- Name: COLUMN pg_shmem_allocations.allocated_size; Type: ACL; Schema: pg_catalog; Owner: azuresu
--

GRANT SELECT(allocated_size) ON TABLE pg_catalog.pg_shmem_allocations TO azure_pg_admin;


--
-- TOC entry 3902 (class 0 OID 0)
-- Dependencies: 43
-- Name: COLUMN pg_statistic.starelid; Type: ACL; Schema: pg_catalog; Owner: azuresu
--

GRANT SELECT(starelid) ON TABLE pg_catalog.pg_statistic TO azure_pg_admin;


--
-- TOC entry 3903 (class 0 OID 0)
-- Dependencies: 43
-- Name: COLUMN pg_statistic.staattnum; Type: ACL; Schema: pg_catalog; Owner: azuresu
--

GRANT SELECT(staattnum) ON TABLE pg_catalog.pg_statistic TO azure_pg_admin;


--
-- TOC entry 3904 (class 0 OID 0)
-- Dependencies: 43
-- Name: COLUMN pg_statistic.stainherit; Type: ACL; Schema: pg_catalog; Owner: azuresu
--

GRANT SELECT(stainherit) ON TABLE pg_catalog.pg_statistic TO azure_pg_admin;


--
-- TOC entry 3905 (class 0 OID 0)
-- Dependencies: 43
-- Name: COLUMN pg_statistic.stanullfrac; Type: ACL; Schema: pg_catalog; Owner: azuresu
--

GRANT SELECT(stanullfrac) ON TABLE pg_catalog.pg_statistic TO azure_pg_admin;


--
-- TOC entry 3906 (class 0 OID 0)
-- Dependencies: 43
-- Name: COLUMN pg_statistic.stawidth; Type: ACL; Schema: pg_catalog; Owner: azuresu
--

GRANT SELECT(stawidth) ON TABLE pg_catalog.pg_statistic TO azure_pg_admin;


--
-- TOC entry 3907 (class 0 OID 0)
-- Dependencies: 43
-- Name: COLUMN pg_statistic.stadistinct; Type: ACL; Schema: pg_catalog; Owner: azuresu
--

GRANT SELECT(stadistinct) ON TABLE pg_catalog.pg_statistic TO azure_pg_admin;


--
-- TOC entry 3908 (class 0 OID 0)
-- Dependencies: 43
-- Name: COLUMN pg_statistic.stakind1; Type: ACL; Schema: pg_catalog; Owner: azuresu
--

GRANT SELECT(stakind1) ON TABLE pg_catalog.pg_statistic TO azure_pg_admin;


--
-- TOC entry 3909 (class 0 OID 0)
-- Dependencies: 43
-- Name: COLUMN pg_statistic.stakind2; Type: ACL; Schema: pg_catalog; Owner: azuresu
--

GRANT SELECT(stakind2) ON TABLE pg_catalog.pg_statistic TO azure_pg_admin;


--
-- TOC entry 3910 (class 0 OID 0)
-- Dependencies: 43
-- Name: COLUMN pg_statistic.stakind3; Type: ACL; Schema: pg_catalog; Owner: azuresu
--

GRANT SELECT(stakind3) ON TABLE pg_catalog.pg_statistic TO azure_pg_admin;


--
-- TOC entry 3911 (class 0 OID 0)
-- Dependencies: 43
-- Name: COLUMN pg_statistic.stakind4; Type: ACL; Schema: pg_catalog; Owner: azuresu
--

GRANT SELECT(stakind4) ON TABLE pg_catalog.pg_statistic TO azure_pg_admin;


--
-- TOC entry 3912 (class 0 OID 0)
-- Dependencies: 43
-- Name: COLUMN pg_statistic.stakind5; Type: ACL; Schema: pg_catalog; Owner: azuresu
--

GRANT SELECT(stakind5) ON TABLE pg_catalog.pg_statistic TO azure_pg_admin;


--
-- TOC entry 3913 (class 0 OID 0)
-- Dependencies: 43
-- Name: COLUMN pg_statistic.staop1; Type: ACL; Schema: pg_catalog; Owner: azuresu
--

GRANT SELECT(staop1) ON TABLE pg_catalog.pg_statistic TO azure_pg_admin;


--
-- TOC entry 3914 (class 0 OID 0)
-- Dependencies: 43
-- Name: COLUMN pg_statistic.staop2; Type: ACL; Schema: pg_catalog; Owner: azuresu
--

GRANT SELECT(staop2) ON TABLE pg_catalog.pg_statistic TO azure_pg_admin;


--
-- TOC entry 3915 (class 0 OID 0)
-- Dependencies: 43
-- Name: COLUMN pg_statistic.staop3; Type: ACL; Schema: pg_catalog; Owner: azuresu
--

GRANT SELECT(staop3) ON TABLE pg_catalog.pg_statistic TO azure_pg_admin;


--
-- TOC entry 3916 (class 0 OID 0)
-- Dependencies: 43
-- Name: COLUMN pg_statistic.staop4; Type: ACL; Schema: pg_catalog; Owner: azuresu
--

GRANT SELECT(staop4) ON TABLE pg_catalog.pg_statistic TO azure_pg_admin;


--
-- TOC entry 3917 (class 0 OID 0)
-- Dependencies: 43
-- Name: COLUMN pg_statistic.staop5; Type: ACL; Schema: pg_catalog; Owner: azuresu
--

GRANT SELECT(staop5) ON TABLE pg_catalog.pg_statistic TO azure_pg_admin;


--
-- TOC entry 3918 (class 0 OID 0)
-- Dependencies: 43
-- Name: COLUMN pg_statistic.stacoll1; Type: ACL; Schema: pg_catalog; Owner: azuresu
--

GRANT SELECT(stacoll1) ON TABLE pg_catalog.pg_statistic TO azure_pg_admin;


--
-- TOC entry 3919 (class 0 OID 0)
-- Dependencies: 43
-- Name: COLUMN pg_statistic.stacoll2; Type: ACL; Schema: pg_catalog; Owner: azuresu
--

GRANT SELECT(stacoll2) ON TABLE pg_catalog.pg_statistic TO azure_pg_admin;


--
-- TOC entry 3920 (class 0 OID 0)
-- Dependencies: 43
-- Name: COLUMN pg_statistic.stacoll3; Type: ACL; Schema: pg_catalog; Owner: azuresu
--

GRANT SELECT(stacoll3) ON TABLE pg_catalog.pg_statistic TO azure_pg_admin;


--
-- TOC entry 3921 (class 0 OID 0)
-- Dependencies: 43
-- Name: COLUMN pg_statistic.stacoll4; Type: ACL; Schema: pg_catalog; Owner: azuresu
--

GRANT SELECT(stacoll4) ON TABLE pg_catalog.pg_statistic TO azure_pg_admin;


--
-- TOC entry 3922 (class 0 OID 0)
-- Dependencies: 43
-- Name: COLUMN pg_statistic.stacoll5; Type: ACL; Schema: pg_catalog; Owner: azuresu
--

GRANT SELECT(stacoll5) ON TABLE pg_catalog.pg_statistic TO azure_pg_admin;


--
-- TOC entry 3923 (class 0 OID 0)
-- Dependencies: 43
-- Name: COLUMN pg_statistic.stanumbers1; Type: ACL; Schema: pg_catalog; Owner: azuresu
--

GRANT SELECT(stanumbers1) ON TABLE pg_catalog.pg_statistic TO azure_pg_admin;


--
-- TOC entry 3924 (class 0 OID 0)
-- Dependencies: 43
-- Name: COLUMN pg_statistic.stanumbers2; Type: ACL; Schema: pg_catalog; Owner: azuresu
--

GRANT SELECT(stanumbers2) ON TABLE pg_catalog.pg_statistic TO azure_pg_admin;


--
-- TOC entry 3925 (class 0 OID 0)
-- Dependencies: 43
-- Name: COLUMN pg_statistic.stanumbers3; Type: ACL; Schema: pg_catalog; Owner: azuresu
--

GRANT SELECT(stanumbers3) ON TABLE pg_catalog.pg_statistic TO azure_pg_admin;


--
-- TOC entry 3926 (class 0 OID 0)
-- Dependencies: 43
-- Name: COLUMN pg_statistic.stanumbers4; Type: ACL; Schema: pg_catalog; Owner: azuresu
--

GRANT SELECT(stanumbers4) ON TABLE pg_catalog.pg_statistic TO azure_pg_admin;


--
-- TOC entry 3927 (class 0 OID 0)
-- Dependencies: 43
-- Name: COLUMN pg_statistic.stanumbers5; Type: ACL; Schema: pg_catalog; Owner: azuresu
--

GRANT SELECT(stanumbers5) ON TABLE pg_catalog.pg_statistic TO azure_pg_admin;


--
-- TOC entry 3928 (class 0 OID 0)
-- Dependencies: 43
-- Name: COLUMN pg_statistic.stavalues1; Type: ACL; Schema: pg_catalog; Owner: azuresu
--

GRANT SELECT(stavalues1) ON TABLE pg_catalog.pg_statistic TO azure_pg_admin;


--
-- TOC entry 3929 (class 0 OID 0)
-- Dependencies: 43
-- Name: COLUMN pg_statistic.stavalues2; Type: ACL; Schema: pg_catalog; Owner: azuresu
--

GRANT SELECT(stavalues2) ON TABLE pg_catalog.pg_statistic TO azure_pg_admin;


--
-- TOC entry 3930 (class 0 OID 0)
-- Dependencies: 43
-- Name: COLUMN pg_statistic.stavalues3; Type: ACL; Schema: pg_catalog; Owner: azuresu
--

GRANT SELECT(stavalues3) ON TABLE pg_catalog.pg_statistic TO azure_pg_admin;


--
-- TOC entry 3931 (class 0 OID 0)
-- Dependencies: 43
-- Name: COLUMN pg_statistic.stavalues4; Type: ACL; Schema: pg_catalog; Owner: azuresu
--

GRANT SELECT(stavalues4) ON TABLE pg_catalog.pg_statistic TO azure_pg_admin;


--
-- TOC entry 3932 (class 0 OID 0)
-- Dependencies: 43
-- Name: COLUMN pg_statistic.stavalues5; Type: ACL; Schema: pg_catalog; Owner: azuresu
--

GRANT SELECT(stavalues5) ON TABLE pg_catalog.pg_statistic TO azure_pg_admin;


--
-- TOC entry 3933 (class 0 OID 0)
-- Dependencies: 68
-- Name: COLUMN pg_subscription.oid; Type: ACL; Schema: pg_catalog; Owner: azuresu
--

GRANT SELECT(oid) ON TABLE pg_catalog.pg_subscription TO azure_pg_admin;


--
-- TOC entry 3934 (class 0 OID 0)
-- Dependencies: 68
-- Name: COLUMN pg_subscription.subdbid; Type: ACL; Schema: pg_catalog; Owner: azuresu
--

GRANT SELECT(subdbid) ON TABLE pg_catalog.pg_subscription TO azure_pg_admin;


--
-- TOC entry 3935 (class 0 OID 0)
-- Dependencies: 68
-- Name: COLUMN pg_subscription.subname; Type: ACL; Schema: pg_catalog; Owner: azuresu
--

GRANT SELECT(subname) ON TABLE pg_catalog.pg_subscription TO azure_pg_admin;


--
-- TOC entry 3936 (class 0 OID 0)
-- Dependencies: 68
-- Name: COLUMN pg_subscription.subowner; Type: ACL; Schema: pg_catalog; Owner: azuresu
--

GRANT SELECT(subowner) ON TABLE pg_catalog.pg_subscription TO azure_pg_admin;


--
-- TOC entry 3937 (class 0 OID 0)
-- Dependencies: 68
-- Name: COLUMN pg_subscription.subenabled; Type: ACL; Schema: pg_catalog; Owner: azuresu
--

GRANT SELECT(subenabled) ON TABLE pg_catalog.pg_subscription TO azure_pg_admin;


--
-- TOC entry 3938 (class 0 OID 0)
-- Dependencies: 68
-- Name: COLUMN pg_subscription.subconninfo; Type: ACL; Schema: pg_catalog; Owner: azuresu
--

GRANT SELECT(subconninfo) ON TABLE pg_catalog.pg_subscription TO azure_pg_admin;


--
-- TOC entry 3939 (class 0 OID 0)
-- Dependencies: 68
-- Name: COLUMN pg_subscription.subslotname; Type: ACL; Schema: pg_catalog; Owner: azuresu
--

GRANT SELECT(subslotname) ON TABLE pg_catalog.pg_subscription TO azure_pg_admin;


--
-- TOC entry 3940 (class 0 OID 0)
-- Dependencies: 68
-- Name: COLUMN pg_subscription.subsynccommit; Type: ACL; Schema: pg_catalog; Owner: azuresu
--

GRANT SELECT(subsynccommit) ON TABLE pg_catalog.pg_subscription TO azure_pg_admin;


--
-- TOC entry 3941 (class 0 OID 0)
-- Dependencies: 68
-- Name: COLUMN pg_subscription.subpublications; Type: ACL; Schema: pg_catalog; Owner: azuresu
--

GRANT SELECT(subpublications) ON TABLE pg_catalog.pg_subscription TO azure_pg_admin;


-- Completed on 2023-04-19 08:59:02 CEST

--
-- PostgreSQL database dump complete
--

